Number_of_days,Deployment,DateTime_GMT-07:00,MAX_surface_PAR,Integrated_surface_PAR,Max_underwater_PAR,Integrated_underwater_PAR,PAR_transmission_to_17.1m_depth,Kd-PAR
1,one,2021-05-19 00:00,1800,22.456,425,5.304,25.4,0.08
2,one,2021-05-20 00:00,2164,36.599,490,8.668,23.5,0.085
3,one,2021-05-21 00:00,1834,39.581,408,8.507,22.9,0.086
4,one,2021-05-22 00:00,1991,39.161,340,6.155,17.1,0.103
5,one,2021-05-23 00:00,1612,37.852,323,6.585,20,0.094
6,one,2021-05-24 00:00,1686,30.998,324,5.659,19.2,0.096
7,one,2021-05-25 00:00,1879,26,348,7.425,20.1,0.094
8,one,2021-05-26 00:00,1842,29.758,313,4.56,17.2,0.103
9,one,2021-05-27 00:00,1570,38.188,372,7.267,22.4,0.087
10,one,2021-05-28 00:00,1600,38.329,357,7.052,21.9,0.089
11,one,2021-05-29 00:00,1675,37.965,295,5.471,17,0.103
12,one,2021-05-30 00:00,1620,34.818,356,6.196,20.6,0.093
13,one,2021-05-31 00:00,1666,35.426,412,7.804,24.9,0.081
14,one,2021-06-01 00:00,1957,34.851,456,8.631,23.5,0.085
15,one,2021-06-02 00:00,1681,29.166,517,6.987,27.1,0.076
16,one,2021-06-03 00:00,2129,28.237,462,6.564,24.6,0.082
17,one,2021-06-04 00:00,2057,29.574,480,7.408,26.1,0.078
18,one,2021-06-05 00:00,1994,30.708,431,7.431,24.8,0.082
19,one,2021-06-06 00:00,1934,35.684,405,6.918,22.3,0.088
20,one,2021-06-07 00:00,1797,36.266,455,8.025,25.6,0.08
21,one,2021-06-08 00:00,1715,30.743,496,8.598,28.9,0.073
22,one,2021-06-09 00:00,1940,34.994,368,6.171,19.5,0.095
23,one,2021-06-10 00:00,1806,34.613,331,5.883,18.1,0.1
24,one,2021-06-11 00:00,992,9.353,174,1.86,20.3,0.093
25,one,2021-06-12 00:00,1755,24.893,348,4.485,19.6,0.095
26,one,2021-06-13 00:00,2421,23.71,533,6.174,30.1,0.07
27,one,2021-06-14 00:00,1864,32.068,451,8.19,24.4,0.083
28,one,2021-06-15 00:00,920,16.542,310,4.007,26.6,0.078
29,one,2021-06-16 00:00,1721,20.887,393,4.672,23.2,0.085
30,one,2021-06-17 00:00,1629,36.518,379,7.155,22.9,0.086
31,one,2021-06-18 00:00,1770,35.535,378,6.965,22,0.088
32,one,2021-06-19 00:00,1429,18.836,369,4.928,27.4,0.076
33,one,2021-06-20 00:00,1820,15.726,394,3.312,21.6,0.09
34,one,2021-06-21 00:00,1761,36.352,369,7.228,21.4,0.09
35,one,2021-06-22 00:00,1712,39.26,337,7.046,20.3,0.093
36,one,2021-06-23 00:00,1827,29.28,383,7.183,21.9,0.089
37,one,2021-06-24 00:00,1864,26.299,302,5.281,18.3,0.099
38,one,2021-06-25 00:00,1895,35.739,415,7.845,23.6,0.084
39,one,2021-06-26 00:00,1697,31.555,370,6.522,22.5,0.087
40,one,2021-06-27 00:00,1881,35.156,441,7.099,23.3,0.085
41,one,2021-06-28 00:00,1880,38.6,419,8.28,23.2,0.086
42,one,2021-06-29 00:00,1691,31.217,429,6.696,23.7,0.084
43,one,2021-06-30 00:00,1376,24.317,389,5.127,23.5,0.085
44,one,2021-07-01 00:00,1727,35.195,439,7.241,24.7,0.082
45,one,2021-07-02 00:00,1691,36.751,398,7.56,24,0.084
46,one,2021-07-03 00:00,1794,38.658,402,7.41,22.7,0.087
47,one,2021-07-04 00:00,2085,22.519,464,5.067,21.7,0.089
48,one,2021-07-05 00:00,1744,37.428,449,8.6,25.1,0.081
49,one,2021-07-06 00:00,1974,32.377,408,7.459,22.2,0.088
50,one,2021-07-07 00:00,2130,35.436,432,6.124,19.5,0.096
51,one,2021-07-08 00:00,1782,32.679,487,6.805,23.2,0.085
52,one,2021-07-09 00:00,1860,38.732,392,6.198,20.1,0.094
53,one,2021-07-10 00:00,1817,27.832,376,5.643,21.4,0.09
54,one,2021-07-11 00:00,1929,16.559,398,4.386,27.7,0.075
55,one,2021-07-12 00:00,1904,30.263,365,5.98,20.4,0.093
56,one,2021-07-13 00:00,2014,27.79,420,4.464,17.8,0.101
57,one,2021-07-14 00:00,1785,34.013,497,6.69,25.2,0.081
58,one,2021-07-15 00:00,2010,28.902,399,5.345,20.4,0.093
59,one,2021-07-16 00:00,1692,38.412,383,7.21,22.2,0.088
60,one,2021-07-17 00:00,2031,20.933,437,3.383,17,0.104
61,one,2021-07-18 00:00,572,10.145,106,2.028,19.3,0.096
62,one,2021-07-19 00:00,2066,25.861,416,5.213,19.1,0.097
63,one,2021-07-20 00:00,1795,40.237,387,7.629,21.3,0.091
64,one,2021-07-21 00:00,2159,30.839,491,6.495,23,0.086
65,one,2021-07-22 00:00,2015,29.681,460,6.552,23.3,0.085
66,one,2021-07-23 00:00,1644,42.255,419,8.482,24.7,0.082
67,one,2021-07-24 00:00,1682,28.815,351,4.775,18.9,0.098
68,one,2021-07-25 00:00,1825,40.035,395,7.056,22,0.089
69,one,2021-07-26 00:00,1839,35.377,409,7.619,23.3,0.085
70,one,2021-07-27 00:00,1311,21.197,200,3.633,16.9,0.104
71,one,2021-07-28 00:00,2237,31.374,495,6.285,23.2,0.085
72,one,2021-07-29 00:00,2301,30.128,491,7.427,22.5,0.087
73,one,2021-07-30 00:00,1805,41.91,441,8.58,24.3,0.083
74,one,2021-07-31 00:00,2152,36.866,541,9.184,26.3,0.078
75,one,2021-08-01 00:00,1674,41.318,444,9.008,25.7,0.079
76,one,2021-08-02 00:00,1924,37.376,525,8.51,26,0.079
77,one,2021-08-03 00:00,2186,41.468,503,8.103,23.2,0.085
78,one,2021-08-04 00:00,2030,25.091,494,6.058,25.3,0.08
79,one,2021-08-05 00:00,1991,32.993,396,6.577,20.5,0.093
80,one,2021-08-06 00:00,1864,41.537,404,7.851,22.3,0.088
81,one,2021-08-07 00:00,1690,42.593,407,7.484,22.9,0.086
82,one,2021-08-08 00:00,2356,39.653,369,6.768,18.4,0.099
83,one,2021-08-09 00:00,2162,36.806,358,6.057,16.6,0.105
84,one,2021-08-10 00:00,1499,23.977,312,4.589,22.7,0.087
85,one,2021-08-11 00:00,2402,40.002,465,7.315,20.1,0.094
86,one,2021-08-12 00:00,2016,38.029,414,7.245,21.2,0.091
87,one,2021-08-13 00:00,1879,30.146,392,6,20.7,0.092
88,one,2021-08-14 00:00,1829,33.743,458,5.838,22.2,0.088
89,one,2021-08-15 00:00,1772,44.157,357,6.801,19.8,0.095
90,one,2021-08-16 00:00,2332,31.969,432,5.876,20.5,0.093
91,one,2021-08-17 00:00,1897,35.921,359,5.941,18.1,0.1
92,one,2021-08-18 00:00,1797,41.786,401,7.738,22.2,0.088
93,one,2021-08-19 00:00,2267,35.351,531,7.5,22.9,0.086
94,one,2021-08-20 00:00,2125,42.961,495,8.969,23.9,0.084
95,one,2021-08-21 00:00,2161,34.667,398,6.117,20.9,0.092
96,one,2021-08-22 00:00,2330,16.947,429,3.703,24.5,0.082
97,gap,2021-08-23 00:00,2179,40.706,NA,NA,NA,NA
98,two,2021-08-24 00:00,2299,26.137,588,7.267,30.8,0.069
99,two,2021-08-25 00:00,2112,47.091,502,9.651,23.7,0.084
100,two,2021-08-26 00:00,2062,35.248,523,8.148,26.2,0.078
101,two,2021-08-27 00:00,1269,19.781,385,5.018,29.7,0.071
102,two,2021-08-28 00:00,NA,NA,441,6.164,NA,NA
103,two,2021-08-29 00:00,2019,45.524,495,10.119,25.1,0.081
104,two,2021-08-30 00:00,2136,48.323,533,10.773,26.8,0.077
105,two,2021-08-31 00:00,2236,44.192,565,10.602,25.4,0.08
106,two,2021-09-01 00:00,2374,49.61,615,12.139,26.9,0.077
107,two,2021-09-02 00:00,2214,49.933,617,11.838,28.1,0.074
108,two,2021-09-03 00:00,2381,46.256,585,10.564,26.8,0.077
109,two,2021-09-04 00:00,2206,50.627,561,11.776,26.3,0.078
110,two,2021-09-05 00:00,2016,51.254,536,10.589,24.4,0.082
111,two,2021-09-06 00:00,2429,35.282,501,10.162,27.5,0.076
112,two,2021-09-07 00:00,2254,47.013,535,10.558,24.9,0.081
113,two,2021-09-08 00:00,2549,45.74,632,10.068,26,0.079
114,two,2021-09-09 00:00,2181,52.928,627,10.33,26.7,0.077
115,two,2021-09-10 00:00,2156,43.546,540,10.236,25.1,0.081
116,two,2021-09-11 00:00,2409,41.313,511,8.627,22,0.089
117,two,2021-09-12 00:00,2519,38.958,547,10.467,23.9,0.084
118,two,2021-09-13 00:00,2534,45.557,565,8.127,21,0.091
119,two,2021-09-14 00:00,2399,50.776,612,10.589,25,0.081
120,two,2021-09-15 00:00,2249,43.77,427,8.91,19.5,0.096
121,two,2021-09-16 00:00,2309,45.932,556,7.092,20.8,0.092
122,two,2021-09-17 00:00,2554,39.949,617,9.315,22,0.089
123,two,2021-09-18 00:00,2349,40.511,610,9.615,24.6,0.082
124,two,2021-09-19 00:00,2344,48.437,514,9.169,21.5,0.09
125,two,2021-09-20 00:00,2209,35.875,589,7.659,22.8,0.086
126,two,2021-09-21 00:00,2106,54.62,572,11.613,26,0.079
127,two,2021-09-22 00:00,2374,31.364,508,7.565,24.8,0.082
128,two,2021-09-23 00:00,2446,43.507,605,9.199,25,0.081
129,two,2021-09-24 00:00,2026,51.166,461,9.059,21.6,0.09
130,two,2021-09-25 00:00,2554,31.471,554,5.251,15.8,0.108
131,two,2021-09-26 00:00,2489,53.113,628,12.347,27,0.076
132,two,2021-09-27 00:00,2394,49.467,513,8.884,21.1,0.091
133,two,2021-09-28 00:00,2554,53.421,690,10.883,23.3,0.085
134,two,2021-09-29 00:00,2554,51.255,631,11.912,26.8,0.077
135,two,2021-09-30 00:00,2369,50.466,596,11.76,25.7,0.079
136,two,2021-10-01 00:00,2364,52.737,604,10.912,25,0.081
137,two,2021-10-02 00:00,2171,56.29,587,11.552,26.3,0.078
138,two,2021-10-03 00:00,2554,32.453,617,8.235,27.8,0.075
139,two,2021-10-04 00:00,2526,55.56,617,9.935,25.5,0.08
140,two,2021-10-05 00:00,2391,51.37,539,10.91,23.1,0.086
141,two,2021-10-06 00:00,2284,54.541,470,9.875,21.4,0.09
142,two,2021-10-07 00:00,2149,58.184,570,11.24,26,0.079
143,two,2021-10-08 00:00,2266,56.552,596,11.903,25.9,0.079
144,two,2021-10-09 00:00,2124,56.677,572,11.642,26.4,0.078
145,two,2021-10-10 00:00,2396,52.829,638,11.724,25.5,0.08
146,two,2021-10-11 00:00,2554,50.144,694,11.162,26.1,0.079
147,two,2021-10-12 00:00,2491,41.869,543,9.165,22.7,0.087
148,two,2021-10-13 00:00,2504,38.821,652,8.405,26.3,0.078
149,two,2021-10-14 00:00,2436,46.928,672,10.816,26.9,0.077
150,two,2021-10-15 00:00,2386,53.882,629,13.285,26.4,0.078
151,two,2021-10-16 00:00,2186,58.679,665,13.812,30,0.07
152,two,2021-10-17 00:00,2401,50.098,651,12.217,26,0.079
153,two,2021-10-18 00:00,2399,45.755,629,11.687,27.1,0.076
154,two,2021-10-19 00:00,2554,37.043,709,9.689,29.7,0.071
155,two,2021-10-20 00:00,2554,21.531,433,4.744,20.3,0.093
156,two,2021-10-21 00:00,2434,53.825,664,12.266,26.8,0.077
157,two,2021-10-22 00:00,1401,9.818,213,1.68,16,0.107
158,two,2021-10-23 00:00,2141,38.161,342,4.962,15.2,0.11
159,two,2021-10-24 00:00,1199,9.46,162,1.49,15.9,0.108
160,two,2021-10-25 00:00,2394,26.809,331,4.257,15.8,0.108
161,two,2021-10-26 00:00,2216,53.473,522,9.069,21.6,0.09
162,two,2021-10-27 00:00,2519,55.441,728,12.67,27.4,0.076
163,two,2021-10-28 00:00,1214,13.16,300,2.749,21.3,0.09
164,two,2021-10-29 00:00,2554,58.433,617,10.384,23,0.086
165,two,2021-10-30 00:00,2554,57.847,575,11.559,22.5,0.087
166,two,2021-10-31 00:00,2526,57.091,749,14.574,29.6,0.071
167,two,2021-11-01 00:00,2554,45.694,701,9.427,27.9,0.075
168,two,2021-11-02 00:00,2554,44.824,682,10.425,25.6,0.08
169,two,2021-11-03 00:00,2554,42.119,658,10.762,26.7,0.077
170,two,2021-11-04 00:00,2554,44.182,694,12.383,29.6,0.071
171,two,2021-11-05 00:00,2274,54.765,627,10.848,25.8,0.079
172,two,2021-11-06 00:00,2401,29.717,322,4.287,14.4,0.113
173,two,2021-11-07 00:00,2476,57.917,483,8.199,17.2,0.103
174,two,2021-11-08 00:00,2554,54.524,773,12.296,25.9,0.079
175,two,2021-11-09 00:00,2554,56.557,631,11.474,23.9,0.084
176,two,2021-11-10 00:00,2554,37.694,800,11.613,28.2,0.074
177,two,2021-11-11 00:00,2371,60.239,626,13.47,26.4,0.078
178,two,2021-11-12 00:00,2554,51.4,721,13.532,28.3,0.074
179,two,2021-11-13 00:00,2379,28.132,619,7.858,30.9,0.069
180,two,2021-11-14 00:00,2554,43.48,630,8.572,22.1,0.088
181,two,2021-11-15 00:00,2431,34.753,450,7.907,24.4,0.082
182,two,2021-11-16 00:00,2519,44.258,651,10.899,25.9,0.079
183,two,2021-11-17 00:00,2554,46.712,765,8.907,20.7,0.092
184,two,2021-11-18 00:00,2444,46.097,501,8.035,19.2,0.097
185,two,2021-11-19 00:00,2554,51.063,547,9.521,20.8,0.092
186,two,2021-11-20 00:00,2554,39.913,578,8.49,22.7,0.087
187,two,2021-11-21 00:00,2214,61.911,573,11.881,25.1,0.081
188,two,2021-11-22 00:00,2554,45.049,572,8.693,22,0.088
189,two,2021-11-23 00:00,2446,55.479,668,12.345,26.4,0.078
190,two,2021-11-24 00:00,2319,56.246,615,12.372,24.7,0.082
191,two,2021-11-25 00:00,2436,50.741,622,12.449,26.4,0.078
192,two,2021-11-26 00:00,2336,47.318,641,13.908,28.3,0.074
193,two,2021-11-27 00:00,2504,59.597,637,12.967,26,0.079
194,two,2021-11-28 00:00,2554,40.942,723,10.204,25.2,0.081
195,two,2021-11-29 00:00,2554,37.477,468,5.83,17.5,0.102
196,two,2021-11-30 00:00,2164,40.049,437,7.704,20.5,0.093
197,two,2021-12-01 00:00,2554,42.99,591,8.624,22.5,0.087
198,two,2021-12-02 00:00,2554,45.199,552,9.671,21.6,0.09
199,two,2021-12-03 00:00,2266,58.411,605,12.075,25.5,0.08
200,two,2021-12-04 00:00,2554,53.06,624,11.353,23.8,0.084
201,two,2021-12-05 00:00,2336,59.224,532,11.318,22.3,0.088
202,two,2021-12-06 00:00,2554,43.522,665,8.766,24.6,0.082
203,two,2021-12-07 00:00,2404,41.49,586,10.436,25.3,0.08
204,two,2021-12-08 00:00,2554,57.109,662,12.627,26.3,0.078
205,two,2021-12-09 00:00,2426,62.03,463,10.42,18.9,0.098
206,two,2021-12-10 00:00,2306,62.993,524,10.29,21.4,0.09
207,two,2021-12-11 00:00,2341,57.561,498,9.456,20.2,0.093
208,two,2021-12-12 00:00,2501,61.978,491,10.599,20.6,0.092
209,two,2021-12-13 00:00,2554,50.027,648,10.865,24.2,0.083
210,two,2021-12-14 00:00,2554,30.718,677,7.649,25.9,0.079
211,two,2021-12-15 00:00,2481,49.084,492,9.84,19.2,0.096
212,two,2021-12-16 00:00,2554,38.716,650,5.579,18.3,0.099
213,two,2021-12-17 00:00,2554,56.452,539,8.53,20.8,0.092
214,two,2021-12-18 00:00,2554,55.688,537,7.426,19.5,0.096
215,two,2021-12-19 00:00,1944,30.262,595,5.782,23.5,0.085
216,two,2021-12-20 00:00,2554,48.649,436,6.448,15.2,0.11
217,two,2021-12-21 00:00,2524,49.174,470,6.777,18.1,0.1
218,two,2021-12-22 00:00,2554,49.216,389,6.951,15.5,0.109
219,two,2021-12-23 00:00,2504,60.226,491,10.818,20.2,0.094
220,two,2021-12-24 00:00,2554,52.333,674,11.673,26.2,0.078
221,two,2021-12-25 00:00,2351,50.166,494,10.095,21,0.091
222,two,2021-12-26 00:00,2526,47.239,706,10.987,25.7,0.079
223,two,2021-12-27 00:00,1119,20.691,147,2.889,14.3,0.114
224,two,2021-12-28 00:00,1431,15.721,366,2.728,17.9,0.101
225,two,2021-12-29 00:00,2096,35.414,346,5.515,15.8,0.108
226,two,2021-12-30 00:00,2381,57.212,565,11.596,22.8,0.086
227,two,2021-12-31 00:00,2554,47.902,564,10.656,20.7,0.092
228,two,2022-01-01 00:00,2129,37.824,394,6.846,19,0.097
229,two,2022-01-02 00:00,1786,28.432,400,5.833,22.3,0.088
230,two,2022-01-03 00:00,2554,38.539,548,7.608,20.7,0.092
231,two,2022-01-04 00:00,2554,52.835,580,9.253,21.3,0.09
232,two,2022-01-05 00:00,2554,34.925,631,9.913,30.3,0.07
233,two,2022-01-06 00:00,2554,44.964,605,9.859,23,0.086
234,two,2022-01-07 00:00,2524,60.091,572,12.296,21.8,0.089
235,two,2022-01-08 00:00,2554,39.943,476,6.742,19.1,0.097
236,two,2022-01-09 00:00,2521,32.732,146,2.833,7,0.155
237,two,2022-01-10 00:00,1984,24.424,187,2.347,10.3,0.133
238,two,2022-01-11 00:00,2381,34.327,304,4.265,12.1,0.124
239,two,2022-01-12 00:00,2444,24.494,301,3.543,14,0.115
240,two,2022-01-13 00:00,1116,12.982,133,1.543,12.8,0.12
241,two,2022-01-14 00:00,264,5.051,28,0.539,11.5,0.127
242,two,2022-01-15 00:00,2299,25.669,289,2.404,10.4,0.132
243,two,2022-01-16 00:00,2554,50.601,292,4.459,10.1,0.134
244,two,2022-01-17 00:00,1244,23.4,160,3.106,13.2,0.118
245,two,2022-01-18 00:00,1956,27.403,410,5.15,20.1,0.094
246,two,2022-01-19 00:00,1409,21.421,178,2.544,12.3,0.123
247,two,2022-01-20 00:00,2484,39.121,424,5.299,15.9,0.108
248,two,2022-01-21 00:00,1261,19.642,183,3.03,15.5,0.109
249,two,2022-01-22 00:00,1906,31.783,395,5.469,17.2,0.103
250,two,2022-01-23 00:00,2466,48.766,477,8.051,19.2,0.096
251,two,2022-01-24 00:00,2554,52.068,441,8.009,17.1,0.103
252,two,2022-01-25 00:00,2394,53.746,440,7.463,16.1,0.107
253,two,2022-01-26 00:00,2554,54.034,337,6.567,13,0.119
254,gap,2022-01-27 00:00,2554,51.196,NA,NA,NA,NA
255,three,2022-01-28 00:00,2554,54.283,611,12.178,24.6,0.082
256,three,2022-01-29 00:00,NA,NA,635,9.096,NA,NA
257,three,2022-01-30 00:00,2554,55.462,629,11.01,23.4,0.085
258,three,2022-01-31 00:00,2396,51.388,658,10.699,23.6,0.085
259,three,2022-02-01 00:00,2329,51.844,642,14.808,28.1,0.074
260,three,2022-02-02 00:00,2486,52.238,664,13.467,26.8,0.077
261,three,2022-02-03 00:00,2554,54.533,596,11.71,23.2,0.086
262,three,2022-02-04 00:00,2485,60.993,649,13.583,24.8,0.082
263,three,2022-02-05 00:00,2476,58.189,650,14.836,27.3,0.076
264,three,2022-02-06 00:00,2007,35.556,514,8.467,24.7,0.082
265,three,2022-02-07 00:00,2514,50.296,649,13.237,28.1,0.074
266,three,2022-02-08 00:00,2495,55.186,578,12.987,24.2,0.083
267,three,2022-02-09 00:00,2554,33.73,558,8.672,27,0.077
268,three,2022-02-10 00:00,2554,51.787,724,12.983,28.2,0.074
269,three,2022-02-11 00:00,2459,54.946,706,13.082,27.7,0.075
270,three,2022-02-12 00:00,2554,55.426,617,12.26,23.6,0.085
271,three,2022-02-13 00:00,2547,54.636,655,11.767,25.1,0.081
272,three,2022-02-14 00:00,2492,53.628,581,11.595,23.6,0.084
273,three,2022-02-15 00:00,2412,58.993,428,10.111,18,0.1
274,three,2022-02-16 00:00,2466,50.71,566,12.055,23.3,0.085
275,three,2022-02-17 00:00,2546,51.865,598,11.872,23.5,0.085
276,three,2022-02-18 00:00,2490,47.063,597,10.128,24.6,0.082
277,three,2022-02-19 00:00,2554,47.273,631,10.625,23.7,0.084
278,three,2022-02-20 00:00,2554,46.756,641,11.225,23.8,0.084
279,three,2022-02-21 00:00,2462,55.914,534,10.397,21.5,0.09
280,three,2022-02-22 00:00,2347,44.085,584,12.722,25.6,0.08
281,three,2022-02-23 00:00,2547,53.933,720,12.149,26.2,0.078
282,three,2022-02-24 00:00,2532,50.548,726,13.796,29.3,0.072
283,three,2022-02-25 00:00,2402,59.816,621,13.196,25.3,0.08
284,three,2022-02-26 00:00,2554,54.897,602,13.357,24.9,0.081
285,three,2022-02-27 00:00,2374,61.161,671,13.068,26.8,0.077
286,three,2022-02-28 00:00,2365,56.726,552,10.45,23,0.086
287,three,2022-03-01 00:00,2266,56.212,607,12.116,25.9,0.079
288,three,2022-03-02 00:00,2554,59.066,723,13.893,27.3,0.076
289,three,2022-03-03 00:00,2451,55.024,658,13.956,26.9,0.077
290,three,2022-03-04 00:00,2336,58.048,646,13.875,27.5,0.076
291,three,2022-03-05 00:00,2305,56.905,612,14.091,27.1,0.076
292,three,2022-03-06 00:00,2439,56.088,699,14.192,27.8,0.075
293,three,2022-03-07 00:00,2235,58.104,658,13.949,28.4,0.074
294,three,2022-03-08 00:00,2412,59.503,690,13.79,28,0.074
295,three,2022-03-09 00:00,2359,57.07,598,13.351,26,0.079
296,three,2022-03-10 00:00,2542,58.025,626,12.782,25.3,0.08
297,three,2022-03-11 00:00,2320,55.75,663,14.829,29,0.072
298,three,2022-03-12 00:00,2344,56.809,648,12.889,27.2,0.076
299,three,2022-03-13 00:00,2350,54.035,635,13.293,26.6,0.078
300,three,2022-03-14 00:00,2495,50.969,736,13.192,28,0.074
301,three,2022-03-15 00:00,2250,47.904,633,12.578,27,0.077
302,three,2022-03-16 00:00,2554,53.014,643,13.9,26,0.079
303,three,2022-03-17 00:00,1550,27.322,515,7.859,32.5,0.066
304,three,2022-03-18 00:00,2300,56.833,661,14.534,28.7,0.073
305,three,2022-03-19 00:00,2225,54.245,505,11.417,22.9,0.086
306,three,2022-03-20 00:00,2395,56.672,609,12.688,26.2,0.078
307,three,2022-03-21 00:00,2082,32.615,511,7.149,24,0.083
308,three,2022-03-22 00:00,2530,36.834,706,9.668,28.3,0.074
309,three,2022-03-23 00:00,2209,44.982,568,10.541,25.3,0.08
310,three,2022-03-24 00:00,2414,52.67,535,9.827,23,0.086
311,three,2022-03-25 00:00,2279,53.754,592,12.102,26.6,0.077
312,three,2022-03-26 00:00,2214,52.643,500,10.391,21.2,0.091
313,three,2022-03-27 00:00,2311,51.591,491,9.525,20.7,0.092
314,three,2022-03-28 00:00,2214,53.948,514,11.06,22.3,0.088
315,three,2022-03-29 00:00,2187,53.591,522,11.898,24.1,0.083
316,three,2022-03-30 00:00,2405,40.124,491,9.754,22,0.088
317,three,2022-03-31 00:00,2382,48.632,507,10.15,22,0.089
318,three,2022-04-01 00:00,2554,43.649,630,9.731,25.1,0.081
319,three,2022-04-02 00:00,2490,50.887,614,9.33,23,0.086
320,three,2022-04-03 00:00,2554,44.317,692,10.243,24.5,0.082
321,three,2022-04-04 00:00,2142,45.637,653,11.622,27.6,0.075
322,three,2022-04-05 00:00,2380,44.051,608,13.105,26.8,0.077
323,three,2022-04-06 00:00,2222,49.67,489,9.715,21.5,0.09
324,three,2022-04-07 00:00,2220,51.04,509,10.193,23.8,0.084
325,three,2022-04-08 00:00,2449,50.276,578,10.58,24.5,0.082
326,three,2022-04-09 00:00,2337,44.571,633,10.106,26.2,0.078
327,three,2022-04-10 00:00,2115,37.349,585,8.629,23,0.086
328,three,2022-04-11 00:00,2005,49.718,572,12.423,28,0.075
329,three,2022-04-12 00:00,2050,50.795,583,12.125,28,0.074
330,three,2022-04-13 00:00,1745,21.151,572,5.085,23.9,0.084
331,three,2022-04-14 00:00,2181,48.683,588,11.372,25.4,0.08
332,three,2022-04-15 00:00,2187,49.6,420,10.12,20,0.094
333,three,2022-04-16 00:00,2401,41.949,561,11.515,24.9,0.081
334,three,2022-04-17 00:00,2437,43.073,366,6.504,15.7,0.108
335,three,2022-04-18 00:00,1879,47.717,565,12.303,29.4,0.072
336,three,2022-04-19 00:00,1879,46.876,496,10.313,25.7,0.079
337,three,2022-04-20 00:00,2197,39.608,493,9.954,24.9,0.081
338,three,2022-04-21 00:00,1502,15.791,564,5.165,36.3,0.059
339,three,2022-04-22 00:00,2487,38.774,582,9.071,22.9,0.086
340,three,2022-04-23 00:00,2379,30.638,617,7.802,25.6,0.08
341,three,2022-04-24 00:00,1825,44.044,515,10.532,26.8,0.077
342,three,2022-04-25 00:00,2045,46.16,504,10.426,24.1,0.083
343,three,2022-04-26 00:00,1886,45.002,506,10.752,25.1,0.081
344,gap,2022-04-27 00:00,2125,37.46,NA,NA,NA,NA
345,gap,2022-04-28 00:00,NA,NA,NA,NA,NA,NA
346,four,2022-04-29 00:00,2122,46.116,467,8.171,22.1,0.088
347,four,2022-04-30 00:00,2164,42.782,447,7.915,22.2,0.088
348,four,2022-05-01 00:00,2117,45.156,510,7.865,22.6,0.087
349,four,2022-05-02 00:00,2027,41.49,312,5.209,16,0.107
350,four,2022-05-03 00:00,2221,32.417,388,4.821,17.5,0.102
351,four,2022-05-04 00:00,2355,36.383,422,7.28,20.5,0.093
352,four,2022-05-05 00:00,2210,32.402,342,4.56,15,0.111
353,four,2022-05-06 00:00,2104,37.453,392,6.461,20,0.094
354,four,2022-05-07 00:00,1431,23.896,284,4.621,19.3,0.096
355,four,2022-05-08 00:00,2375,44.063,404,5.421,16.3,0.106
356,four,2022-05-09 00:00,2050,41.869,465,6.778,20.4,0.093
357,four,2022-05-10 00:00,1962,37.894,431,6.671,22.4,0.087
358,four,2022-05-11 00:00,2137,32.242,353,4.798,15.6,0.109
359,four,2022-05-12 00:00,1865,39.902,409,7.371,21.7,0.089
360,four,2022-05-13 00:00,1774,41.353,422,6.975,22.1,0.088
361,four,2022-05-14 00:00,1945,41.329,360,6.136,18.8,0.098
362,four,2022-05-15 00:00,2032,37.658,363,6.207,18.2,0.1
363,four,2022-05-16 00:00,2115,29.093,366,4.818,17.3,0.103
364,four,2022-05-17 00:00,1966,37.115,422,5.874,19.3,0.096
365,four,2022-05-18 00:00,2019,30.921,444,5.685,21.8,0.089
366,four,2022-05-19 00:00,1720,37.718,399,7.064,22.8,0.086
367,four,2022-05-20 00:00,2077,33.472,353,5.415,18.7,0.098
368,four,2022-05-21 00:00,1901,42.947,311,4.981,16.2,0.107
369,four,2022-05-22 00:00,1754,41.2,315,5.623,17.8,0.101
370,four,2022-05-23 00:00,1905,40.505,334,6.335,18.7,0.098
371,four,2022-05-24 00:00,1740,41.522,315,5.878,18.4,0.099
372,four,2022-05-25 00:00,1822,37.98,269,4.73,15.5,0.109
373,four,2022-05-26 00:00,1871,38.634,367,6.134,19.5,0.095
374,four,2022-05-27 00:00,1891,42.009,369,6.71,19.9,0.094
375,four,2022-05-28 00:00,1647,39.429,315,5.85,19,0.097
376,four,2022-05-29 00:00,1696,38.526,353,6.291,20.2,0.094
377,four,2022-05-30 00:00,1675,40.087,290,5.488,17.2,0.103
378,four,2022-05-31 00:00,1594,19.385,179,2.392,13.4,0.118
379,four,2022-06-01 00:00,2087,24.93,403,4.545,23.1,0.086
380,four,2022-06-02 00:00,541,6.283,99,0.977,14.9,0.112
381,four,2022-06-03 00:00,2146,27.35,407,4.955,18.8,0.098
382,four,2022-06-04 00:00,2027,35.528,371,5.741,18.9,0.098
383,four,2022-06-05 00:00,1966,34.611,381,5.767,19.5,0.096
384,four,2022-06-06 00:00,1610,39.317,333,5.96,20,0.094
385,four,2022-06-07 00:00,1761,38.081,336,5.636,19.6,0.095
386,four,2022-06-08 00:00,1695,37.523,362,6.506,21.2,0.091
387,four,2022-06-09 00:00,1440,16.584,112,2.148,11.1,0.128
388,four,2022-06-10 00:00,1939,30.309,414,5.227,21.2,0.091
389,four,2022-06-11 00:00,1817,27.723,315,4.431,17.6,0.102
390,four,2022-06-12 00:00,1781,38.914,264,5.297,15.7,0.108
391,four,2022-06-13 00:00,1576,37.146,351,6.19,21.3,0.09
392,four,2022-06-14 00:00,1955,36.439,362,6.196,20.9,0.092
393,four,2022-06-15 00:00,1871,37.173,362,5.841,18.8,0.098
394,four,2022-06-16 00:00,2242,29.268,319,4.58,15.3,0.11
395,four,2022-06-17 00:00,1821,31.308,354,4.695,19.3,0.096
396,four,2022-06-18 00:00,1645,23.486,384,4.721,19.8,0.095
397,four,2022-06-19 00:00,1834,38.117,317,5.882,18.6,0.098
398,four,2022-06-20 00:00,2150,39.97,317,5.691,16.9,0.104
399,four,2022-06-21 00:00,2129,35.081,369,5.718,19.4,0.096
400,four,2022-06-22 00:00,1622,33.812,388,6.253,22.6,0.087
401,four,2022-06-23 00:00,1610,36.8,371,6.35,22.9,0.086
402,four,2022-06-24 00:00,1629,27.897,401,4.844,20.9,0.091
403,four,2022-06-25 00:00,1769,33.441,355,5.791,21.1,0.091
404,four,2022-06-26 00:00,1747,30.322,396,5.518,23.1,0.086
405,four,2022-06-27 00:00,1826,36.2,397,6.226,21.1,0.091
406,four,2022-06-28 00:00,1985,38.24,398,6.566,21,0.091
407,four,2022-06-29 00:00,1720,34.241,383,6.835,22.1,0.088
408,four,2022-06-30 00:00,1952,37.072,393,6.104,19.9,0.095
409,four,2022-07-01 00:00,1761,33.755,426,5.355,20.3,0.093
410,four,2022-07-02 00:00,1970,36.995,357,6.062,18.5,0.099
411,four,2022-07-03 00:00,1881,39.382,349,6.443,19,0.097
412,four,2022-07-04 00:00,1739,30.533,417,5.162,21.1,0.091
413,four,2022-07-05 00:00,2020,34.523,420,6.126,21.2,0.091
414,four,2022-07-06 00:00,1930,33.274,417,5.905,21.9,0.089
415,four,2022-07-07 00:00,1637,36.899,378,6.314,22.5,0.087
416,four,2022-07-08 00:00,1836,21.796,404,4.214,19.3,0.096
417,four,2022-07-09 00:00,1835,38.538,414,7.117,22.4,0.087
418,four,2022-07-10 00:00,2245,32.948,476,6.034,21,0.091
419,four,2022-07-11 00:00,1986,36.535,357,5.929,19.7,0.095
420,four,2022-07-12 00:00,2189,29.805,409,5.128,21,0.091
421,four,2022-07-13 00:00,1731,38.648,316,5.547,17.8,0.101
422,four,2022-07-14 00:00,1994,36.242,321,5.174,15.9,0.108
423,four,2022-07-15 00:00,2119,28.479,405,5.198,21.4,0.09
424,four,2022-07-16 00:00,1801,40.067,385,6.778,21.6,0.09
425,four,2022-07-17 00:00,1812,39.21,382,6.648,22.6,0.087
426,four,2022-07-18 00:00,1712,40.54,371,6.544,21.3,0.09
427,four,2022-07-19 00:00,1731,40.704,383,6.727,22,0.089
428,four,2022-07-20 00:00,2124,37.653,404,6.339,19.8,0.095
429,four,2022-07-21 00:00,1994,36.806,338,5.751,17,0.103
430,four,2022-07-22 00:00,2005,37.673,371,5.939,19.6,0.095
431,four,2022-07-23 00:00,2157,34.925,367,5.472,18.1,0.1
432,four,2022-07-24 00:00,2514,31.811,298,3.617,12.7,0.121
433,four,2022-07-25 00:00,1840,27.891,301,3.652,14.4,0.113
434,four,2022-07-26 00:00,2000,30.313,233,3.632,11.5,0.127
435,four,2022-07-27 00:00,2179,37.453,384,5.461,17.1,0.103
436,four,2022-07-28 00:00,2082,40.886,326,5.546,15.9,0.107
437,four,2022-07-29 00:00,1941,40.523,375,5.502,17.9,0.101
438,four,2022-07-30 00:00,2051,35.147,433,6.038,21.2,0.091
439,four,2022-07-31 00:00,2161,39.891,375,5.861,18.1,0.1
440,four,2022-08-01 00:00,2062,41.828,409,6.072,18.3,0.099
441,four,2022-08-02 00:00,1917,40.157,349,6.333,19,0.097
442,four,2022-08-03 00:00,1990,37.912,357,5.594,18.1,0.1
443,four,2022-08-04 00:00,1460,20.288,214,2.983,15.4,0.109
444,four,2022-08-05 00:00,2427,27.143,411,4.136,17.8,0.101
445,four,2022-08-06 00:00,2114,41.152,416,6.037,19.3,0.096
446,four,2022-08-07 00:00,1945,43.694,368,6.668,19,0.097
447,four,2022-08-08 00:00,1746,37.066,387,6.618,21.4,0.09
448,four,2022-08-09 00:00,665,12.934,109,2.077,16,0.107
449,four,2022-08-10 00:00,2522,39.14,451,6.367,18.7,0.098
450,four,2022-08-11 00:00,1995,43.52,404,6.298,20.7,0.092
451,four,2022-08-12 00:00,1847,44.342,451,7.824,23.5,0.085
452,four,2022-08-13 00:00,2134,42.409,441,7.24,20.6,0.092
453,four,2022-08-14 00:00,1776,44.89,407,7.424,22.5,0.087
454,four,2022-08-15 00:00,999,8.7,96,1.395,14.2,0.114
455,four,2022-08-16 00:00,700,8.875,96,1.316,15.5,0.109
456,four,2022-08-17 00:00,1985,15.276,173,2.212,13.7,0.116
457,four,2022-08-18 00:00,1920,26.825,417,3.78,15.4,0.11
458,four,2022-08-19 00:00,2546,41.786,384,5.744,16.8,0.104
459,gap,2022-08-20 00:00,NA,NA,NA,NA,NA,NA
460,Five,2022-08-21 00:00,2229,43.323,443,8.882,20.8,0.092
461,Five,2022-08-22 00:00,2332,46.979,474,8.409,20.5,0.093
462,Five,2022-08-23 00:00,2554,33.913,625,10.654,24.8,0.081
463,Five,2022-08-24 00:00,2167,33.843,544,7.595,23.2,0.085
464,Five,2022-08-25 00:00,1099,12.115,248,3.047,23.5,0.085
465,Five,2022-08-26 00:00,2296,40.036,542,9.717,25,0.081
466,Five,2022-08-27 00:00,1900,48.917,392,8.894,20.3,0.093
467,Five,2022-08-28 00:00,2071,46.437,560,11.226,27.3,0.076
468,Five,2022-08-29 00:00,2199,41.064,466,8.372,20.1,0.094
469,Five,2022-08-30 00:00,2057,49.455,463,10.16,23,0.086
470,Five,2022-08-31 00:00,2334,46.098,623,11.978,27.3,0.076
471,Five,2022-09-01 00:00,2032,48.515,571,11.49,26.9,0.077
472,Five,2022-09-02 00:00,2209,49.972,522,11.586,25.3,0.08
473,Five,2022-09-03 00:00,2241,48.035,575,12.111,27.6,0.075
474,Five,2022-09-04 00:00,2261,42.68,400,8.385,18.6,0.098
475,Five,2022-09-05 00:00,2554,42.757,527,10.552,22.4,0.088
476,Five,2022-09-06 00:00,2554,33.416,673,8.955,26.3,0.078
477,Five,2022-09-07 00:00,2399,36.773,437,7.921,18.3,0.099
478,Five,2022-09-08 00:00,2457,47.486,536,10.151,22.4,0.087
479,Five,2022-09-09 00:00,2491,49.371,557,11.657,22.9,0.086
480,Five,2022-09-10 00:00,2554,44.371,583,10.94,24,0.084
481,Five,2022-09-11 00:00,2155,50.718,568,12.865,26.1,0.078
482,Five,2022-09-12 00:00,2206,26.072,692,7.512,26,0.079
483,Five,2022-09-13 00:00,2355,40.394,586,10.427,23.9,0.084
484,Five,2022-09-14 00:00,2554,34.577,653,8.655,25.7,0.08
485,Five,2022-09-15 00:00,2541,36.524,738,11.285,27.1,0.076
486,Five,2022-09-16 00:00,2276,45.724,560,12.244,24.9,0.081
487,Five,2022-09-17 00:00,2406,41.04,558,9.905,24.8,0.082
488,Five,2022-09-18 00:00,2179,50.875,612,14.289,28.8,0.073
489,Five,2022-09-19 00:00,2154,52.464,626,14.281,29.2,0.072
490,Five,2022-09-20 00:00,2540,45.313,749,12.322,28.5,0.073
491,Five,2022-09-21 00:00,2234,53.003,601,13.676,26.9,0.077
492,Five,2022-09-22 00:00,2056,28.795,719,10.816,37,0.058
493,Five,2022-09-23 00:00,2432,46.165,610,12.017,25.4,0.08
494,Five,2022-09-24 00:00,2341,28.658,528,7.324,22.7,0.087
495,Five,2022-09-25 00:00,2554,50.017,598,12.104,24.4,0.083
496,Five,2022-09-26 00:00,2554,50.995,608,13.026,26.2,0.078
497,Five,2022-09-27 00:00,2554,40.598,652,9.904,26.6,0.078
498,Five,2022-09-28 00:00,2554,46.507,644,11.57,25.5,0.08
499,Five,2022-09-29 00:00,2472,51.721,631,13.394,26.9,0.077
500,Five,2022-09-30 00:00,2352,55.206,666,14.91,30,0.07
501,Five,2022-10-01 00:00,2401,38.723,652,11.152,28.5,0.073
502,Five,2022-10-02 00:00,2386,43.726,671,13.608,29.5,0.071
503,Five,2022-10-03 00:00,2517,35.431,531,8.645,23.7,0.084
504,Five,2022-10-04 00:00,2509,38.671,590,9.818,26,0.079
505,Five,2022-10-05 00:00,2336,50.478,682,12.909,27,0.077
506,Five,2022-10-06 00:00,2554,44.868,559,10.607,21.6,0.09
507,Five,2022-10-07 00:00,2554,44.464,698,10.383,24.9,0.081
508,Five,2022-10-08 00:00,2531,48.264,601,12.048,24.3,0.083
509,Five,2022-10-09 00:00,2511,50.608,683,11.592,26.2,0.078
510,Five,2022-10-10 00:00,2409,39.451,609,9.518,22.5,0.087
511,Five,2022-10-11 00:00,2554,41.354,680,10.939,28.2,0.074
512,Five,2022-10-12 00:00,2554,37.384,650,12.775,27.8,0.075
513,Five,2022-10-13 00:00,2554,48.928,656,13.446,25.9,0.079
514,Five,2022-10-14 00:00,2375,45.129,517,9.806,22.8,0.086
515,Five,2022-10-15 00:00,2359,46.816,553,9.631,23.3,0.085
516,Five,2022-10-16 00:00,2304,55.554,655,14.102,28.5,0.073
517,Five,2022-10-17 00:00,2110,33.26,670,11.37,34.2,0.063
518,Five,2022-10-18 00:00,2554,39.702,584,11.365,23.8,0.084
519,Five,2022-10-19 00:00,2545,42.787,541,8.619,23.2,0.085
520,Five,2022-10-20 00:00,2554,42.342,509,8.001,20.4,0.093
521,Five,2022-10-21 00:00,2554,48.164,590,11.156,23.6,0.084
522,Five,2022-10-22 00:00,2496,53.643,563,13.218,23.1,0.086
523,Five,2022-10-23 00:00,2554,57.23,660,13.191,26.6,0.077
524,Five,2022-10-24 00:00,2554,46.78,577,9.594,21.5,0.09
525,Five,2022-10-25 00:00,1677,22.944,295,4.234,17.6,0.102
526,Five,2022-10-26 00:00,1460,23.425,214,3.701,16.5,0.105
527,Five,2022-10-27 00:00,2554,46.381,606,10.264,23.3,0.085
528,Five,2022-10-28 00:00,2385,31.423,650,14.244,35.5,0.061
529,Five,2022-10-29 00:00,2301,51.855,548,11.139,22.6,0.087
530,Five,2022-10-30 00:00,2554,47.985,627,11.526,23.4,0.085
531,Five,2022-10-31 00:00,1695,22.35,477,6.187,29,0.072
532,Five,2022-11-01 00:00,2201,25.18,455,5.236,19.7,0.095
533,Five,2022-11-02 00:00,2554,33.032,611,7.59,25,0.081
534,Five,2022-11-03 00:00,2554,28.124,728,8.752,34.8,0.062
535,Five,2022-11-04 00:00,2050,18.102,323,3.863,22.6,0.087
536,Five,2022-11-05 00:00,882,10.31,158,1.8,15.5,0.109
537,Five,2022-11-06 00:00,2440,24.703,383,3.385,17.1,0.103
538,Five,2022-11-07 00:00,2554,53.735,503,10.443,20.3,0.093
539,Five,2022-11-08 00:00,2554,46.771,548,11.442,20.9,0.091
540,Five,2022-11-09 00:00,2554,40.395,569,9.463,22.6,0.087
541,Five,2022-11-10 00:00,2554,47.184,671,10.73,23.8,0.084
542,Five,2022-11-11 00:00,2311,28.028,599,8.718,28.9,0.073
543,Five,2022-11-12 00:00,1361,19.843,418,5.208,28.4,0.074
544,Five,2022-11-13 00:00,1746,12.523,248,3.22,24.2,0.083
545,Five,2022-11-14 00:00,2554,41.587,738,10.869,26.1,0.078
546,Five,2022-11-15 00:00,2396,42.697,533,9.83,22.5,0.087
547,Five,2022-11-16 00:00,2212,60.223,572,12.997,24.8,0.081
548,Five,2022-11-17 00:00,2554,38.429,648,9.894,27.3,0.076
549,Five,2022-11-18 00:00,1070,9.037,262,2.529,29.7,0.071
550,Five,2022-11-19 00:00,2554,34.108,679,8.377,25.1,0.081
551,Five,2022-11-20 00:00,2554,55.056,905,12.306,28.2,0.074
552,Five,2022-11-21 00:00,2554,48.053,753,12.061,24.5,0.082
553,Five,2022-11-22 00:00,2475,60.025,724,15.399,29.1,0.072
554,Five,2022-11-23 00:00,2554,42.425,663,12.581,29.4,0.072
555,Five,2022-11-24 00:00,2406,26.142,642,6.619,27.1,0.076
556,Five,2022-11-25 00:00,2520,49.8,680,15.632,28,0.074
557,Five,2022-11-26 00:00,2554,51.699,566,10.125,21.1,0.091
558,Five,2022-11-27 00:00,2554,55.307,568,11.552,21.4,0.09
559,Five,2022-11-28 00:00,2554,58.337,719,15.29,27.3,0.076
560,Five,2022-11-29 00:00,2554,58.866,507,10.837,19.3,0.096
561,Five,2022-11-30 00:00,2540,55.186,613,13.55,24,0.084
562,Five,2022-12-01 00:00,2415,58.294,616,13.234,25.4,0.08
563,Five,2022-12-02 00:00,2554,61.583,696,13.521,26,0.079
564,gap,2022-12-03 00:00,2297,60.522,NA,NA,NA,NA
565,gap,2022-12-04 00:00,2549,57.8,NA,NA,NA,NA
566,gap,2022-12-05 00:00,2435,61.653,NA,NA,NA,NA
567,gap,2022-12-06 00:00,2554,56.767,NA,NA,NA,NA
568,gap,2022-12-07 00:00,2440,48.386,NA,NA,NA,NA
569,gap,2022-12-08 00:00,2554,55.843,NA,NA,NA,NA
570,gap,2022-12-09 00:00,2242,55.479,NA,NA,NA,NA
571,gap,2022-12-10 00:00,2527,44.561,NA,NA,NA,NA
572,gap,2022-12-11 00:00,1875,17.237,NA,NA,NA,NA
573,gap,2022-12-12 00:00,695,8.565,NA,NA,NA,NA
574,gap,2022-12-13 00:00,2554,43.507,NA,NA,NA,NA
575,gap,2022-12-14 00:00,2306,48.509,NA,NA,NA,NA
576,gap,2022-12-15 00:00,2450,53.731,NA,NA,NA,NA
577,gap,2022-12-16 00:00,2411,49.331,NA,NA,NA,NA
578,gap,2022-12-17 00:00,2331,42.737,NA,NA,NA,NA
579,gap,2022-12-18 00:00,2122,30.637,NA,NA,NA,NA
580,gap,2022-12-19 00:00,2357,52.126,NA,NA,NA,NA
581,gap,2022-12-20 00:00,2554,56.694,NA,NA,NA,NA
582,gap,2022-12-21 00:00,2456,51.355,NA,NA,NA,NA
583,gap,2022-12-22 00:00,2499,50.657,NA,NA,NA,NA
584,gap,2022-12-23 00:00,2554,37.474,NA,NA,NA,NA
585,gap,2022-12-24 00:00,1877,25.225,NA,NA,NA,NA
586,gap,2022-12-25 00:00,2544,58.825,NA,NA,NA,NA
587,gap,2022-12-26 00:00,2554,62.327,NA,NA,NA,NA
588,gap,2022-12-27 00:00,2539,42.663,NA,NA,NA,NA
589,gap,2022-12-28 00:00,2514,60.16,NA,NA,NA,NA
590,gap,2022-12-29 00:00,2554,56.938,NA,NA,NA,NA
591,gap,2022-12-30 00:00,2554,48.634,NA,NA,NA,NA
592,gap,2022-12-31 00:00,2514,49.865,NA,NA,NA,NA
593,gap,2023-01-01 00:00,2292,59.215,NA,NA,NA,NA
594,gap,2023-01-02 00:00,2446,42.135,NA,NA,NA,NA
595,gap,2023-01-03 00:00,2396,40.573,NA,NA,NA,NA
596,gap,2023-01-04 00:00,2554,42.599,NA,NA,NA,NA
597,gap,2023-01-05 00:00,2554,50.464,NA,NA,NA,NA
598,gap,2023-01-06 00:00,2554,58.434,NA,NA,NA,NA
599,gap,2023-01-07 00:00,2554,58.311,NA,NA,NA,NA
600,gap,2023-01-08 00:00,2554,45.774,NA,NA,NA,NA
601,gap,2023-01-09 00:00,762,13.594,NA,NA,NA,NA
602,gap,2023-01-10 00:00,1132,16.818,NA,NA,NA,NA
603,gap,2023-01-11 00:00,1994,19.46,NA,NA,NA,NA
604,gap,2023-01-12 00:00,877,14.687,NA,NA,NA,NA
605,gap,2023-01-13 00:00,2165,17.59,NA,NA,NA,NA
606,gap,2023-01-14 00:00,1571,25.726,NA,NA,NA,NA
607,gap,2023-01-15 00:00,1721,23.113,NA,NA,NA,NA
608,gap,2023-01-16 00:00,2235,41.794,NA,NA,NA,NA
609,gap,2023-01-17 00:00,2442,55.09,NA,NA,NA,NA
610,gap,2023-01-18 00:00,2554,53.494,NA,NA,NA,NA
611,gap,2023-01-19 00:00,2554,51.064,NA,NA,NA,NA
612,gap,2023-01-20 00:00,2287,57.481,NA,NA,NA,NA
613,gap,2023-01-21 00:00,2356,50.149,NA,NA,NA,NA
614,gap,2023-01-22 00:00,2554,28.2,NA,NA,NA,NA
615,gap,2023-01-23 00:00,1830,20.419,NA,NA,NA,NA
616,gap,2023-01-24 00:00,2554,46.636,NA,NA,NA,NA
617,gap,2023-01-25 00:00,2529,57.378,NA,NA,NA,NA
618,gap,2023-01-26 00:00,2554,32.532,NA,NA,NA,NA
619,gap,2023-01-27 00:00,2475,46.744,NA,NA,NA,NA
620,gap,2023-01-28 00:00,2316,62.695,NA,NA,NA,NA
621,gap,2023-01-29 00:00,2422,56.243,NA,NA,NA,NA
622,Six,2023-01-30 00:00,2441,58.477,596,12.089,24.4,0.081
623,Six,2023-01-31 00:00,2554,56.79,697,13.944,27.3,0.075
624,Six,2023-02-01 00:00,2349,57.593,536,11.493,22.8,0.085
625,Six,2023-02-02 00:00,2554,52.377,524,10.365,20.5,0.09
626,Six,2023-02-03 00:00,2449,36.628,495,7.101,20.2,0.085
627,Six,2023-02-04 00:00,2392,50.524,565,9.689,23.6,0.084
628,Six,2023-02-05 00:00,2554,64.083,748,13.922,29.3,0.077
629,Six,2023-02-06 00:00,2554,43.271,507,7.72,19.9,0.091
630,Six,2023-02-07 00:00,2286,57.918,622,13.302,27.2,0.076
631,Six,2023-02-08 00:00,2295,63.217,592,12.993,25.8,0.08
632,Six,2023-02-09 00:00,2410,59.247,573,12.051,23.8,0.082
633,Six,2023-02-10 00:00,2437,57.747,507,10.158,20.8,0.089
634,Six,2023-02-11 00:00,2529,43.694,540,8.386,21.3,0.094
635,Six,2023-02-12 00:00,2554,51.218,631,8.135,24.7,0.094
636,Six,2023-02-13 00:00,2554,58.861,532,9.025,20.8,0.093
637,Six,2023-02-14 00:00,2481,63.145,502,9.804,20.2,0.096
638,Six,2023-02-15 00:00,2515,34.49,584,9.671,23.2,0.072
639,Six,2023-02-16 00:00,2497,58.637,479,9.111,19.2,0.097
640,Six,2023-02-17 00:00,2404,47.836,490,8.31,20.4,0.096
641,Six,2023-02-18 00:00,2450,47.127,380,7.109,15.5,0.107
642,Six,2023-02-19 00:00,2407,50.344,449,7.549,18.7,0.1
643,Six,2023-02-20 00:00,2554,51.894,663,11.239,26,0.08
644,Six,2023-02-21 00:00,2345,38.447,526,6.627,22.4,0.083
645,Six,2023-02-22 00:00,2366,34.072,677,10.001,28.6,0.065
646,Six,2023-02-23 00:00,2554,39.563,641,10.002,25.1,0.072
647,Six,2023-02-24 00:00,2520,47.521,614,10.495,24.4,0.079
648,Six,2023-02-25 00:00,2352,54.848,607,12.388,25.8,0.079
649,Six,2023-02-26 00:00,2554,50.955,613,10.393,24,0.083
650,Six,2023-02-27 00:00,1940,25.273,377,5.124,19.4,0.083
651,Six,2023-02-28 00:00,2554,21.571,678,4.604,26.5,0.077
652,Six,2023-03-01 00:00,2511,24.582,492,4.589,19.6,0.088
653,Six,2023-03-02 00:00,2547,47.703,461,7.283,18.1,0.098
654,Six,2023-03-03 00:00,2554,38.197,468,6.08,18.3,0.097
655,Six,2023-03-04 00:00,2554,40.887,706,8.328,27.7,0.083
656,Six,2023-03-05 00:00,715,11.304,151,2.439,21.1,0.086
657,Six,2023-03-06 00:00,912,14.226,162,2.517,17.7,0.096
658,Six,2023-03-07 00:00,2245,35.244,454,6.251,20.2,0.094
659,Six,2023-03-08 00:00,2291,55.342,498,9.937,21.7,0.089
660,Six,2023-03-09 00:00,2336,43.514,505,10.233,21.6,0.088
661,Six,2023-03-10 00:00,2554,43.844,507,8.402,19.8,0.094
662,Six,2023-03-11 00:00,2554,32.294,532,6.232,20.8,0.091
663,Six,2023-03-12 00:00,2094,55.978,616,11.689,29.4,0.075
664,Six,2023-03-13 00:00,2251,55.345,530,10.439,23.6,0.083
665,Six,2023-03-14 00:00,2554,54.806,551,9.653,21.6,0.089
666,Six,2023-03-15 00:00,924,18.434,183,4.078,19.8,0.089
667,Six,2023-03-16 00:00,2425,54.169,609,11.954,25.1,0.079
668,Six,2023-03-17 00:00,2442,45.913,603,11.333,24.7,0.081
669,Six,2023-03-18 00:00,2201,43.415,598,10.521,27.2,0.077
670,Six,2023-03-19 00:00,1142,24.017,339,5.101,29.6,0.083
671,Six,2023-03-20 00:00,2409,48.934,491,9.047,20.4,0.091
672,Six,2023-03-21 00:00,2391,52.391,497,9.999,20.8,0.089
673,Six,2023-03-22 00:00,2226,54.422,408,8.651,18.3,0.099
674,Six,2023-03-23 00:00,2321,52.202,544,10.374,23.5,0.084
675,Six,2023-03-24 00:00,2061,51.117,513,10.641,24.9,0.084
676,Six,2023-03-25 00:00,2385,46.319,418,7.343,17.5,0.101
677,Six,2023-03-26 00:00,2220,48.203,354,7.205,15.9,0.106
678,Six,2023-03-27 00:00,2309,41.699,301,4.819,13,0.116
679,Six,2023-03-28 00:00,2304,54.74,447,7.765,19.4,0.096
680,Six,2023-03-29 00:00,2092,51.634,327,6.464,15.6,0.107
681,Six,2023-03-30 00:00,2051,51.345,352,7.258,17.2,0.103
682,Six,2023-03-31 00:00,2237,49.244,297,6.219,13.3,0.115
683,Six,2023-04-01 00:00,2205,49.658,367,6.358,16.6,0.103
684,Six,2023-04-02 00:00,2157,40.328,485,7.611,22.5,0.088
685,Six,2023-04-03 00:00,2212,50.459,504,9.483,22.8,0.085
686,Six,2023-04-04 00:00,2079,46.182,491,9.689,23.6,0.085
687,Six,2023-04-05 00:00,2247,51.653,443,8.802,19.7,0.097
688,Six,2023-04-06 00:00,2219,40.397,447,7.71,20.1,0.089
689,Six,2023-04-07 00:00,2306,39.203,459,6.987,19.9,0.098
690,Six,2023-04-08 00:00,2450,32.015,396,5.243,16.2,0.096
691,Six,2023-04-09 00:00,1590,26.564,270,4.175,17,0.105
692,Six,2023-04-10 00:00,2291,40.984,558,8.614,24.4,0.088
693,Six,2023-04-11 00:00,2097,40.594,416,7.244,19.8,0.093
694,Six,2023-04-12 00:00,2404,29.777,670,7.686,27.9,0.059
695,Six,2023-04-13 00:00,2554,46.58,485,9.472,19,0.093
696,Six,2023-04-14 00:00,2549,25.982,524,6.231,20.6,0.072
697,Six,2023-04-15 00:00,2410,35.076,489,6.42,20.3,0.09
698,Six,2023-04-16 00:00,2429,40.121,363,5.828,14.9,0.104
699,gap,2023-04-17 00:00,NA,NA,NA,NA,NA,NA
700,seven,2023-04-18 00:00,2047,29.824,454,6.314,22.2,0.084
701,seven,2023-04-19 00:00,2345,37.99,459,7.9,19.6,0.089
702,seven,2023-04-20 00:00,2192,26.479,367,4.491,16.8,0.096
703,seven,2023-04-21 00:00,2325,31.6,334,4.487,14.4,0.109
704,seven,2023-04-22 00:00,1584,25.95,341,4.254,21.5,0.099
705,seven,2023-04-23 00:00,1707,22.949,265,3.516,15.5,0.1
706,seven,2023-04-24 00:00,2275,37.964,303,5.073,13.3,0.116
707,seven,2023-04-25 00:00,1794,23.633,306,4.413,17.1,0.093
708,seven,2023-04-26 00:00,2000,44.749,430,8.6,21.5,0.088
709,seven,2023-04-27 00:00,1982,45.807,376,6.932,19,0.099
710,seven,2023-04-28 00:00,1807,45.494,365,7.349,20.2,0.097
711,seven,2023-04-29 00:00,2050,41.594,318,6.219,15.5,0.107
712,seven,2023-04-30 00:00,2190,41.348,360,6.462,16.4,0.1
713,seven,2023-05-01 00:00,1890,17.747,377,3.501,20,0.086
714,seven,2023-05-02 00:00,2187,43.274,490,8.68,22.4,0.089
715,seven,2023-05-03 00:00,2016,42.468,415,8.471,20.6,0.088
716,seven,2023-05-04 00:00,2107,38.412,426,7.921,20.2,0.085
717,seven,2023-05-05 00:00,1861,41.654,424,8.429,22.8,0.085
718,seven,2023-05-06 00:00,1987,43.478,456,8.993,22.9,0.083
719,seven,2023-05-07 00:00,1906,43.63,486,9.774,25.5,0.079
720,seven,2023-05-08 00:00,1859,39.067,391,8.14,21,0.09
721,seven,2023-05-09 00:00,2146,38.878,386,6.991,18,0.101
722,seven,2023-05-10 00:00,1976,28.977,367,4.819,18.5,0.096
723,seven,2023-05-11 00:00,1922,20.846,422,4.278,22,0.074
724,seven,2023-05-12 00:00,2331,32.931,486,7.046,20.8,0.088
725,seven,2023-05-13 00:00,2020,44.735,358,6.95,17.7,0.099
726,seven,2023-05-14 00:00,1804,42.922,330,6.815,18.3,0.099
727,seven,2023-05-15 00:00,1691,41.792,353,6.919,20.9,0.095
728,seven,2023-05-16 00:00,1705,41.21,319,6.401,18.7,0.101
729,seven,2023-05-17 00:00,1874,42.779,418,7.488,22.3,0.086
730,seven,2023-05-18 00:00,2141,24.562,545,5.307,25.5,0.077
731,seven,2023-05-19 00:00,1824,40.558,383,7.737,21,0.088
732,seven,2023-05-20 00:00,1742,39.5,396,7.895,22.7,0.087
733,seven,2023-05-21 00:00,2007,35.701,412,5.927,20.5,0.092
734,seven,2023-05-22 00:00,2036,34.323,386,6.942,19,0.094
735,seven,2023-05-23 00:00,1780,31.627,314,5.039,17.7,0.098
736,seven,2023-05-24 00:00,2112,38.579,427,8.217,20.2,0.086
737,seven,2023-05-25 00:00,1626,39.431,401,8.383,24.6,0.083
738,seven,2023-05-26 00:00,1599,39.021,346,7.143,21.6,0.091
739,seven,2023-05-27 00:00,1617,38.747,314,6.586,19.4,0.098
740,seven,2023-05-28 00:00,2121,40.658,278,5.484,13.1,0.111
741,seven,2023-05-29 00:00,1756,22.03,298,3.599,17,0.094
742,seven,2023-05-30 00:00,2354,25.973,431,4.86,18.3,0.095
743,seven,2023-05-31 00:00,1579,38.25,393,8.234,24.9,0.082
744,seven,2023-06-01 00:00,1582,38.467,415,8.58,26.2,0.08
745,seven,2023-06-02 00:00,1951,35.55,443,7.687,22.7,0.083
746,seven,2023-06-03 00:00,2041,36.029,470,8.855,23,0.083
747,seven,2023-06-04 00:00,1704,40.873,418,8.795,24.5,0.081
748,seven,2023-06-05 00:00,1960,36.371,380,7.766,19.4,0.095
749,seven,2023-06-06 00:00,1722,35.506,416,7.952,24.2,0.082
750,seven,2023-06-07 00:00,1896,34.599,394,7.975,20.8,0.089
751,seven,2023-06-08 00:00,2026,36.967,459,7.674,22.7,0.085
752,seven,2023-06-09 00:00,2067,35.183,399,6.786,19.3,0.093
753,seven,2023-06-10 00:00,1627,35.228,327,6.671,20.1,0.093
754,seven,2023-06-11 00:00,2065,33.944,418,6.247,20.2,0.089
755,seven,2023-06-12 00:00,1675,35.393,462,7.263,27.6,0.082
756,seven,2023-06-13 00:00,1945,34.277,474,7.267,24.3,0.084
757,seven,2023-06-14 00:00,2172,22.161,443,4.403,20.4,0.09
758,seven,2023-06-15 00:00,2004,34.077,391,6.422,19.5,0.09
759,seven,2023-06-16 00:00,1947,38.304,381,7.572,19.5,0.093
760,seven,2023-06-17 00:00,1690,38.018,392,7.554,23.2,0.086
761,seven,2023-06-18 00:00,1756,34.371,466,7.692,26.5,0.083
762,seven,2023-06-19 00:00,1647,39.352,360,7.228,21.8,0.088
763,seven,2023-06-20 00:00,1705,34.77,424,7.325,24.8,0.085
764,seven,2023-06-21 00:00,2145,30.594,385,6.09,17.9,0.096
765,seven,2023-06-22 00:00,2041,33.602,373,6.486,18.3,0.093
766,seven,2023-06-23 00:00,1944,23.329,378,5.101,19.4,0.085
767,seven,2023-06-24 00:00,1615,36.815,412,8.047,25.5,0.083
768,seven,2023-06-25 00:00,1907,30.709,368,6.443,19.3,0.09
769,seven,2023-06-26 00:00,1995,32.759,290,5.158,14.5,0.108
770,seven,2023-06-27 00:00,1886,37.367,335,7.061,17.8,0.095
771,seven,2023-06-28 00:00,1942,32.292,400,6.242,20.6,0.09
772,seven,2023-06-29 00:00,1880,38.891,401,7.872,21.3,0.088
773,seven,2023-06-30 00:00,1895,40.1,364,7.288,19.2,0.095
774,seven,2023-07-01 00:00,1540,37.906,320,6.493,20.8,0.093
775,seven,2023-07-02 00:00,1926,36.658,336,6.116,17.4,0.1
776,seven,2023-07-03 00:00,1986,38.902,363,7.4,18.3,0.099
777,seven,2023-07-04 00:00,1546,37.647,363,7.311,23.5,0.087
778,seven,2023-07-05 00:00,1822,36.308,353,7.123,19.3,0.092
779,seven,2023-07-06 00:00,1701,26.325,432,5.927,25.4,0.076
780,seven,2023-07-07 00:00,1920,39.764,355,7.136,18.5,0.093
781,seven,2023-07-08 00:00,1647,32.561,336,6.334,20.4,0.087
782,seven,2023-07-09 00:00,2080,30.665,422,7.183,20.3,0.094
783,seven,2023-07-10 00:00,1796,38.535,370,7.376,20.6,0.092
784,seven,2023-07-11 00:00,1722,39.488,365,7.727,21.2,0.089
785,seven,2023-07-12 00:00,1582,38.343,385,7.975,24.3,0.084
786,seven,2023-07-13 00:00,1695,22.508,316,4.856,18.6,0.08
787,seven,2023-07-14 00:00,2020,35.228,456,7.8,22.6,0.083
788,seven,2023-07-15 00:00,1794,39.215,337,7.11,18.8,0.093
789,seven,2023-07-16 00:00,1859,37.643,404,7.936,21.7,0.088
790,seven,2023-07-17 00:00,1615,39.743,368,7.844,22.8,0.087
791,seven,2023-07-18 00:00,2101,26.984,412,5.724,19.6,0.081
792,seven,2023-07-19 00:00,881,15.588,192,2.903,21.7,0.089
793,seven,2023-07-20 00:00,1651,34.292,400,7.469,24.2,0.084
794,seven,2023-07-21 00:00,1966,37.799,417,8.191,21.2,0.088
795,seven,2023-07-22 00:00,1640,39.399,360,7.858,22,0.089
796,seven,2023-07-23 00:00,1691,36.911,386,7.821,22.8,0.086
797,seven,2023-07-24 00:00,2167,29.151,394,6.986,18.2,0.092
798,seven,2023-07-25 00:00,2252,25.301,317,4.426,14.1,0.097
799,seven,2023-07-26 00:00,1874,29.585,380,5.231,20.3,0.087
800,seven,2023-07-27 00:00,2212,32.717,361,6.288,16.3,0.096
801,seven,2023-07-28 00:00,1276,17.606,297,3.07,23.3,0.094
802,seven,2023-07-29 00:00,2010,40.442,430,5.898,21.4,0.095
803,seven,2023-07-30 00:00,1894,32.038,362,5.429,19.1,0.092
804,seven,2023-07-31 00:00,1759,42.545,400,8.255,22.7,0.086
805,seven,2023-08-01 00:00,1861,40.71,345,6.199,18.5,0.097
806,seven,2023-08-02 00:00,1726,42.529,374,7.695,21.7,0.091
807,seven,2023-08-03 00:00,2066,33.232,397,6.875,19.2,0.094
808,seven,2023-08-04 00:00,2295,27.836,415,4.383,18.1,0.099
809,seven,2023-08-05 00:00,2269,29.867,475,5.046,20.9,0.074
810,seven,2023-08-06 00:00,1742,40.22,399,8.577,22.9,0.087
811,seven,2023-08-07 00:00,2016,40.095,403,6.766,20,0.099
812,seven,2023-08-08 00:00,1279,16.559,294,3.896,23,0.074
813,seven,2023-08-09 00:00,2261,34.674,498,8.114,22,0.083
814,seven,2023-08-10 00:00,1754,25.355,374,5.693,21.3,0.079
815,seven,2023-08-11 00:00,2055,27.509,524,5.963,25.5,0.079
816,seven,2023-08-12 00:00,2331,37.559,469,9.289,20.1,0.085
817,seven,2023-08-13 00:00,2254,33.622,414,7.416,18.4,0.081
818,seven,2023-08-14 00:00,1699,28.565,462,6.312,27.2,0.081
819,seven,2023-08-15 00:00,2167,36.905,465,7.581,21.5,0.089
820,seven,2023-08-16 00:00,2480,42.468,493,8.611,19.9,0.089
821,seven,2023-08-17 00:00,2396,40.532,470,6.763,19.6,0.099
822,seven,2023-08-18 00:00,2099,34.656,444,7.443,21.2,0.09
823,seven,2023-08-19 00:00,2170,34.709,563,7.195,25.9,0.086
824,seven,2023-08-20 00:00,2277,39.429,500,7.511,21.9,0.087
825,gap,2023-08-21 00:00,NA,NA,NA,NA,NA,NA
826,eight,2023-08-22 00:00,2134,47.412,507,11.083,23.7,0.081
827,eight,2023-08-23 00:00,1817,44.307,495,11.19,27.2,0.077
828,eight,2023-08-24 00:00,1847,47.729,525,11.613,28.4,0.075
829,eight,2023-08-25 00:00,2334,36.254,646,8.772,27.7,0.07
830,eight,2023-08-26 00:00,2010,41.624,522,9.441,26,0.077
831,eight,2023-08-27 00:00,2121,43.694,537,10.812,25.3,0.078
832,eight,2023-08-28 00:00,2470,43.568,515,8.895,20.8,0.09
833,eight,2023-08-29 00:00,2319,37.929,514,8.288,22.2,0.084
834,eight,2023-08-30 00:00,2194,29.104,586,8.391,26.7,0.056
835,eight,2023-08-31 00:00,2094,45.022,467,9.357,22.3,0.087
836,eight,2023-09-01 00:00,2392,36.086,491,8.661,20.5,0.086
837,eight,2023-09-02 00:00,2171,23.083,482,5.926,22.2,0.078
838,eight,2023-09-03 00:00,2276,29.944,570,7.21,25,0.076
839,eight,2023-09-04 00:00,2311,24.156,385,4.986,16.7,0.091
840,eight,2023-09-05 00:00,1966,25.089,560,5.672,28.5,0.068
841,eight,2023-09-06 00:00,2415,40.16,421,6.996,17.4,0.099
842,eight,2023-09-07 00:00,1766,21.944,397,4.196,22.5,0.085
843,eight,2023-09-08 00:00,2372,50.558,375,7.57,15.8,0.105
844,eight,2023-09-09 00:00,2421,44.889,599,8.49,24.7,0.086
845,eight,2023-09-10 00:00,1607,26.699,286,4.527,17.8,0.103
846,eight,2023-09-11 00:00,1612,18.518,351,4.456,21.8,0.08
847,eight,2023-09-12 00:00,2507,37.382,499,7.843,19.9,0.086
848,eight,2023-09-13 00:00,2554,40.538,598,9.1,23.4,0.084
849,eight,2023-09-14 00:00,2321,19.908,247,4.183,10.6,0.092
850,eight,2023-09-15 00:00,2399,36.627,576,9.35,24,0.08
851,eight,2023-09-16 00:00,2552,47.707,701,11.294,27.5,0.08
852,eight,2023-09-17 00:00,2554,40.585,577,8.338,22.6,0.089
853,eight,2023-09-18 00:00,1974,27.099,441,5.494,22.3,0.085
854,eight,2023-09-19 00:00,2000,49.216,519,11.197,25.9,0.079
855,eight,2023-09-20 00:00,2366,42.606,569,11.565,24.1,0.075
856,eight,2023-09-21 00:00,1596,25.747,399,5.852,25,0.079
857,eight,2023-09-22 00:00,1059,10.106,226,2.3,21.4,0.08
858,eight,2023-09-23 00:00,1352,20.224,426,4.678,31.5,0.073
859,eight,2023-09-24 00:00,2554,43.745,671,10.195,26.3,0.076
860,eight,2023-09-25 00:00,1184,14.195,212,3.642,17.9,0.079
861,eight,2023-09-26 00:00,2554,47.809,562,10.562,22,0.088
862,eight,2023-09-27 00:00,2507,46.896,554,12.148,22.1,0.084
863,eight,2023-09-28 00:00,2366,56.392,563,11.874,23.8,0.084
864,eight,2023-09-29 00:00,2431,56.008,594,13.444,24.4,0.079
865,eight,2023-09-30 00:00,2371,55.42,569,12.791,24,0.084
866,eight,2023-10-01 00:00,2417,46.192,592,9.701,24.5,0.085
867,eight,2023-10-02 00:00,2090,28.095,477,5.971,22.8,0.09
868,eight,2023-10-03 00:00,2554,46.264,652,12.987,25.5,0.076
869,eight,2023-10-04 00:00,2301,50.934,544,11.615,23.6,0.083
870,eight,2023-10-05 00:00,2400,56.263,616,13.011,25.7,0.078
871,eight,2023-10-06 00:00,2204,50.998,647,13.345,29.4,0.074
872,eight,2023-10-07 00:00,2554,49.009,637,12.297,24.9,0.076
873,eight,2023-10-08 00:00,2554,39.775,557,10.671,21.8,0.086
874,eight,2023-10-09 00:00,2516,53.008,573,12.317,22.8,0.081
875,eight,2023-10-10 00:00,2419,45.384,560,11.64,23.2,0.084
876,eight,2023-10-11 00:00,2466,53.896,624,13.451,25.3,0.079
877,eight,2023-10-12 00:00,2214,52.599,576,12.29,26,0.078
878,eight,2023-10-13 00:00,2250,49.162,561,10.601,24.9,0.083
879,eight,2023-10-14 00:00,2214,49.858,506,11.009,22.8,0.086
880,eight,2023-10-15 00:00,2321,38.683,602,10.935,25.9,0.076
881,eight,2023-10-16 00:00,2554,37.834,611,10.994,23.9,0.074
882,eight,2023-10-17 00:00,2219,39.151,710,9.765,32,0.075
883,eight,2023-10-18 00:00,1359,23.863,318,5.791,23.4,0.081
884,eight,2023-10-19 00:00,2554,32.021,587,7.524,23,0.075
885,eight,2023-10-20 00:00,1291,21.413,459,4.663,35.5,0.083
886,eight,2023-10-21 00:00,2554,44.128,633,8.278,24.8,0.081
887,eight,2023-10-22 00:00,2074,36.61,513,7.328,24.7,0.086
888,eight,2023-10-23 00:00,2554,59.243,620,12.486,24.3,0.078
889,eight,2023-10-24 00:00,2282,49.706,671,11.806,29.4,0.072
890,eight,2023-10-25 00:00,1412,19.125,309,3.958,21.8,0.087
891,eight,2023-10-26 00:00,2252,25.518,556,6.464,24.7,0.077
892,eight,2023-10-27 00:00,849,11.723,172,2.73,20.3,0.083
893,eight,2023-10-28 00:00,2554,46.319,660,12.497,25.8,0.077
894,eight,2023-10-29 00:00,2554,46.27,703,13.054,27.5,0.074
895,eight,2023-10-30 00:00,2554,50.158,697,13.605,27.3,0.075
896,eight,2023-10-31 00:00,2414,48.288,691,14.71,28.6,0.071
897,eight,2023-11-01 00:00,2110,26.347,710,9.123,33.7,0.052
898,eight,2023-11-02 00:00,2554,33.249,735,9.274,28.8,0.069
899,eight,2023-11-03 00:00,1321,20.39,544,6.033,41.1,0.054
900,eight,2023-11-04 00:00,981,12.993,204,2.523,20.8,0.09
901,eight,2023-11-05 00:00,2554,33.979,731,7.524,28.6,0.075
902,eight,2023-11-06 00:00,2340,31.689,655,8.683,28,0.07
903,eight,2023-11-07 00:00,2554,57.466,693,12.332,27.1,0.076
904,eight,2023-11-08 00:00,2554,41.282,813,13.535,31.8,0.059
905,eight,2023-11-09 00:00,2400,56.536,741,15.513,30.9,0.069
906,eight,2023-11-10 00:00,2501,56.286,691,15.089,27.6,0.073
907,eight,2023-11-11 00:00,2447,51.401,740,13.869,30.2,0.067
908,eight,2023-11-12 00:00,2554,27.808,757,7.518,29.6,0.068
909,eight,2023-11-13 00:00,2554,36.028,817,10.459,32,0.056
910,eight,2023-11-14 00:00,2554,50.896,712,10.478,27.9,0.077
911,eight,2023-11-15 00:00,2554,38.279,741,9.571,29,0.064
912,eight,2023-11-16 00:00,2554,46.03,696,10.991,27.3,0.075
913,eight,2023-11-17 00:00,2212,60.82,755,16.385,34.1,0.065
914,eight,2023-11-18 00:00,2554,48.046,658,13.917,25.8,0.073
915,eight,2023-11-19 00:00,2507,42.574,775,10.393,30.9,0.073
916,eight,2023-11-20 00:00,1035,21.269,154,3.269,14.8,0.109
917,eight,2023-11-21 00:00,2554,29.753,585,8.864,22.9,0.061
918,eight,2023-11-22 00:00,2234,28.57,633,9.663,28.4,0.055
919,eight,2023-11-23 00:00,1467,28.09,310,5.496,21.1,0.086
920,eight,2023-11-24 00:00,2554,40.711,719,9.703,28.2,0.081
921,eight,2023-11-25 00:00,2307,58.459,566,12.206,24.5,0.082
922,eight,2023-11-26 00:00,2414,56.033,585,11.528,24.2,0.084
923,eight,2023-11-27 00:00,2454,57.307,244,4.132,9.9,0.138
924,eight,2023-11-28 00:00,2546,39.649,280,4.601,11,0.118
925,eight,2023-11-29 00:00,2554,55.628,483,8.945,18.9,0.102
926,eight,2023-11-30 00:00,2476,55.618,432,8.576,17.5,0.102
927,eight,2023-12-01 00:00,2554,54.742,554,11.276,21.7,0.085
928,eight,2023-12-02 00:00,2402,55.159,517,9.813,21.5,0.093
929,eight,2023-12-03 00:00,2501,53.364,653,14.16,26.1,0.076
930,eight,2023-12-04 00:00,2447,47.067,552,9.892,22.5,0.082
931,eight,2023-12-05 00:00,697,14.627,116,2.608,16.6,0.096
932,eight,2023-12-06 00:00,1702,26.45,397,5.773,23.3,0.079
933,eight,2023-12-07 00:00,2554,35.298,703,8.745,27.5,0.075
934,eight,2023-12-08 00:00,1731,30.337,296,5.341,17.1,0.103
935,eight,2023-12-09 00:00,2554,36.43,514,9.341,20.1,0.088
936,eight,2023-12-10 00:00,2554,37.729,473,8.771,18.5,0.091
937,eight,2023-12-11 00:00,2554,48.609,646,12.836,25.3,0.081
938,eight,2023-12-12 00:00,2554,34.135,734,8.627,28.8,0.076
939,eight,2023-12-13 00:00,2554,23.965,506,5.067,19.8,0.086
940,eight,2023-12-14 00:00,2554,30.418,247,4.569,9.7,0.113
941,eight,2023-12-15 00:00,2347,55.09,585,13.099,24.9,0.081
942,eight,2023-12-16 00:00,2455,56.056,552,12.606,22.5,0.087
943,eight,2023-12-17 00:00,2554,45.131,700,10.787,27.4,0.078
944,eight,2023-12-18 00:00,2542,27.62,415,5.982,16.3,0.088
945,eight,2023-12-19 00:00,1586,22.597,274,4.336,17.3,0.093
946,eight,2023-12-20 00:00,2554,31.137,496,4.435,19.4,0.104
947,eight,2023-12-21 00:00,2332,21.957,305,2.154,13.1,0.119
948,eight,2023-12-22 00:00,2554,43.652,384,4.461,15,0.126
949,eight,2023-12-23 00:00,1376,19.404,124,2.195,9,0.126
950,eight,2023-12-24 00:00,1235,20.811,151,2.609,12.3,0.116
951,eight,2023-12-25 00:00,2554,43.017,517,8.432,20.3,0.089
952,eight,2023-12-26 00:00,2554,54.167,524,9.182,20.5,0.096
953,eight,2023-12-27 00:00,2554,55.348,490,10.369,19.2,0.097
954,eight,2023-12-28 00:00,2554,52.876,633,12.44,24.8,0.082
955,eight,2023-12-29 00:00,2410,57.144,526,10.776,21.8,0.089
956,eight,2023-12-30 00:00,2554,57.243,692,14.797,27.1,0.075
957,eight,2023-12-31 00:00,2432,52.6,581,10.664,23.9,0.087
958,eight,2024-01-01 00:00,2554,53.566,483,9.816,18.9,0.095
959,eight,2024-01-02 00:00,1156,22.455,272,4.885,23.5,0.082
960,eight,2024-01-03 00:00,1791,23.654,227,3.615,12.7,0.11
961,eight,2024-01-04 00:00,2292,22.732,490,4.838,21.4,0.087
962,eight,2024-01-05 00:00,2140,28.768,361,5.096,16.9,0.094
963,eight,2024-01-06 00:00,2554,36.077,264,4.033,10.3,0.126
964,eight,2024-01-07 00:00,2554,31.068,594,6.241,23.2,0.079
965,eight,2024-01-08 00:00,2554,49.246,442,8.991,17.3,0.103
966,eight,2024-01-09 00:00,2554,52.339,323,5.547,12.7,0.127
967,eight,2024-01-10 00:00,2536,33.535,338,4.493,13.3,0.114
968,eight,2024-01-11 00:00,2467,52.219,528,6.304,21.4,0.094
969,eight,2024-01-12 00:00,2554,58.047,584,10.577,22.9,0.086
970,eight,2024-01-13 00:00,2554,44.368,456,7.956,17.9,0.094
971,eight,2024-01-14 00:00,2554,49.973,600,12.297,23.5,0.082
972,eight,2024-01-15 00:00,2476,51.243,551,11.353,22.2,0.083
973,eight,2024-01-16 00:00,2554,38.449,667,9.434,26.1,0.076
974,eight,2024-01-17 00:00,2554,58.879,699,12.895,27.4,0.078
975,eight,2024-01-18 00:00,2376,52.693,601,13.058,25.3,0.08
976,eight,2024-01-19 00:00,2554,59.101,503,12.325,19.7,0.089
977,eight,2024-01-20 00:00,976,15.762,207,2.996,21.2,0.088
978,eight,2024-01-21 00:00,1527,19.918,486,3.58,31.8,0.09
979,eight,2024-01-22 00:00,2526,35.224,454,7.124,18,0.093
980,eight,2024-01-23 00:00,2554,45.781,386,5.334,15.1,0.113
981,eight,2024-01-24 00:00,1694,25.111,254,3.677,15,0.11
982,eight,2024-01-25 00:00,2200,32.225,460,5.931,20.9,0.09
983,eight,2024-01-26 00:00,2554,37.573,557,8.927,21.8,0.083
984,eight,2024-01-27 00:00,2554,42.155,696,8.194,27.2,0.08
985,eight,2024-01-28 00:00,2550,56.576,476,8.533,18.7,0.1
986,eight,2024-01-29 00:00,2279,28.35,NA,NA,NA,NA
