Sample.ID,Site,Transect,Diameter.1,Diameter.2,Diameter.3,Diameter.mean,Note
1239,S1,T1,1.826,1.112,1.594,1.510666667,
1240,S1,T1,13.222,8.58,11.394,11.06533333,
1241,S1,T1,100,100,100,100,
1242,S1,T1,100,100,100,100,
1243,S1,T1,1.337,1.231,1.144,1.237333333,
1244,S1,T1,100,100,100,100,
1245,S1,T1,100,100,100,100,
1246,S1,T1,14.63,13.863,13.676,14.05633333,
1247,S1,T1,1.272,0.668,0.837,0.925666667,
1248,S1,T1,100,100,100,100,
1249,S1,T1,9.588,8.484,10.525,9.532333333,
1250,S1,T1,1.121,0.851,0.976,0.982666667,
1251,S1,T1,1.719,1.322,0.924,1.321666667,
1252,S1,T1,100,100,100,100,
1253,S1,T1,3.234,3.061,1.446,2.580333333,
1254,S1,T1,4.756,3.636,3.49,3.960666667,
1255,S1,T1,5.643,4.045,3.546,4.411333333,
1256,S1,T1,1.408,1.242,1.136,1.262,
1257,S1,T1,1.652,1.7,1.574,1.642,
1258,S1,T1,0.947,0.648,0.481,0.692,
1259,S1,T1,100,100,100,100,
1260,S1,T1,1.49,1.165,0.679,1.111333333,
1232,S1,T2,100,100,100,100,
1233,S1,T2,5.552,3.686,2.81,4.016,
1234,S1,T2,2.202,1.682,1.127,1.670333333,
1235,S1,T2,10.094,10.364,6.508,8.988666667,
1236,S1,T2,100,100,100,100,
1237,S1,T2,1.727,1.935,1.178,1.613333333,
1238,S1,T2,0.738,0.624,0.436,0.599333333,
1231,S1,T3,1.642,1.657,0.947,1.415333333,
1268,S1,T3,3.232,4.513,3.348,3.697666667,
1269,S1,T3,4.63,4.731,2.713,4.024666667,
1270,S1,T3,100,100,100,100,
1271,S1,T3,2.419,2.234,1.724,2.125666667,
1272,S1,T3,0.897,0.871,0.676,0.814666667,
1273,S1,T3,2.848,2.66,1.986,2.498,
1274,S1,T3,11.894,12.936,7.951,10.927,
1275,S1,T3,3.87,4.319,3.434,3.874333333,
1276,S1,T3,100,100,100,100,
1277,S1,T3,3.598,3.196,2.031,2.941666667,
1278,S1,T3,2.248,2.137,1.767,2.050666667,
1279,S1,T3,9.388,9.914,5.669,8.323666667,
1280,S1,T3,100,100,100,100,
1282,S1,T3,11.052,10.047,7.066,9.388333333,
1286,S1,T3,100,100,100,100,
1306,S1,T3,9.471,9.239,7.452,8.720666667,
1307,S1,T3,2.241,2.129,1.69,2.02,
1309,S1,T3,100,100,100,100,
1310,S1,T3,0.71,0.543,0.482,0.578333333,
1311,S1,T3,100,100,100,100,
1312,S1,T3,100,100,100,100,
1313,S1,T3,12.516,11.292,6.076,9.961333333,
1314,S1,T3,NA,NA,NA,#DIV/0!,
1315,S1,T3,3.232,2.946,3.154,3.110666667,
1347,S1,T3,2.827,2.732,1.696,2.418333333,
1281,S1,T4,7.347,7.664,7.607,7.539333333,
1283,S1,T4,100,100,100,100,
1284,S1,T4,1.643,2.567,1.509,1.906333333,
1308,S1,T4,0.928,0.919,0.415,0.754,
1285,S1,T5,5.486,4.508,4.355,4.783,
1287,S1,T5,1.739,1.874,1.785,1.799333333,
1304,S1,T5,3.631,3.346,3.241,3.406,
1305,S1,T5,12.354,10.298,8.615,10.42233333,
1314,S1,T5,100,100,100,100,
1288,S1,T6,1.354,1.249,0.856,1.153,
1289,S1,T6,2.689,3.075,2.325,2.696333333,
1290,S1,T6,2.584,2.314,1.772,2.223333333,
1291,S1,T6,0.726,0.417,0.23,0.457666667,
1292,S1,T6,1.812,1.68,1.224,1.572,
1293,S1,T6,1.162,1.012,0.801,0.991666667,
2100,S11,T1,7.543,6.289,5.382,6.404666667,
2101,S11,T1,100,100,100,100,
2102,S11,T1,13.17,13.265,10.828,12.421,
2103,S11,T1,1.434,1.485,1.064,1.327666667,
2104,S11,T1,1.084,1.539,1.011,1.211333333,
2150,S11,T1,6.724,9.232,4.802,6.919333333,
2163,S11,T1,100,100,100,100,
2168,S11,T1,1.129,1.27,1.255,1.218,
2169,S11,T1,0.885,0.984,0.41,0.759666667,
2237,S11,T1,5.583,5.076,3.278,4.645666667,
2240,S11,T1,2.106,1.737,0.807,1.55,
2241,S11,T1,9.236,8.862,9.741,9.279666667,
2242,S11,T1,1.329,1.452,0.704,1.161666667,
2243,S11,T1,100,100,100,100,
2244,S11,T1,100,100,100,100,
2245,S11,T1,14.584,12.346,10.106,12.34533333,
2246,S11,T1,5.412,6.392,5.744,5.849333333,
2247,S11,T1,13.926,12.537,13.12,13.19433333,
2248,S11,T1,14.717,12,10.847,12.52133333,
2249,S11,T1,100,100,100,100,
2250,S11,T1,100,100,100,100,
2251,S11,T1,1.171,1.143,1.068,1.127333333,
2252,S11,T1,0.624,0.646,0.698,0.656,
2253,S11,T1,0.711,0.992,1.142,0.948333333,
2254,S11,T1,0.838,0.949,0.948,0.911666667,
2255,S11,T1,10.79,8.232,9.241,9.421,
2256,S11,T1,10.883,10.134,8.858,9.958333333,
2257,S11,T1,5.364,4.846,4.123,4.777666667,
2258,S11,T1,0.76,0.639,0.332,0.577,
2259,S11,T1,0.57,0.585,0.171,0.442,
2260,S11,T1,5.095,5.274,3.21,4.526333333,
2261,S11,T1,2.928,2.508,2.619,2.685,
2262,S11,T1,9.15,11.173,7.979,9.434,
2263,S11,T1,2.736,2.754,2.997,2.829,
2264,S11,T1,8.084,7.288,6.146,7.172666667,
2265,S11,T1,1.433,1.255,1.481,1.389666667,
2266,S11,T1,11.148,7.855,7.598,8.867,
2267,S11,T1,11.575,11.21,8.181,10.322,
2268,S11,T1,14.685,14.961,14.125,14.59033333,
2269,S11,T1,9.389,10.02,6.423,8.610666667,
2270,S11,T1,4.029,3.584,4.535,4.049333333,
2271,S11,T1,100,100,100,100,
2272,S11,T1,100,100,100,100,
2273,S11,T1,8.407,8.153,7.59,8.05,
2274,S11,T1,100,100,100,100,
2275,S11,T1,100,100,100,100,
2276,S11,T1,13.17,13.415,11.316,12.63366667,
2277,S11,T1,1.318,1.564,0.825,1.235666667,
2278,S11,T1,9.74,9.981,4.407,8.042666667,
2279,S11,T1,9.304,7.993,8.461,8.586,
2280,S11,T1,9.199,8.033,6.545,7.925666667,
2281,S11,T1,2.974,2.883,2.808,2.888333333,
2282,S11,T1,100,100,100,100,
2283,S11,T1,15.622,13.134,10.138,12.96466667,
2284,S11,T1,1.311,1.081,0.775,1.055666667,
2285,S11,T1,1.573,1.885,1.365,1.607666667,
2286,S11,T1,0.942,0.919,0.412,0.757666667,
2287,S11,T1,15.604,14.829,11.09,13.841,
2288,S11,T1,,,,#DIV/0!,
2289,S11,T1,,,,#DIV/0!,
2290,S11,T1,,,,#DIV/0!,
2291,S11,T1,,,,#DIV/0!,
2292,S11,T1,,,,#DIV/0!,
2293,S11,T1,,,,#DIV/0!,
2294,S11,T1,,,,#DIV/0!,
2295,S11,T1,,,,#DIV/0!,
2296,S11,T1,,,,#DIV/0!,
2297,S11,T1,,,,#DIV/0!,
2298,S11,T1,,,,#DIV/0!,
2299,S11,T1,,,,#DIV/0!,
2300,S11,T1,,,,#DIV/0!,
2301,S11,T1,,,,#DIV/0!,
2302,S11,T1,,,,#DIV/0!,
2303,S11,T1,,,,#DIV/0!,
2304,S11,T1,,,,#DIV/0!,
2305,S11,T1,,,,#DIV/0!,
2306,S11,T1,,,,#DIV/0!,
2307,S11,T1,,,,#DIV/0!,
2308,S11,T1,,,,#DIV/0!,
2309,S11,T1,,,,#DIV/0!,
2310,S11,T1,,,,#DIV/0!,
2311,S11,T1,,,,#DIV/0!,
2312,S11,T1,,,,#DIV/0!,
2313,S11,T1,,,,#DIV/0!,
2314,S11,T1,,,,#DIV/0!,
2315,S11,T1,,,,#DIV/0!,
2316,S11,T1,,,,#DIV/0!,
2317,S11,T1,,,,#DIV/0!,
2318,S11,T1,,,,#DIV/0!,
2319,S11,T1,,,,#DIV/0!,
2320,S11,T1,,,,#DIV/0!,
2321,S11,T1,,,,#DIV/0!,
2322,S11,T1,,,,#DIV/0!,
2323,S11,T1,,,,#DIV/0!,
2324,S11,T1,,,,#DIV/0!,
2105,S11,T2,,,,#DIV/0!,
2106,S11,T2,,,,#DIV/0!,
2107,S11,T2,,,,#DIV/0!,
2108,S11,T2,,,,#DIV/0!,
2109,S11,T2,,,,#DIV/0!,
2110,S11,T2,,,,#DIV/0!,
2111,S11,T2,,,,#DIV/0!,
2112,S11,T2,,,,#DIV/0!,
2113,S11,T2,,,,#DIV/0!,
2114,S11,T2,,,,#DIV/0!,
2115,S11,T2,,,,#DIV/0!,
2116,S11,T2,,,,#DIV/0!,
2117,S11,T2,,,,#DIV/0!,
2118,S11,T2,,,,#DIV/0!,
2119,S11,T2,,,,#DIV/0!,
2120,S11,T2,,,,#DIV/0!,
2121,S11,T2,,,,#DIV/0!,
2122,S11,T2,,,,#DIV/0!,
2123,S11,T2,,,,#DIV/0!,
2124,S11,T2,,,,#DIV/0!,
2125,S11,T2,,,,#DIV/0!,
2126,S11,T2,,,,#DIV/0!,
2127,S11,T2,,,,#DIV/0!,
2128,S11,T2,,,,#DIV/0!,
2129,S11,T2,,,,#DIV/0!,
2130,S11,T2,,,,#DIV/0!,
2131,S11,T2,,,,#DIV/0!,
2132,S11,T2,,,,#DIV/0!,
2133,S11,T2,,,,#DIV/0!,
2134,S11,T2,,,,#DIV/0!,
2135,S11,T2,,,,#DIV/0!,
2136,S11,T2,,,,#DIV/0!,
2137,S11,T2,,,,#DIV/0!,
2138,S11,T2,,,,#DIV/0!,
2139,S11,T2,,,,#DIV/0!,
2140,S11,T2,,,,#DIV/0!,
2141,S11,T2,,,,#DIV/0!,
2142,S11,T2,,,,#DIV/0!,
2143,S11,T2,,,,#DIV/0!,
2144,S11,T2,,,,#DIV/0!,
2145,S11,T2,,,,#DIV/0!,
2146,S11,T2,,,,#DIV/0!,
2147,S11,T2,,,,#DIV/0!,
2149,S11,T2,,,,#DIV/0!,
2151,S11,T2,,,,#DIV/0!,
2152,S11,T2,,,,#DIV/0!,
2153,S11,T2,,,,#DIV/0!,
2154,S11,T2,,,,#DIV/0!,
2155,S11,T2,,,,#DIV/0!,
2156,S11,T2,,,,#DIV/0!,
2157,S11,T2,,,,#DIV/0!,
2158,S11,T2,,,,#DIV/0!,
2159,S11,T2,,,,#DIV/0!,
2170,S11,T2,,,,#DIV/0!,
2227,S11,T2,,,,#DIV/0!,
2228,S11,T2,,,,#DIV/0!,
2507,S11,T3,,,,#DIV/0!,
2508,S11,T3,,,,#DIV/0!,
2509,S11,T3,,,,#DIV/0!,
2510,S11,T3,,,,#DIV/0!,
2511,S11,T3,,,,#DIV/0!,
2512,S11,T3,,,,#DIV/0!,
2513,S11,T3,,,,#DIV/0!,
2514,S11,T3,,,,#DIV/0!,
2515,S11,T3,,,,#DIV/0!,
2516,S11,T3,,,,#DIV/0!,
2517,S11,T3,,,,#DIV/0!,
2518,S11,T3,,,,#DIV/0!,
2519,S11,T3,,,,#DIV/0!,
2520,S11,T3,,,,#DIV/0!,
2521,S11,T3,,,,#DIV/0!,
2522,S11,T3,,,,#DIV/0!,
2523,S11,T3,,,,#DIV/0!,
2524,S11,T3,,,,#DIV/0!,
2525,S11,T3,,,,#DIV/0!,
2526,S11,T3,,,,#DIV/0!,
2527,S11,T3,,,,#DIV/0!,
2531,S11,T3,,,,#DIV/0!,
2533,S11,T3,,,,#DIV/0!,
2539,S11,T3,,,,#DIV/0!,
2540,S11,T3,,,,#DIV/0!,
2541,S11,T3,,,,#DIV/0!,
2542,S11,T3,,,,#DIV/0!,
2543,S11,T3,,,,#DIV/0!,
2544,S11,T3,,,,#DIV/0!,
2545,S11,T3,,,,#DIV/0!,
2546,S11,T3,,,,#DIV/0!,
2547,S11,T3,,,,#DIV/0!,
2548,S11,T3,,,,#DIV/0!,
2549,S11,T3,,,,#DIV/0!,
2550,S11,T3,,,,#DIV/0!,
2551,S11,T3,,,,#DIV/0!,
2528,S11,T4,,,,#DIV/0!,
2529,S11,T4,,,,#DIV/0!,
2530,S11,T4,,,,#DIV/0!,
2532,S11,T4,,,,#DIV/0!,
2534,S11,T4,,,,#DIV/0!,
2535,S11,T4,,,,#DIV/0!,
2536,S11,T4,,,,#DIV/0!,
2537,S11,T4,,,,#DIV/0!,
2538,S11,T4,,,,#DIV/0!,
2686,S11,T4,,,,#DIV/0!,
2687,S11,T4,,,,#DIV/0!,
2688,S11,T4,,,,#DIV/0!,
2689,S11,T4,,,,#DIV/0!,
2690,S11,T4,,,,#DIV/0!,
2697,S11,T4,,,,#DIV/0!,
2698,S11,T4,,,,#DIV/0!,
2699,S11,T4,,,,#DIV/0!,
2700,S11,T4,,,,#DIV/0!,
2701,S11,T4,,,,#DIV/0!,
2702,S11,T4,,,,#DIV/0!,
2703,S11,T4,,,,#DIV/0!,
2704,S11,T4,,,,#DIV/0!,
2705,S11,T4,,,,#DIV/0!,
2706,S11,T4,,,,#DIV/0!,
2707,S11,T4,,,,#DIV/0!,
2708,S11,T4,,,,#DIV/0!,
2709,S11,T4,,,,#DIV/0!,
2710,S11,T4,,,,#DIV/0!,
2711,S11,T4,,,,#DIV/0!,
2712,S11,T4,,,,#DIV/0!,
2713,S11,T4,,,,#DIV/0!,
2714,S11,T4,,,,#DIV/0!,
2715,S11,T4,,,,#DIV/0!,
2716,S11,T4,,,,#DIV/0!,
2717,S11,T4,,,,#DIV/0!,
2718,S11,T4,,,,#DIV/0!,
2719,S11,T4,,,,#DIV/0!,
2720,S11,T4,,,,#DIV/0!,
2721,S11,T4,,,,#DIV/0!,
2722,S11,T4,,,,#DIV/0!,
2723,S11,T4,,,,#DIV/0!,
2724,S11,T4,,,,#DIV/0!,
2725,S11,T4,,,,#DIV/0!,
2726,S11,T4,,,,#DIV/0!,
2727,S11,T4,,,,#DIV/0!,
2728,S11,T4,,,,#DIV/0!,
2729,S11,T4,,,,#DIV/0!,
2730,S11,T4,,,,#DIV/0!,
2731,S11,T4,,,,#DIV/0!,
2732,S11,T4,,,,#DIV/0!,
2733,S11,T4,,,,#DIV/0!,
2734,S11,T4,,,,#DIV/0!,
2691,S11,T5,,,,#DIV/0!,
2692,S11,T5,,,,#DIV/0!,
2693,S11,T5,,,,#DIV/0!,
2694,S11,T5,,,,#DIV/0!,
2695,S11,T5,,,,#DIV/0!,
2696,S11,T5,,,,#DIV/0!,
2735,S11,T5,,,,#DIV/0!,
2737,S11,T5,,,,#DIV/0!,
2791,S11,T5,,,,#DIV/0!,
2792,S11,T5,,,,#DIV/0!,
2793,S11,T5,,,,#DIV/0!,
2794,S11,T5,,,,#DIV/0!,
2795,S11,T5,,,,#DIV/0!,
2796,S11,T5,,,,#DIV/0!,
2797,S11,T5,,,,#DIV/0!,
2798,S11,T5,,,,#DIV/0!,
2799,S11,T5,,,,#DIV/0!,
2800,S11,T5,,,,#DIV/0!,
2801,S11,T5,,,,#DIV/0!,
2802,S11,T5,,,,#DIV/0!,
2803,S11,T5,,,,#DIV/0!,
2804,S11,T5,,,,#DIV/0!,
2805,S11,T5,,,,#DIV/0!,
2806,S11,T5,,,,#DIV/0!,
2807,S11,T5,,,,#DIV/0!,
2808,S11,T5,,,,#DIV/0!,
2809,S11,T5,,,,#DIV/0!,
2810,S11,T5,,,,#DIV/0!,
2811,S11,T5,,,,#DIV/0!,
2812,S11,T5,,,,#DIV/0!,
2813,S11,T5,,,,#DIV/0!,
2814,S11,T5,,,,#DIV/0!,
2815,S11,T5,,,,#DIV/0!,
2816,S11,T5,,,,#DIV/0!,
2817,S11,T5,,,,#DIV/0!,
2818,S11,T5,,,,#DIV/0!,
2819,S11,T5,,,,#DIV/0!,
2820,S11,T5,,,,#DIV/0!,
2821,S11,T5,,,,#DIV/0!,
2736,S11,T6,,,,#DIV/0!,
2738,S11,T6,,,,#DIV/0!,
2739,S11,T6,,,,#DIV/0!,
2740,S11,T6,,,,#DIV/0!,
2741,S11,T6,,,,#DIV/0!,
2742,S11,T6,,,,#DIV/0!,
2743,S11,T6,,,,#DIV/0!,
2744,S11,T6,,,,#DIV/0!,
2745,S11,T6,,,,#DIV/0!,
2746,S11,T6,,,,#DIV/0!,
2747,S11,T6,,,,#DIV/0!,
2748,S11,T6,,,,#DIV/0!,
2749,S11,T6,,,,#DIV/0!,
2750,S11,T6,,,,#DIV/0!,
2751,S11,T6,,,,#DIV/0!,
2752,S11,T6,,,,#DIV/0!,
2753,S11,T6,,,,#DIV/0!,
2754,S11,T6,,,,#DIV/0!,
2755,S11,T6,,,,#DIV/0!,
2756,S11,T6,,,,#DIV/0!,
2757,S11,T6,,,,#DIV/0!,
2758,S11,T6,,,,#DIV/0!,
2759,S11,T6,,,,#DIV/0!,
2760,S11,T6,,,,#DIV/0!,
2761,S11,T6,,,,#DIV/0!,
2762,S11,T6,,,,#DIV/0!,
2763,S11,T6,,,,#DIV/0!,
2764,S11,T6,,,,#DIV/0!,
2765,S11,T6,,,,#DIV/0!,
2766,S11,T6,,,,#DIV/0!,
2767,S11,T6,,,,#DIV/0!,
2768,S11,T6,,,,#DIV/0!,
2769,S11,T6,,,,#DIV/0!,
2770,S11,T6,,,,#DIV/0!,
2771,S11,T6,,,,#DIV/0!,
2772,S11,T6,,,,#DIV/0!,
2773,S11,T6,,,,#DIV/0!,
2774,S11,T6,,,,#DIV/0!,
2775,S11,T6,,,,#DIV/0!,
2776,S11,T6,,,,#DIV/0!,
2777,S11,T6,,,,#DIV/0!,
2778,S11,T6,,,,#DIV/0!,
2779,S11,T6,,,,#DIV/0!,
2780,S11,T6,,,,#DIV/0!,
2781,S11,T6,,,,#DIV/0!,
2782,S11,T6,,,,#DIV/0!,
2783,S11,T6,,,,#DIV/0!,
2784,S11,T6,,,,#DIV/0!,
2785,S11,T6,,,,#DIV/0!,
2786,S11,T6,,,,#DIV/0!,
2787,S11,T6,,,,#DIV/0!,
2788,S11,T6,,,,#DIV/0!,
2789,S11,T6,,,,#DIV/0!,
2790,S11,T6,,,,#DIV/0!,
3332,S12,T1,,,,#DIV/0!,
3334,S12,T1,,,,#DIV/0!,
3335,S12,T1,,,,#DIV/0!,
3351,S12,T1,,,,#DIV/0!,
3352,S12,T1,,,,#DIV/0!,
3353,S12,T1,,,,#DIV/0!,
3354,S12,T1,,,,#DIV/0!,
3355,S12,T1,,,,#DIV/0!,
3356,S12,T1,,,,#DIV/0!,
3357,S12,T1,,,,#DIV/0!,
3358,S12,T1,,,,#DIV/0!,
3359,S12,T1,,,,#DIV/0!,
3360,S12,T1,,,,#DIV/0!,
3361,S12,T1,,,,#DIV/0!,
3362,S12,T1,,,,#DIV/0!,
3363,S12,T1,,,,#DIV/0!,
3364,S12,T1,,,,#DIV/0!,
3365,S12,T1,,,,#DIV/0!,
3366,S12,T1,,,,#DIV/0!,
3367,S12,T1,,,,#DIV/0!,
3368,S12,T1,,,,#DIV/0!,
3369,S12,T1,,,,#DIV/0!,
3370,S12,T1,,,,#DIV/0!,
3371,S12,T1,,,,#DIV/0!,
3372,S12,T1,,,,#DIV/0!,
3373,S12,T1,,,,#DIV/0!,
3374,S12,T1,,,,#DIV/0!,
3375,S12,T1,,,,#DIV/0!,
3376,S12,T1,,,,#DIV/0!,
3377,S12,T1,,,,#DIV/0!,
3378,S12,T1,,,,#DIV/0!,
3379,S12,T1,,,,#DIV/0!,
3380,S12,T1,,,,#DIV/0!,
3381,S12,T1,,,,#DIV/0!,
3382,S12,T1,,,,#DIV/0!,
3383,S12,T1,,,,#DIV/0!,
3384,S12,T1,,,,#DIV/0!,
3385,S12,T1,,,,#DIV/0!,
3386,S12,T1,,,,#DIV/0!,
3387,S12,T1,,,,#DIV/0!,
3388,S12,T1,,,,#DIV/0!,
3389,S12,T1,,,,#DIV/0!,
3390,S12,T1,,,,#DIV/0!,
3391,S12,T1,,,,#DIV/0!,
3392,S12,T1,,,,#DIV/0!,
3393,S12,T1,,,,#DIV/0!,
3394,S12,T1,,,,#DIV/0!,
3395,S12,T1,,,,#DIV/0!,
3396,S12,T1,,,,#DIV/0!,
3397,S12,T1,,,,#DIV/0!,
3398,S12,T1,,,,#DIV/0!,
3399,S12,T1,,,,#DIV/0!,
3400,S12,T1,,,,#DIV/0!,
3401,S12,T1,,,,#DIV/0!,
3402,S12,T1,,,,#DIV/0!,
3403,S12,T1,,,,#DIV/0!,
3404,S12,T1,,,,#DIV/0!,
3405,S12,T1,,,,#DIV/0!,
3406,S12,T1,,,,#DIV/0!,
3407,S12,T1,,,,#DIV/0!,
3408,S12,T1,,,,#DIV/0!,
3409,S12,T1,,,,#DIV/0!,
3410,S12,T1,,,,#DIV/0!,
3411,S12,T1,,,,#DIV/0!,
3412,S12,T1,,,,#DIV/0!,
3413,S12,T1,,,,#DIV/0!,
3414,S12,T1,,,,#DIV/0!,
3415,S12,T1,,,,#DIV/0!,
3416,S12,T1,,,,#DIV/0!,
3417,S12,T1,,,,#DIV/0!,
3418,S12,T1,,,,#DIV/0!,
3419,S12,T1,,,,#DIV/0!,
3420,S12,T1,,,,#DIV/0!,
3421,S12,T1,,,,#DIV/0!,
3422,S12,T1,,,,#DIV/0!,
3423,S12,T1,,,,#DIV/0!,
3424,S12,T1,,,,#DIV/0!,
3425,S12,T1,,,,#DIV/0!,
3426,S12,T1,,,,#DIV/0!,
3427,S12,T1,,,,#DIV/0!,
3428,S12,T1,,,,#DIV/0!,
3429,S12,T1,,,,#DIV/0!,
3430,S12,T1,,,,#DIV/0!,
3431,S12,T1,,,,#DIV/0!,
3432,S12,T1,,,,#DIV/0!,
3433,S12,T1,,,,#DIV/0!,
3434,S12,T1,,,,#DIV/0!,
3435,S12,T1,,,,#DIV/0!,
3436,S12,T1,,,,#DIV/0!,
3437,S12,T1,,,,#DIV/0!,
3438,S12,T1,,,,#DIV/0!,
3439,S12,T1,,,,#DIV/0!,
3440,S12,T1,,,,#DIV/0!,
3466,S12,T1,,,,#DIV/0!,
3467,S12,T1,,,,#DIV/0!,
3468,S12,T1,,,,#DIV/0!,
3469,S12,T1,,,,#DIV/0!,
3470,S12,T1,,,,#DIV/0!,
3441,S12,T2,,,,#DIV/0!,
3442,S12,T2,,,,#DIV/0!,
3443,S12,T2,,,,#DIV/0!,
3444,S12,T2,,,,#DIV/0!,
3445,S12,T2,,,,#DIV/0!,
3446,S12,T2,,,,#DIV/0!,
3447,S12,T2,,,,#DIV/0!,
3448,S12,T2,,,,#DIV/0!,
3449,S12,T2,,,,#DIV/0!,
3450,S12,T2,,,,#DIV/0!,
3451,S12,T2,,,,#DIV/0!,
3452,S12,T2,,,,#DIV/0!,
3453,S12,T2,,,,#DIV/0!,
3454,S12,T2,,,,#DIV/0!,
3455,S12,T2,,,,#DIV/0!,
3456,S12,T2,,,,#DIV/0!,
3457,S12,T2,,,,#DIV/0!,
3458,S12,T2,,,,#DIV/0!,
3459,S12,T2,,,,#DIV/0!,
3460,S12,T2,,,,#DIV/0!,
3461,S12,T2,,,,#DIV/0!,
3462,S12,T2,,,,#DIV/0!,
3463,S12,T2,,,,#DIV/0!,
3464,S12,T2,,,,#DIV/0!,
3465,S12,T2,,,,#DIV/0!,
3471,S12,T2,,,,#DIV/0!,
3472,S12,T2,,,,#DIV/0!,
3473,S12,T2,,,,#DIV/0!,
3474,S12,T2,,,,#DIV/0!,
3475,S12,T2,,,,#DIV/0!,
3476,S12,T2,,,,#DIV/0!,
3477,S12,T2,,,,#DIV/0!,
3478,S12,T2,,,,#DIV/0!,
3479,S12,T2,,,,#DIV/0!,
3480,S12,T2,,,,#DIV/0!,
3481,S12,T2,,,,#DIV/0!,
3482,S12,T2,,,,#DIV/0!,
3483,S12,T2,,,,#DIV/0!,
3484,S12,T2,,,,#DIV/0!,
3485,S12,T2,,,,#DIV/0!,
3486,S12,T2,,,,#DIV/0!,
3487,S12,T2,,,,#DIV/0!,
3488,S12,T2,,,,#DIV/0!,
3489,S12,T2,,,,#DIV/0!,
3490,S12,T2,,,,#DIV/0!,
3491,S12,T2,,,,#DIV/0!,
3492,S12,T2,,,,#DIV/0!,
3493,S12,T2,,,,#DIV/0!,
3494,S12,T2,,,,#DIV/0!,
3500,S12,T2,,,,#DIV/0!,
3502,S12,T2,,,,#DIV/0!,
3503,S12,T2,,,,#DIV/0!,
3505,S12,T2,,,,#DIV/0!,
3521,S12,T2,,,,#DIV/0!,
3522,S12,T2,,,,#DIV/0!,
3525,S12,T2,,,,#DIV/0!,
3526,S12,T2,,,,#DIV/0!,
3527,S12,T2,,,,#DIV/0!,
3528,S12,T2,,,,#DIV/0!,
3529,S12,T2,,,,#DIV/0!,
3530,S12,T2,,,,#DIV/0!,
3651,S12,T2,,,,#DIV/0!,
3652,S12,T2,,,,#DIV/0!,
3653,S12,T2,,,,#DIV/0!,
3654,S12,T2,,,,#DIV/0!,
3655,S12,T2,,,,#DIV/0!,
3656,S12,T2,,,,#DIV/0!,
3657,S12,T2,,,,#DIV/0!,
3658,S12,T2,,,,#DIV/0!,
3659,S12,T2,,,,#DIV/0!,
3660,S12,T2,,,,#DIV/0!,
3661,S12,T2,,,,#DIV/0!,
3662,S12,T2,,,,#DIV/0!,
3664,S12,T2,,,,#DIV/0!,
3665,S12,T2,,,,#DIV/0!,
3666,S12,T2,,,,#DIV/0!,
3667,S12,T2,,,,#DIV/0!,
3668,S12,T2,,,,#DIV/0!,
3669,S12,T2,,,,#DIV/0!,
3670,S12,T2,,,,#DIV/0!,
3671,S12,T2,,,,#DIV/0!,
3672,S12,T2,,,,#DIV/0!,
3673,S12,T2,,,,#DIV/0!,
3674,S12,T2,,,,#DIV/0!,
3675,S12,T2,,,,#DIV/0!,
3676,S12,T2,,,,#DIV/0!,
3677,S12,T2,,,,#DIV/0!,
3678,S12,T2,,,,#DIV/0!,
3679,S12,T2,,,,#DIV/0!,
3680,S12,T2,,,,#DIV/0!,
2912,S12,T3,,,,#DIV/0!,
2914,S12,T3,,,,#DIV/0!,
2915,S12,T3,,,,#DIV/0!,
2916,S12,T3,,,,#DIV/0!,
2917,S12,T3,,,,#DIV/0!,
2918,S12,T3,,,,#DIV/0!,
2919,S12,T3,,,,#DIV/0!,
2920,S12,T3,,,,#DIV/0!,
2921,S12,T3,,,,#DIV/0!,
2924,S12,T3,,,,#DIV/0!,
2925,S12,T3,,,,#DIV/0!,
2926,S12,T3,,,,#DIV/0!,
3495,S12,T3,,,,#DIV/0!,
3496,S12,T3,,,,#DIV/0!,
3497,S12,T3,,,,#DIV/0!,
3498,S12,T3,,,,#DIV/0!,
3499,S12,T3,,,,#DIV/0!,
3501,S12,T3,,,,#DIV/0!,
3504,S12,T3,,,,#DIV/0!,
3506,S12,T3,,,,#DIV/0!,
3507,S12,T3,,,,#DIV/0!,
3508,S12,T3,,,,#DIV/0!,
3509,S12,T3,,,,#DIV/0!,
3510,S12,T3,,,,#DIV/0!,
3511,S12,T3,,,,#DIV/0!,
3512,S12,T3,,,,#DIV/0!,
3513,S12,T3,,,,#DIV/0!,
3514,S12,T3,,,,#DIV/0!,
3516,S12,T3,,,,#DIV/0!,
3517,S12,T3,,,,#DIV/0!,
3518,S12,T3,,,,#DIV/0!,
3519,S12,T3,,,,#DIV/0!,
3520,S12,T3,,,,#DIV/0!,
3523,S12,T3,,,,#DIV/0!,
3524,S12,T3,,,,#DIV/0!,
3561,S12,T3,,,,#DIV/0!,
3562,S12,T3,,,,#DIV/0!,
3563,S12,T3,,,,#DIV/0!,
3564,S12,T3,,,,#DIV/0!,
3565,S12,T3,,,,#DIV/0!,
3566,S12,T3,,,,#DIV/0!,
3567,S12,T3,,,,#DIV/0!,
3568,S12,T3,,,,#DIV/0!,
3569,S12,T3,,,,#DIV/0!,
3570,S12,T3,,,,#DIV/0!,
3571,S12,T3,,,,#DIV/0!,
3572,S12,T3,,,,#DIV/0!,
3573,S12,T3,,,,#DIV/0!,
3574,S12,T3,,,,#DIV/0!,
3575,S12,T3,,,,#DIV/0!,
3576,S12,T3,,,,#DIV/0!,
3577,S12,T3,,,,#DIV/0!,
3578,S12,T3,,,,#DIV/0!,
3579,S12,T3,,,,#DIV/0!,
3580,S12,T3,,,,#DIV/0!,
3581,S12,T3,,,,#DIV/0!,
3582,S12,T3,,,,#DIV/0!,
3583,S12,T3,,,,#DIV/0!,
3584,S12,T3,,,,#DIV/0!,
3585,S12,T3,,,,#DIV/0!,
3586,S12,T3,,,,#DIV/0!,
3587,S12,T3,,,,#DIV/0!,
3588,S12,T3,,,,#DIV/0!,
3589,S12,T3,,,,#DIV/0!,
3590,S12,T3,,,,#DIV/0!,
3618,S12,T3,,,,#DIV/0!,
3619,S12,T3,,,,#DIV/0!,
3620,S12,T3,,,,#DIV/0!,
3353,S14,T1,150,150,150,150,
3531,S14,T1,150,150,150,150,
3532,S14,T1,5.219,3.921,4.648,4.596,
3533,S14,T1,150,150,150,150,
3534,S14,T1,13.003,14.56,10.323,12.62866667,
3535,S14,T1,2.192,1.437,1.945,1.858,
3536,S14,T1,220.238,180.148,110.139,170.175,
3537,S14,T1,11.599,11.704,12.067,11.79,
3538,S14,T1,0.702,0.741,0.49,0.644333333,
3539,S14,T1,14.496,14.991,13.55,14.34566667,
3540,S14,T1,31.613,31.031,30.851,31.165,
3541,S14,T1,150,150,150,150,
3542,S14,T1,40.805,31.636,18.503,30.31466667,
3543,S14,T1,1.29,1.616,1.149,1.351666667,
3544,S14,T1,1.979,1.663,1.271,1.637666667,
3545,S14,T1,2.258,1.778,1.358,1.798,
3546,S14,T1,150,150,150,150,
3547,S14,T1,1.466,1.844,1.331,1.547,
3548,S14,T1,13.784,10.888,9.142,11.27133333,
3549,S14,T1,150,150,150,150,
3550,S14,T1,3.206,2.954,2.119,2.759666667,
3551,S14,T1,7.816,5.979,4.586,6.127,
3552,S14,T1,150,150,150,150,
3554,S14,T1,13.995,11.368,8.735,11.366,
3555,S14,T1,9.156,6.767,5.711,7.211333333,
3556,S14,T1,150,150,150,150,
3557,S14,T1,22.775,33.669,28.126,28.19,
3558,S14,T1,5.691,5.349,3.691,4.910333333,
3559,S14,T1,23.914,19.436,10.855,18.06833333,was a branch from a big colonie. Not all the colonies on the pic.
3560,S14,T1,27.308,20.897,20.077,22.76066667,
3591,S14,T1,5.713,5.415,4.714,5.280666667,
3592,S14,T1,1.058,1.763,0.971,1.264,
3593,S14,T1,150,150,150,150,
3594,S14,T1,15.018,13.918,12.733,13.88966667,
3595,S14,T1,1.103,1.072,0.74,0.971666667,
3596,S14,T1,3.661,3.28,2.871,3.270666667,
3597,S14,T1,2.016,1.724,1.182,1.640666667,
3598,S14,T1,2.926,2.076,2.501,2.501,
3599,S14,T1,1.077,0.959,1.176,1.070666667,
3600,S14,T1,3.558,3.355,3,3.304333333,
3601,S14,T1,3.974,3.776,4.166,3.972,
3602,S14,T1,150,150,150,150,
3603,S14,T1,20.223,16.506,11.126,15.95166667,
3604,S14,T1,19.763,22.474,13.737,18.658,
3605,S14,T1,31.74,25.779,12.678,23.399,do not have the full colonie on the pic
3606,S14,T1,22.542,24.682,18.566,21.93,
3607,S14,T1,150,150,150,150,do not have the full colonie on the pic
3608,S14,T1,18.045,16.937,16.954,17.312,
3609,S14,T1,150,150,150,150,do not have the full colonie on the pic
3610,S14,T1,18.27,13.499,13.111,14.96,
3611,S14,T1,6.428,6.321,4.907,5.885333333,
3612,S14,T1,19.422,30.895,25.085,25.134,
3613,S14,T1,150,150,150,150,
3614,S14,T1,28.447,30.181,20.717,26.44833333,
3615,S14,T1,0.938,0.858,0.412,0.736,
3616,S14,T1,12.032,12.32,11.179,11.84366667,
3617,S14,T1,22.918,16.857,11.853,17.20933333,do not have the full colonie on the pic
3621,S14,T1,25.941,24.143,24.201,24.76166667,
3622,S14,T1,16.938,14.034,14.533,15.16833333,
3623,S14,T1,27.254,20.944,15.636,21.278,
3624,S14,T1,2.995,2.795,2.22,2.67,
3625,S14,T1,13.704,12.872,8.481,11.68566667,
3626,S14,T1,11.072,10.616,8.928,10.20533333,
3627,S14,T1,27.629,27.921,10.754,22.10133333,
3628,S14,T1,18.019,16.684,18.817,17.84,
3629,S14,T1,35.31,39.369,16.228,30.30233333,
3630,S14,T1,20.391,18.733,19.53,19.55133333,
3631,S14,T1,3.808,3.854,1.735,3.132333333,
3632,S14,T1,5.998,5.827,4.424,5.416333333,
3633,S14,T1,3.835,3.07,3.074,3.326333333,
3634,S14,T1,1.98,1.992,2.053,2.008333333,
3635,S14,T1,1.657,1.335,0.703,1.231666667,
3636,S14,T1,5.616,4.447,4.201,4.754666667,
3637,S14,T1,14.432,17.714,12.021,14.72233333,
3638,S14,T1,1.978,1.954,1.857,1.929666667,
3639,S14,T1,17.869,21.243,20.921,20.011,
3640,S14,T1,13.044,14.113,6.639,11.26533333,
3641,S14,T1,10.895,9.97,10.902,10.589,
3642,S14,T1,1.158,1.059,0.921,1.046,
3643,S14,T1,1.993,2.04,1.141,1.724666667,
3644,S14,T1,5.247,5.332,3.731,4.77,
3645,S14,T1,15.601,15.62,12.423,14.548,
3646,S14,T1,16.942,14.719,13.279,14.98,
3647,S14,T1,3.809,3.526,2.234,3.189666667,
3648,S14,T1,12.321,12.058,5.327,9.902,
3649,S14,T1,150,150,150,150,
3650,S14,T1,33.014,34.287,12.271,26.524,
3706,S14,T1,19.397,17.921,14.029,17.11566667,
3707,S14,T1,15.39,17.529,14.128,15.68233333,
3708,S14,T1,4.656,4.717,2.445,3.939333333,
3709,S14,T1,1.384,1.736,0.827,1.315666667,
3710,S14,T1,20.239,15.523,15.607,17.123,
3711,S14,T1,1.063,0.905,0.562,0.843333333,
3712,S14,T1,150,150,150,150,
3713,S14,T1,2.314,2.423,1.719,2.152,
3714,S14,T1,150,150,150,150,do not have the full colonie on the pic
3715,S14,T1,11.968,12.474,7.165,10.53566667,
3716,S14,T1,1.984,1.598,0.584,1.388666667,
3717,S14,T1,15.672,19.619,14.768,16.68633333,
3718,S14,T1,7.429,5.996,4.24,5.888333333,
3719,S14,T1,12.936,15.66,7.682,12.09266667,
3720,S14,T1,1.193,1.121,0.478,0.930666667,
3721,S14,T1,0.88,0.82,0.423,0.707666667,
3722,S14,T1,1.349,1.259,0.801,1.136333333,
3723,S14,T1,1.856,1.845,1.699,1.8,
3724,S14,T1,16.691,15.169,13.9,15.25333333,
3725,S14,T1,21.986,18.55,19.184,19.90666667,
3726,S14,T1,150,150,150,150,do not have the full colonie on the pic
3727,S14,T1,11.665,10.406,8.788,10.28633333,
3728,S14,T1,10.057,9.42,4.222,7.899666667,
3729,S14,T1,9.986,8.804,4.83,7.873333333,
3730,S14,T1,1.867,1.541,1.333,1.580333333,
3731,S14,T1,27.479,24.544,13.374,21.799,
3732,S14,T1,19.897,16.897,13.264,16.686,
3681,S14,T2,37.807,38.017,23.879,33.23433333,
3682,S14,T2,3.595,3.632,1.195,2.807333333,
3683,S14,T2,30.988,23.124,26.67,26.92733333,
3684,S14,T2,19.224,18.806,10.653,16.22766667,
3685,S14,T2,27.29,21.207,16.737,21.74466667,
3686,S14,T2,12.645,13.986,13.17,13.267,
3687,S14,T2,1.106,0.725,0.864,0.898333333,
3688,S14,T2,9.437,10.576,6.002,8.671666667,
3689,S14,T2,3.38,3.306,2.211,2.965666667,
3690,S14,T2,1.011,1.072,0.644,0.909,
3691,S14,T2,2.382,2.896,2.227,2.501666667,
3692,S14,T2,150,150,150,150,
3693,S14,T2,12.649,12.448,7.979,11.02533333,
3694,S14,T2,27.293,24.293,18.722,23.436,
3695,S14,T2,28.437,29.182,11.052,22.89033333,
3696,S14,T2,1.024,1.041,0.83,0.965,
3697,S14,T2,2.739,2.78,2.302,2.607,
3698,S14,T2,150,150,150,150,
3699,S14,T2,1.181,0.776,0.68,0.879,
3700,S14,T2,20.557,18.888,20.047,19.83066667,
3701,S14,T2,150,150,150,150,
3702,S14,T2,150,150,150,150,
3703,S14,T2,8.172,9.323,3.714,7.069666667,
3704,S14,T2,27.133,31.118,25.162,27.80433333,
3705,S14,T2,18.715,19.193,10.456,16.12133333,
3733,S14,T2,1.19,1.235,1.107,1.177333333,
3734,S14,T2,1.94,2.033,1.443,1.805333333,
3735,S14,T2,150,150,150,150,do not have the full colonie on the pic
3736,S14,T2,150,150,150,150,do not have the full colonie on the pic
3737,S14,T2,4.802,4.604,3.324,4.243333333,
3738,S14,T2,150,150,150,150,do not have the full colonie on the pic
3739,S14,T2,0.903,0.735,0.554,0.730666667,
3740,S14,T2,1.419,1.518,1.133,1.356666667,
3741,S14,T2,150,150,150,150,do not have the full colonie on the pic
3742,S14,T2,1.748,1.991,1.394,1.711,
3743,S14,T2,150,150,150,150,do not have the full colonie on the pic
3744,S14,T2,13.502,13.424,8.906,11.944,
3745,S14,T2,1.923,1.54,1.591,1.684666667,
3746,S14,T2,4.205,4.202,3.01,3.805666667,
3747,S14,T2,0.813,0.756,0.4,0.656333333,
3748,S14,T2,2.623,2.452,1.952,2.342333333,
3749,S14,T2,12.612,13.821,9.866,12.09966667,
3750,S14,T2,4.908,5.194,4.384,4.828666667,
3751,S14,T2,3.935,3.656,2.187,3.259333333,
3752,S14,T2,45.877,44.399,43.169,44.48166667,
3753,S14,T2,20.755,24.122,16.061,20.31266667,
3754,S14,T2,2.767,2.681,2.165,2.537666667,
3755,S14,T2,0.86,0.553,0.354,0.589,
3756,S14,T2,8.945,9.298,4.971,7.738,
3757,S14,T2,35.46,32.216,12.619,26.765,
3758,S14,T2,1.599,1.553,1.225,1.459,
3759,S14,T2,28.578,25.196,18.711,24.16166667,
3760,S14,T2,1.756,1.902,1.627,1.761666667,
3761,S14,T2,20.573,22.086,14.974,19.211,
3762,S14,T2,20.258,17.137,15.172,17.52233333,
3763,S14,T2,0.788,0.755,0.523,0.688666667,
3764,S14,T2,0.957,0.968,0.696,0.873666667,
3765,S14,T2,150,150,150,150,do not have the full colonie on the pic
3766,S14,T2,150,150,150,150,do not have the full colonie on the pic
3767,S14,T2,4.289,4.943,3.358,4.196666667,
3768,S14,T2,0.445,0.474,0.393,0.437333333,
3769,S14,T2,13.76,14.234,13.956,13.98333333,
3770,S14,T2,0.767,0.761,0.557,0.695,
3771,S14,T2,150,150,150,150,do not have the full colonie on the pic
3772,S14,T2,3.567,3.44,1.271,2.759333333,
3818,S14,T2,,,,#DIV/0!,
3833,S14,T2,17.05,17.489,13.32,15.953,
3834,S14,T2,7.188,6.866,6.238,6.764,
3834,S14,T2,6.233,7.143,3.166,5.514,
3835,S14,T2,150,150,150,150,do not have the full colonie on the pic
3836,S14,T2,150,150,150,150,do not have the full colonie on the pic
3837,S14,T2,11.959,13.68,9.39,11.67633333,
3838,S14,T2,17.794,20.055,11.322,16.39033333,
3839,S14,T2,0.578,0.566,0.546,0.563333333,
3840,S14,T2,11.939,12.08,8.906,10.975,
3841,S14,T2,9.594,8.817,8.553,8.988,
3842,S14,T2,11.683,9.378,6.203,9.088,
3843,S14,T2,20.03,19.825,16.397,18.75066667,
3844,S14,T2,150,150,150,150,do not have the full colonie on the pic
3845,S14,T2,4.03,3.622,1.892,3.181333333,
3846,S14,T2,0.85,0.729,0.815,0.798,
3847,S14,T2,18.393,19.958,12.768,17.03966667,
3848,S14,T2,150,150,150,150,do not have the full colonie on the pic
3849,S14,T2,15.807,11.262,9.816,12.295,
3850,S14,T2,1.665,1.522,0.826,1.337666667,
3851,S14,T2,0.671,0.562,0.514,0.582333333,
3852,S14,T2,150,150,150,150,
3853,S14,T2,150,150,150,150,do not have the full colonie on the pic
3854,S14,T2,20.183,18.726,13.449,17.45266667,
3855,S14,T2,2.935,3.413,2.21,2.852666667,
3856,S14,T2,1.553,1.693,1.682,1.642666667,
3857,S14,T2,20.778,19.115,16.287,18.72666667,
3858,S14,T2,2.392,2.738,1.674,2.268,
3859,S14,T2,25.779,19.151,12.997,19.309,do not have the full colonie on the pic
3860,S14,T2,1.05,0.996,0.647,0.897666667,
3861,S14,T2,150,150,150,150,do not have the full colonie on the pic
3862,S14,T2,2.411,2.879,1.917,2.402333333,
3863,S14,T2,150,150,150,150,do not have the full colonie on the pic
3864,S14,T2,150,150,150,150,do not have the full colonie on the pic
3865,S14,T2,8.717,7.743,7.913,8.124333333,
3866,S14,T2,150,150,150,150,do not have the full colonie on the pic
3867,S14,T2,23.013,19.268,21.297,21.19266667,
3868,S14,T2,150,150,150,150,do not have the full colonie on the pic
3869,S14,T2,13.979,12.833,14.631,13.81433333,
3870,S14,T2,150,150,150,150,do not have the full colonie on the pic
3871,S14,T2,21.109,23.407,20.984,21.83333333,
3872,S14,T2,1.079,1.321,0.739,1.046333333,
3873,S14,T2,10.354,12.877,6.97,10.067,
3874,S14,T2,3.093,2.048,2.423,2.521333333,
3875,S14,T2,5.824,5.306,2.162,4.430666667,
3876,S14,T2,2.888,2.723,2.673,2.761333333,
3877,S14,T2,150,150,150,150,do not have the full colonie on the pic
3878,S14,T2,150,150,150,150,do not have the full colonie on the pic
3879,S14,T2,24.398,22.315,14.251,20.32133333,
3880,S14,T2,150,150,150,150,
3881,S14,T2,18.998,17.586,11.96,16.18133333,
3882,S14,T2,2.275,2.445,1.783,2.167666667,
3883,S14,T2,3.935,4.602,2.948,3.828333333,
3884,S14,T2,1.033,0.929,0.435,0.799,
3885,S14,T2,150,150,150,150,do not have the full colonie on the pic
3886,S14,T2,18.653,19.931,17.722,18.76866667,
3887,S14,T2,13.013,13.579,13.045,13.21233333,
3888,S14,T2,13.923,12.468,5.316,10.569,
3889,S14,T2,14.406,14.967,12.87,14.081,
3773,S14,T3,150,150,150,150,do not have the full colonie on the pic
3774,S14,T3,10.239,11.512,11.074,10.94166667,
3775,S14,T3,150,150,150,150,
3776,S14,T3,5.03,4.909,2.295,4.078,
3777,S14,T3,17.491,17.893,14.116,16.5,
3778,S14,T3,25.151,28.676,19.314,24.38033333,
3779,S14,T3,15.393,9.955,10.672,12.00666667,
3780,S14,T3,150,150,150,150,
3781,S14,T3,9.722,6.953,8.493,8.389333333,
3782,S14,T3,150,150,150,150,
3783,S14,T3,18.888,14.237,11.883,15.00266667,
3784,S14,T3,20.78,19.713,11.54,17.34433333,
3785,S14,T3,6.64,6.042,3.548,5.41,
3786,S14,T3,17.655,14.893,8.984,13.844,
3787,S14,T3,2.287,2.512,1.331,2.043333333,
3788,S14,T3,12.884,14.762,10.594,12.74666667,
3789,S14,T3,150,150,150,150,
3790,S14,T3,150,150,150,150,
3791,S14,T3,22.487,18.931,16.887,19.435,
3792,S14,T3,150,150,150,150,
3793,S14,T3,9.236,7.426,4.797,7.153,
3794,S14,T3,11.564,12.953,11.45,11.989,
3795,S14,T3,11.527,11.019,10.314,10.95333333,
3796,S14,T3,7.432,7.891,7.493,7.605333333,
3797,S14,T3,10.998,8.864,6.116,8.659333333,
3798,S14,T3,22.166,17.486,15.95,18.534,
3799,S14,T3,150,150,150,150,
3800,S14,T3,12.11,9.13,7.422,9.554,
3801,S14,T3,23.263,25.017,13.559,20.613,
3802,S14,T3,12.655,10.622,9.04,10.77233333,
3803,S14,T3,23.362,26.933,20.507,23.60066667,
3804,S14,T3,13.686,10.493,13.724,12.63433333,
3805,S14,T3,2.976,3.342,2.786,3.034666667,
3806,S14,T3,50.276,30.505,21.102,33.961,
3807,S14,T3,15.817,17.562,18.326,17.235,
3808,S14,T3,2.998,2.948,2.476,2.807333333,
3809,S14,T3,1.172,1.163,0.795,1.043333333,
3810,S14,T3,3.316,2.936,2.43,2.894,
3811,S14,T3,27.697,25.714,20.236,24.549,
3812,S14,T3,150,150,150,150,
3813,S14,T3,27.704,24.75,17.803,23.419,
3814,S14,T3,150,150,150,150,do not have the full colonie on the pic
3815,S14,T3,17.181,14.434,8.184,13.26633333,
3816,S14,T3,17.392,18.668,13.113,16.391,
3817,S14,T3,20.539,18.695,11.263,16.83233333,
3818,S14,T3,1.578,1.096,0.795,1.156333333,
3819,S14,T3,0.579,0.648,0.445,0.557333333,
3820,S14,T3,4.185,3.952,3.38,3.839,
3821,S14,T3,6.93,8.209,2.905,6.014666667,
3822,S14,T3,13.857,12.499,9.803,12.053,
3823,S14,T3,10.671,9.318,9.099,9.696,
3824,S14,T3,18.425,19.495,13.385,17.10166667,
3825,S14,T3,8.857,8.315,7.787,8.319666667,
3826,S14,T3,150,150,150,150,do not have the full colonie on the pic
3827,S14,T3,5.55,5.582,5.23,5.454,
3828,S14,T3,23.704,18.595,14.404,18.901,
3829,S14,T3,150,150,150,150,do not have the full colonie on the pic
3830,S14,T3,5.069,4.466,3.322,4.285666667,
3831,S14,T3,150,150,150,150,do not have the full colonie on the pic
3832,S14,T3,31.354,24.534,25.925,27.271,
3890,S14,T3,1.4,1.194,1.147,1.247,
3891,S14,T3,9.683,9.433,5.729,8.281666667,
3892,S14,T3,13.735,12.586,9.566,11.96233333,
3893,S14,T3,150,150,150,150,do not have the full colonie on the pic
3894,S14,T3,20.688,18.708,12.063,17.153,
3895,S14,T3,23.364,20.517,15.328,19.73633333,
3896,S14,T3,150,150,150,150,do not have the full colonie on the pic
3897,S14,T3,7.577,6.353,4.849,6.259666667,
3898,S14,T3,7.763,8.383,5.521,7.222333333,
3899,S14,T3,2.212,1.978,0.501,1.563666667,
3900,S14,T3,42.107,38.518,19.939,33.52133333,
3901,S14,T3,1.794,1.774,1.423,1.663666667,
3902,S14,T3,1.69,1.654,1.217,1.520333333,
3903,S14,T3,23.781,17.637,14.708,18.70866667,
3904,S14,T3,1.22,1.104,0.752,1.025333333,
3905,S14,T3,150,150,150,150,do not have the full colonie on the pic
3906,S14,T3,0.379,0.369,0.244,0.330666667,
3907,S14,T3,5.393,5.209,3.338,4.646666667,
3908,S14,T3,0.905,1.096,0.7,0.900333333,
3909,S14,T3,12.241,10.955,7.52,10.23866667,
3910,S14,T3,4.547,4.074,2.071,3.564,
3911,S14,T3,18.947,18.203,16.894,18.01466667,
3912,S14,T3,13.177,10.238,8.531,10.64866667,
3913,S14,T3,5.413,5.788,5.353,5.518,
3914,S14,T3,1.37,1.556,0.585,1.170333333,
3915,S14,T3,2.464,2.56,1.641,2.221666667,
3916,S14,T3,5.8,6.626,1.369,4.598333333,
3917,S14,T3,150,150,150,150,do not have the full colonie on the pic
3918,S14,T3,1.952,1.729,1.559,1.746666667,
3919,S14,T3,0.779,0.906,0.539,0.741333333,
3925,S14,T3,4.987,4.361,3.82,4.389333333,
3926,S14,T3,1.138,1.316,0.791,1.081666667,
3927,S14,T3,6.825,6.207,3.944,5.658666667,
3928,S14,T3,15.21,15.229,15.338,15.259,
3929,S14,T3,5.056,5.259,5.072,5.129,
3930,S14,T3,26.317,25.687,25.786,25.93,
3931,S14,T3,19.596,18.156,17.467,18.40633333,
3932,S14,T3,4.504,3.644,1.954,3.367333333,
3933,S14,T3,18.855,19.168,13.409,17.144,
3934,S14,T3,19.861,19.673,16.32,18.618,
3935,S14,T3,34.847,29.876,15.785,26.836,
3936,S14,T3,150,150,150,150,do not have the full colonie on the pic
3937,S14,T3,150,150,150,150,do not have the full colonie on the pic
3938,S14,T3,5.058,4.97,3.378,4.468666667,
3939,S14,T3,1.251,1.386,1.268,1.301666667,
3940,S14,T3,17.425,17.629,17.5,17.518,
3941,S14,T3,5.366,4.856,2.848,4.356666667,
3942,S14,T3,1.504,1.143,0.826,1.157666667,
3943,S14,T3,23.211,18.585,15.825,19.207,
3944,S14,T3,2.26,2.402,1.567,2.076333333,
3945,S14,T3,3.511,4.659,2.882,3.684,
3946,S14,T3,1.483,1.376,1.166,1.341666667,
3947,S14,T3,150,150,150,150,do not have the full colonie on the pic
3948,S14,T3,1.553,1.651,0.881,1.361666667,
3949,S14,T3,1.871,2.214,1.58,1.888333333,
3950,S14,T3,1.886,1.585,0.748,1.406333333,
1317,S15,T1,17.782,19.127,19.181,18.69666667,
1318,S15,T1,37.819,29.097,21.772,29.56266667,
1319,S15,T1,2.875,2.804,0.969,2.216,
1320,S15,T1,25.465,24.296,15.672,21.811,
1321,S15,T1,28.253,29.604,21.852,26.56966667,
1322,S15,T1,0.895,0.736,0.619,0.75,
1324,S15,T1,2.085,1.875,1.161,1.707,
1325,S15,T1,7.075,4.831,4.847,5.584333333,
1348,S15,T1,1.438,1.91,1.055,1.467666667,
1384,S15,T1,11.463,11.472,6.367,9.767333333,
1385,S15,T1,33.689,33.201,27.355,31.415,
1386,S15,T1,150,150,150,150,do not have the full colonie on the pic
1387,S15,T1,11.707,12.307,12.018,12.01066667,
1388,S15,T1,1.972,1.528,1.717,1.739,
1389,S15,T1,0.555,0.65,0.412,0.539,
1390,S15,T1,0.409,0.464,0.287,0.386666667,
1391,S15,T1,3.337,3.655,3.236,3.409333333,
1392,S15,T1,42.197,31.362,19.777,31.112,
1393,S15,T1,14.69,12.092,6.524,11.102,
1394,S15,T1,24.869,26.498,22.737,24.70133333,
1395,S15,T1,4.968,4.712,4.35,4.676666667,
1396,S15,T1,19.364,19.831,14.528,17.90766667,
1397,S15,T1,24.277,20.231,6.731,17.07966667,
1398,S15,T1,35.063,33.425,27.702,32.06333333,
1399,S15,T1,19.168,16.803,18.043,18.00466667,
1400,S15,T1,17.613,18.681,14.937,17.077,
1401,S15,T1,9.204,8.306,3.944,7.151333333,
1402,S15,T1,4.624,4.653,2.74,4.005666667,
1403,S15,T1,9.341,9.18,6.755,8.425333333,
1404,S15,T1,1.967,2.012,1.256,1.745,
1405,S15,T1,2.318,1.678,1.724,1.906666667,
1406,S15,T1,1.924,1.756,1.324,1.668,
1407,S15,T1,26.727,28.352,18.788,24.62233333,
1408,S15,T1,1.502,1.417,0.911,1.276666667,
1409,S15,T1,13.121,11.935,6.503,10.51966667,
1410,S15,T1,1.8,1.69,1.681,1.723666667,
1411,S15,T1,1.384,1.361,0.869,1.204666667,
1412,S15,T1,150,150,150,150,do not have the full colonie on the pic
1413,S15,T1,40.039,36.98,32.267,36.42866667,
1414,S15,T1,150,150,150,150,do not have the full colonie on the pic
1415,S15,T1,150,150,150,150,
1416,S15,T1,2.73,2.644,2.235,2.536333333,
1417,S15,T1,3.413,2.747,3.333,3.164333333,
1418,S15,T1,10.257,9.033,6.602,8.630666667,
1419,S15,T1,NA,NA,NA,NA,
1420,S15,T1,150,150,150,150,
1421,S15,T1,9.877,9.106,4.252,7.745,
1422,S15,T1,1.052,1.073,0.912,1.012333333,
1423,S15,T1,8.214,7.796,6.808,7.606,
1424,S15,T1,1.459,1.275,0.853,1.195666667,
1425,S15,T1,1.643,1.837,1.242,1.574,
1426,S15,T1,4.932,5.785,3.13,4.615666667,
1427,S15,T1,1.277,1.315,1.112,1.234666667,
1428,S15,T1,1.23,1.292,1.001,1.174333333,
1429,S15,T1,0.837,0.961,0.752,0.85,
1430,S15,T1,6.162,6.828,5.004,5.998,
1431,S15,T1,9.692,9.548,6.73,8.656666667,
1432,S15,T1,150,150,150,150,
1433,S15,T1,1.621,1.927,1.341,1.629666667,
1434,S15,T1,1.523,1.668,1.241,1.477333333,
1435,S15,T1,20.269,17.071,14.28,17.20666667,
1436,S15,T1,0.914,0.775,0.628,0.772333333,
1437,S15,T1,0.685,0.608,0.473,0.588666667,
1438,S15,T1,24.096,24.303,23.589,23.996,
1439,S15,T1,12.233,9.588,9.307,10.376,
1440,S15,T1,4.382,5.107,2.545,4.011333333,
1441,S15,T1,0.744,0.769,0.767,0.76,
1442,S15,T1,12.057,10.795,11.719,11.52366667,
1443,S15,T1,1.555,1.643,1.328,1.508666667,
1444,S15,T1,2.05,1.352,1.2,1.534,
1445,S15,T1,14.348,13.518,11.337,13.06766667,
1446,S15,T1,1.899,1.662,1.787,1.782666667,
1447,S15,T1,0.421,0.412,0.359,0.397333333,
1448,S15,T1,1.868,1.556,0.996,1.473333333,
1449,S15,T1,11.672,11.338,8.621,10.54366667,
1450,S15,T1,28.789,38.866,19.317,28.99066667,
1451,S15,T1,27.8,24.077,21.667,24.51466667,
1453,S15,T1,3.03,2.901,3.434,3.121666667,
1460,S15,T1,1.888,1.58,1.014,1.494,
1461,S15,T1,1.115,0.797,0.681,0.864333333,
1495,S15,T1,11.417,10.995,8.51,10.30733333,
1496,S15,T1,17.699,18.558,12.497,16.25133333,
1497,S15,T1,18.612,18.721,19.043,18.792,
2046,S15,T2,13.331,13.497,12.249,13.02566667,
2047,S15,T2,1.858,1.845,1.24,1.647666667,
2048,S15,T2,0.845,0.981,0.725,0.850333333,
2049,S15,T2,16.133,14.8,14.057,14.99666667,
2050,S15,T2,30.312,27.601,23.429,27.114,
2051,S15,T2,1.428,1.621,1.423,1.490666667,
2052,S15,T2,4.108,3.897,2.614,3.539666667,
2054,S15,T2,7.97,7.116,5.856,6.980666667,
2055,S15,T2,0.898,0.688,0.38,0.655333333,
2056,S15,T2,0.802,0.486,0.447,0.578333333,
2057,S15,T2,150,150,150,150,
2058,S15,T2,2.301,2.306,2.065,2.224,
2059,S15,T2,16.959,18.211,17.63,17.6,
2060,S15,T2,19.184,16.567,13.025,16.25866667,
2061,S15,T2,1.64,1.609,1.719,1.656,
2062,S15,T2,19.885,20.476,14.476,18.279,
2063,S15,T2,20.032,20.922,18.166,19.70666667,
2064,S15,T2,21.458,21.711,19.245,20.80466667,
2065,S15,T2,1.46,1.219,0.851,1.176666667,
2066,S15,T2,5.584,5.013,4.302,4.966333333,
2067,S15,T2,0.545,0.544,0.299,0.462666667,
2068,S15,T2,22.562,22.285,20.379,21.742,
2069,S15,T2,4.276,3.972,2.59,3.612666667,
2070,S15,T2,19.758,19.295,13.678,17.577,
2072,S15,T2,5.221,5.076,3.446,4.581,
2073,S15,T2,31.931,33.435,31.832,32.39933333,
2074,S15,T2,0.418,0.436,0.371,0.408333333,
2075,S15,T2,5.647,6.247,5.409,5.767666667,
2076,S15,T2,23.205,22.56,18.714,21.493,
2077,S15,T2,1.078,0.968,0.591,0.879,
2078,S15,T2,13.957,12.762,14.548,13.75566667,
2079,S15,T2,0.331,0.34,0.354,0.341666667,
2080,S15,T2,4.609,3.201,3.487,3.765666667,
2171,S15,T2,3.018,2.578,1.656,2.417333333,
2176,S15,T2,22.371,21.538,20.867,21.592,
2177,S15,T2,8.181,7.559,6.043,7.261,
2178,S15,T2,27.617,24.084,20.652,24.11766667,
2179,S15,T2,10.436,9.039,6.806,8.760333333,
2180,S15,T2,1.392,1.501,0.842,1.245,
2181,S15,T2,4.071,4.096,4.292,4.153,
2182,S15,T2,13.032,13.034,10.855,12.307,
2183,S15,T2,5.061,4.481,4.556,4.699333333,
2184,S15,T2,14.564,13.305,14.678,14.18233333,
2185,S15,T2,15.218,9.601,9.419,11.41266667,
2186,S15,T2,13.556,11.879,14.438,13.291,
2187,S15,T2,1.295,1.304,1.171,1.256666667,
2188,S15,T2,22.574,21.547,15.987,20.036,
2189,S15,T2,0.674,0.656,0.535,0.621666667,
2190,S15,T2,4.522,3.788,3.923,4.077666667,
2191,S15,T2,1.212,1.309,0.887,1.136,
2192,S15,T2,25.343,23.949,27.392,25.56133333,
2193,S15,T2,8.071,8.514,8.34,8.308333333,
2194,S15,T2,150,150,150,150,
2195,S15,T2,1.427,1.643,0.907,1.325666667,
2196,S15,T2,15.114,14.801,17.109,15.67466667,
2197,S15,T2,9.666,9.579,5.54,8.261666667,
2198,S15,T2,1.719,1.832,1.469,1.673333333,
2199,S15,T2,2.381,2.296,0.706,1.794333333,
2200,S15,T2,3.277,2.741,2.013,2.677,
2201,S15,T2,9.946,10.307,5.382,8.545,
2202,S15,T2,1.323,1.363,0.794,1.16,
2203,S15,T2,24.164,20.972,15.649,20.26166667,
2204,S15,T2,6.099,5.763,4.04,5.300666667,
2205,S15,T2,29.412,25.328,20.094,24.94466667,
2206,S15,T2,8.772,7.514,6.711,7.665666667,
2207,S15,T2,1.693,1.736,1.186,1.538333333,
2208,S15,T2,23.82,21.464,15.794,20.35933333,
2209,S15,T2,31.964,30.577,16.455,26.332,
2210,S15,T2,13.675,12.818,8.838,11.777,
2211,S15,T2,11.006,10.2,10.674,10.62666667,
2212,S15,T2,1.269,1.185,1.02,1.158,
2213,S15,T2,23.58,23.498,24.664,23.914,
2214,S15,T2,15.443,17.43,17.976,16.94966667,
2215,S15,T2,18.044,19.133,16.355,17.844,
2216,S15,T2,40.324,43.777,32.758,38.953,
2217,S15,T2,14.927,14.492,15.334,14.91766667,
2218,S15,T2,11.792,13.537,10.876,12.06833333,
2219,S15,T2,15.563,14.943,8.546,13.01733333,
2220,S15,T2,10.715,10.052,7.814,9.527,
2221,S15,T2,1.505,1.475,0.758,1.246,
2222,S15,T2,150,150,150,150,
2223,S15,T2,17.097,16.347,18.648,17.364,
2224,S15,T2,39.422,34.085,35.333,36.28,
2225,S15,T2,20.027,20.503,14.306,18.27866667,
2081,S15,T3,1.185,1.266,1.108,1.186333333,
2082,S15,T3,0.861,0.897,0.604,0.787333333,
2083,S15,T3,1.203,1.277,1.243,1.241,
2084,S15,T3,2.676,1.805,1.257,1.912666667,
2325,S15,T3,5.213,4.683,4.74,4.878666667,
2326,S15,T3,10.247,10.421,4.285,8.317666667,
2327,S15,T3,1.723,1.712,1.257,1.564,
2328,S15,T3,1.169,1.024,0.886,1.026333333,
2329,S15,T3,2.206,2.017,2.115,2.112666667,
2330,S15,T3,13.372,11.473,9.463,11.436,
2331,S15,T3,1.908,1.998,1.93,1.945333333,
2332,S15,T3,16.572,15.184,15.564,15.77333333,
2333,S15,T3,150,150,150,150,
2334,S15,T3,0.917,1.067,0.65,0.878,
2335,S15,T3,3.846,3.567,1.459,2.957333333,
2336,S15,T3,1.07,0.842,0.807,0.906333333,
2337,S15,T3,20.073,21.834,17.444,19.78366667,
2338,S15,T3,1.835,1.579,1.031,1.481666667,
2339,S15,T3,0.886,0.851,0.799,0.845333333,
2340,S15,T3,3.577,2.815,3.475,3.289,
2341,S15,T3,35.498,31.687,26.221,31.13533333,
2342,S15,T3,20.98,19.169,13.87,18.00633333,
2343,S15,T3,0.292,0.286,0.288,0.288666667,
2344,S15,T3,1.623,1.968,1.586,1.725666667,
2345,S15,T3,12.512,13.88,9.025,11.80566667,
2346,S15,T3,8.177,7.859,6.277,7.437666667,
2347,S15,T3,11.105,10.24,8.91,10.085,
2348,S15,T3,10.167,10.267,9.09,9.841333333,
2349,S15,T3,18.61,16.66,9.111,14.79366667,
2350,S15,T3,21.756,18.776,9.753,16.76166667,
2351,S15,T3,1.53,1.566,1.215,1.437,
2352,S15,T3,0.788,0.696,0.632,0.705333333,
2353,S15,T3,14.451,14.894,11.229,13.52466667,
2354,S15,T3,12.794,11.906,10.36,11.68666667,
2355,S15,T3,2.392,2.3,1.766,2.152666667,
2356,S15,T3,14.333,14.221,13.281,13.945,
2357,S15,T3,1.233,1.666,0.906,1.268333333,
2358,S15,T3,2.541,3.031,2.068,2.546666667,
2359,S15,T3,1.515,1.293,0.895,1.234333333,
2360,S15,T3,21.538,20.871,21.386,21.265,
2361,S15,T3,18.483,18.016,13.963,16.82066667,
2362,S15,T3,0.734,0.827,0.434,0.665,
2363,S15,T3,9.46,10.816,7.326,9.200666667,
2364,S15,T3,1.905,1.91,1.372,1.729,
2365,S15,T3,13.136,9.869,8.319,10.44133333,
2366,S15,T3,1.042,0.856,0.544,0.814,
2367,S15,T3,17.648,18.776,19.842,18.75533333,
2368,S15,T3,32.846,25.483,17.535,25.288,
2369,S15,T3,10.668,9.341,6.503,8.837333333,
2370,S15,T3,28.626,26.073,23.545,26.08133333,
2371,S15,T3,1.688,2.024,1.561,1.757666667,
2372,S15,T3,0.535,0.388,0.416,0.446333333,
2373,S15,T3,37.318,43.299,40.65,40.42233333,
2374,S15,T3,0.856,1.145,0.728,0.909666667,
2375,S15,T3,0.835,0.959,0.609,0.801,
2376,S15,T3,1,1.347,0.877,1.189,
2377,S15,T3,1.156,1.074,1.192,1.140666667,
2378,S15,T3,1.834,1.734,1.187,1.585,
2379,S15,T3,32.28,26.487,12.064,23.61033333,
2380,S15,T3,16.32,16.903,8.621,13.948,
2381,S15,T3,19.264,18.679,21.514,19.819,
2382,S15,T3,1.508,1.557,0.983,1.349333333,
2383,S15,T3,31.392,21.814,20.691,24.63233333,
2384,S15,T3,5.916,4.167,4.598,4.893666667,
2385,S15,T3,17.185,16.714,16.368,16.75566667,
2386,S15,T3,29.821,22.937,25.727,26.16166667,
2387,S15,T3,4.569,4.321,3.831,4.240333333,
2388,S15,T3,25.175,26.16,13.559,21.63133333,
2389,S15,T3,2.254,2.279,1.381,1.971333333,
2390,S15,T3,150,150,150,150,
2391,S15,T3,7.716,8.772,7.795,8.094333333,
2392,S15,T3,0.636,0.812,0.39,0.612666667,
2393,S15,T3,22.159,19.942,23.672,21.92433333,
2394,S15,T3,12.839,15.562,14.798,14.39966667,
2395,S15,T3,15.617,16.685,12.559,14.95366667,
2396,S15,T3,19.559,18.778,18.276,18.871,
2397,S15,T3,17.041,14.807,7.157,13.00166667,
2398,S15,T3,18.292,19.458,17.23,18.32666667,
2399,S15,T3,30.954,31.391,31.299,31.21466667,
2400,S15,T3,19.45,18,17.177,18.209,
2401,S15,T3,1.157,1.132,0.606,0.965,
2402,S15,T3,41.589,47.621,43.293,44.16766667,
2403,S15,T3,1.452,1.124,0.943,1.173,
2404,S15,T3,11.041,10.519,6.516,9.358666667,
2405,S15,T3,14.604,14.113,11.986,13.56766667,
2406,S15,T3,8.826,8.468,6.626,7.973333333,
2407,S15,T3,2.53,2.527,2.297,2.451333333,
2408,S15,T3,26.147,24.079,18.435,22.887,
2409,S15,T3,16.037,15.23,13.627,14.96466667,
2410,S15,T3,5.082,5.769,5.557,5.469333333,
2411,S15,T3,16.437,14.904,12.162,14.501,
2412,S15,T3,10.202,11.827,6.172,9.400333333,
2413,S15,T3,0.613,0.56,0.4,0.524333333,
2414,S15,T3,1.976,2.13,1.865,1.990333333,
2415,S15,T3,1.732,2.06,1.119,1.637,
2416,S15,T3,3.055,3.104,1.785,2.648,
2417,S15,T3,10.889,10.989,11.902,11.26,
2418,S15,T3,0.567,0.938,0.471,0.658666667,
2419,S15,T3,11.432,10.647,8.525,10.20133333,
2420,S15,T3,2.396,1.355,1.637,1.796,
2421,S15,T3,150,150,150,150,
2422,S15,T3,0.842,0.629,0.476,0.649,
2423,S15,T3,1.46,1.402,1.292,1.384666667,
2424,S15,T3,13.451,12.69,12.971,13.03733333,
2425,S15,T3,1.047,1.021,0.633,0.900333333,
2426,S15,T3,15.111,14.182,12.249,13.84733333,
2427,S15,T3,0.562,0.737,0.463,0.587333333,
2428,S15,T3,9.278,8.77,6.313,8.120333333,
2429,S15,T3,11.671,9.696,9.232,10.19966667,
2430,S15,T3,3.781,3.89,3.975,3.882,
2431,S15,T3,0.983,0.786,0.795,0.854666667,
2432,S15,T3,22.877,23.094,19.297,21.756,
2433,S15,T3,21.031,20.749,19.282,20.354,
2434,S15,T3,14.198,13.918,8.55,12.222,
2435,S15,T3,46.574,45.531,16.796,36.30033333,
2436,S15,T3,2.097,1.871,1.875,1.947666667,
2437,S15,T3,12.314,11.098,10.149,11.187,
2438,S15,T3,150,150,150,150,
2439,S15,T3,15.061,12.906,7.256,11.741,
2440,S15,T3,1.172,0.721,0.61,0.834333333,
2441,S15,T3,0.943,1.129,0.903,0.991666667,
2442,S15,T3,0.883,1.223,0.776,0.960666667,
2443,S15,T3,19.079,18.32,10.078,15.82566667,
2444,S15,T3,13.623,15.686,14.283,14.53066667,
2445,S15,T3,0.88,0.655,0.36,0.631666667,
2446,S15,T3,2.601,2.344,1.221,2.055333333,
2447,S15,T3,9.85,10.882,7.493,9.408333333,
2448,S15,T3,12.234,11.565,11.551,11.78333333,
2449,S15,T3,40.177,36.39,15.775,30.78066667,
2450,S15,T3,19.492,17.806,19.823,19.04033333,
2451,S15,T3,6.898,6.128,5.58,6.202,
2452,S15,T3,0.884,0.759,0.537,0.726666667,
2453,S15,T3,25.065,21.956,12.012,19.67766667,
2454,S15,T3,20.329,18.885,15.543,18.25233333,
2252,S15,T4,15.273,13.743,11.161,13.39233333,
2553,S15,T4,,,,#DIV/0!,
2554,S15,T4,,,,#DIV/0!,
2555,S15,T4,,,,#DIV/0!,
2556,S15,T4,,,,#DIV/0!,
2557,S15,T4,,,,#DIV/0!,
2619,S15,T4,,,,#DIV/0!,
2620,S15,T4,,,,#DIV/0!,
2621,S15,T4,,,,#DIV/0!,
2622,S15,T4,,,,#DIV/0!,
2623,S15,T4,,,,#DIV/0!,
2634,S15,T4,,,,#DIV/0!,
2635,S15,T4,,,,#DIV/0!,
2636,S15,T4,,,,#DIV/0!,
2637,S15,T4,,,,#DIV/0!,
2638,S15,T4,,,,#DIV/0!,
2639,S15,T4,,,,#DIV/0!,
2640,S15,T4,,,,#DIV/0!,
2641,S15,T4,,,,#DIV/0!,
2642,S15,T4,,,,#DIV/0!,
2643,S15,T4,,,,#DIV/0!,
2644,S15,T4,,,,#DIV/0!,
2645,S15,T4,,,,#DIV/0!,
2646,S15,T4,,,,#DIV/0!,
2647,S15,T4,,,,#DIV/0!,
2648,S15,T4,,,,#DIV/0!,
2649,S15,T4,,,,#DIV/0!,
2650,S15,T4,,,,#DIV/0!,
2651,S15,T4,,,,#DIV/0!,
2652,S15,T4,,,,#DIV/0!,
2653,S15,T4,,,,#DIV/0!,
2654,S15,T4,,,,#DIV/0!,
2655,S15,T4,,,,#DIV/0!,
2656,S15,T4,,,,#DIV/0!,
2657,S15,T4,,,,#DIV/0!,
2658,S15,T4,,,,#DIV/0!,
2659,S15,T4,,,,#DIV/0!,
2660,S15,T4,,,,#DIV/0!,
2661,S15,T4,,,,#DIV/0!,
2662,S15,T4,,,,#DIV/0!,
2663,S15,T4,,,,#DIV/0!,
2664,S15,T4,,,,#DIV/0!,
2665,S15,T4,,,,#DIV/0!,
2666,S15,T4,,,,#DIV/0!,
2667,S15,T4,,,,#DIV/0!,
2668,S15,T4,,,,#DIV/0!,
2669,S15,T4,,,,#DIV/0!,
2670,S15,T4,,,,#DIV/0!,
2671,S15,T4,,,,#DIV/0!,
2672,S15,T4,,,,#DIV/0!,
2673,S15,T4,,,,#DIV/0!,
2674,S15,T4,,,,#DIV/0!,
2675,S15,T4,,,,#DIV/0!,
2676,S15,T4,,,,#DIV/0!,
2677,S15,T4,,,,#DIV/0!,
2678,S15,T4,,,,#DIV/0!,
2679,S15,T4,,,,#DIV/0!,
2680,S15,T4,,,,#DIV/0!,
2681,S15,T4,,,,#DIV/0!,
2682,S15,T4,,,,#DIV/0!,
2683,S15,T4,,,,#DIV/0!,
2685,S15,T4,,,,#DIV/0!,
2455,S18,T1,,,,#DIV/0!,
2460,S18,T1,,,,#DIV/0!,
2475,S18,T1,,,,#DIV/0!,
2503,S18,T1,,,,#DIV/0!,
2504,S18,T1,,,,#DIV/0!,
2505,S18,T1,,,,#DIV/0!,
2558,S18,T1,,,,#DIV/0!,
2559,S18,T1,,,,#DIV/0!,
2560,S18,T1,,,,#DIV/0!,
2561,S18,T1,,,,#DIV/0!,
2562,S18,T1,,,,#DIV/0!,
2563,S18,T1,,,,#DIV/0!,
2564,S18,T1,,,,#DIV/0!,
2565,S18,T1,,,,#DIV/0!,
2566,S18,T1,,,,#DIV/0!,
2567,S18,T1,,,,#DIV/0!,
2568,S18,T1,,,,#DIV/0!,
2569,S18,T1,,,,#DIV/0!,
2570,S18,T1,,,,#DIV/0!,
2571,S18,T1,,,,#DIV/0!,
2572,S18,T1,,,,#DIV/0!,
2573,S18,T1,,,,#DIV/0!,
2574,S18,T1,,,,#DIV/0!,
2575,S18,T1,,,,#DIV/0!,
2576,S18,T1,,,,#DIV/0!,
2577,S18,T1,,,,#DIV/0!,
2578,S18,T1,,,,#DIV/0!,
2579,S18,T1,,,,#DIV/0!,
2580,S18,T1,,,,#DIV/0!,
2581,S18,T1,,,,#DIV/0!,
2582,S18,T1,,,,#DIV/0!,
2583,S18,T1,,,,#DIV/0!,
2584,S18,T1,,,,#DIV/0!,
2585,S18,T1,,,,#DIV/0!,
2586,S18,T1,,,,#DIV/0!,
2587,S18,T1,,,,#DIV/0!,
2588,S18,T1,,,,#DIV/0!,
2589,S18,T1,,,,#DIV/0!,
2590,S18,T1,,,,#DIV/0!,
2591,S18,T1,,,,#DIV/0!,
2592,S18,T1,,,,#DIV/0!,
2593,S18,T1,,,,#DIV/0!,
2594,S18,T1,,,,#DIV/0!,
2595,S18,T1,,,,#DIV/0!,
2596,S18,T1,,,,#DIV/0!,
2597,S18,T1,,,,#DIV/0!,
2598,S18,T1,,,,#DIV/0!,
2599,S18,T1,,,,#DIV/0!,
2600,S18,T1,,,,#DIV/0!,
2601,S18,T1,,,,#DIV/0!,
2911,S18,T2,,,,#DIV/0!,
2922,S18,T2,,,,#DIV/0!,
2923,S18,T2,,,,#DIV/0!,
2927,S18,T2,,,,#DIV/0!,
2928,S18,T2,,,,#DIV/0!,
2929,S18,T2,,,,#DIV/0!,
2930,S18,T2,,,,#DIV/0!,
2931,S18,T2,,,,#DIV/0!,
2932,S18,T2,,,,#DIV/0!,
2933,S18,T2,,,,#DIV/0!,
2934,S18,T2,,,,#DIV/0!,
2935,S18,T2,,,,#DIV/0!,
2937,S18,T2,,,,#DIV/0!,
2938,S18,T2,,,,#DIV/0!,
2939,S18,T2,,,,#DIV/0!,
2940,S18,T2,,,,#DIV/0!,
2941,S18,T2,,,,#DIV/0!,
2942,S18,T2,,,,#DIV/0!,
2943,S18,T2,,,,#DIV/0!,
2944,S18,T2,,,,#DIV/0!,
2945,S18,T2,,,,#DIV/0!,
2946,S18,T2,,,,#DIV/0!,
2947,S18,T2,,,,#DIV/0!,
2948,S18,T2,,,,#DIV/0!,
2949,S18,T2,,,,#DIV/0!,
2950,S18,T2,,,,#DIV/0!,
2951,S18,T2,,,,#DIV/0!,
2952,S18,T2,,,,#DIV/0!,
2953,S18,T2,,,,#DIV/0!,
2954,S18,T2,,,,#DIV/0!,
2955,S18,T2,,,,#DIV/0!,
2990,S18,T2,,,,#DIV/0!,
3225,S18,T3,,,,#DIV/0!,
3226,S18,T3,,,,#DIV/0!,
3227,S18,T3,,,,#DIV/0!,
3229,S18,T3,,,,#DIV/0!,
3231,S18,T3,,,,#DIV/0!,
3232,S18,T3,,,,#DIV/0!,
3233,S18,T3,,,,#DIV/0!,
3234,S18,T3,,,,#DIV/0!,
3235,S18,T3,,,,#DIV/0!,
3238,S18,T3,,,,#DIV/0!,
3239,S18,T3,,,,#DIV/0!,
3240,S18,T3,,,,#DIV/0!,
3253,S18,T3,,,,#DIV/0!,
3254,S18,T3,,,,#DIV/0!,
3255,S18,T3,,,,#DIV/0!,
3256,S18,T3,,,,#DIV/0!,
3257,S18,T3,,,,#DIV/0!,
2458,S9,T2,,,,#DIV/0!,
3259,S18,T3,,,,#DIV/0!,
3260,S18,T3,,,,#DIV/0!,
3261,S18,T3,,,,#DIV/0!,
3262,S18,T3,,,,#DIV/0!,
3263,S18,T3,,,,#DIV/0!,
3264,S18,T3,,,,#DIV/0!,
3265,S18,T3,,,,#DIV/0!,
3266,S18,T3,,,,#DIV/0!,
3267,S18,T3,,,,#DIV/0!,
3268,S18,T3,,,,#DIV/0!,
3269,S18,T3,,,,#DIV/0!,
3270,S18,T3,,,,#DIV/0!,
3271,S18,T3,,,,#DIV/0!,
3272,S18,T3,,,,#DIV/0!,
3273,S18,T3,,,,#DIV/0!,
3274,S18,T3,,,,#DIV/0!,
3275,S18,T3,,,,#DIV/0!,
3276,S18,T3,,,,#DIV/0!,
3277,S18,T3,,,,#DIV/0!,
3278,S18,T3,,,,#DIV/0!,
3279,S18,T3,,,,#DIV/0!,
3280,S18,T3,,,,#DIV/0!,
3281,S18,T3,,,,#DIV/0!,
3282,S18,T3,,,,#DIV/0!,
3283,S18,T3,,,,#DIV/0!,
3284,S18,T3,,,,#DIV/0!,
3285,S18,T3,,,,#DIV/0!,
3286,S18,T3,,,,#DIV/0!,
3287,S18,T3,,,,#DIV/0!,
3288,S18,T3,,,,#DIV/0!,
3289,S18,T3,,,,#DIV/0!,
3290,S18,T3,,,,#DIV/0!,
3291,S18,T3,,,,#DIV/0!,
1349,S2,T1,,,,#DIV/0!,
1350,S2,T1,,,,#DIV/0!,
1351,S2,T1,,,,#DIV/0!,
1352,S2,T1,,,,#DIV/0!,
1353,S2,T1,,,,#DIV/0!,
1354,S2,T1,,,,#DIV/0!,
1355,S2,T1,,,,#DIV/0!,
1356,S2,T1,,,,#DIV/0!,
1357,S2,T1,,,,#DIV/0!,
1358,S2,T1,,,,#DIV/0!,
1504,S2,T1,,,,#DIV/0!,
1505,S2,T1,,,,#DIV/0!,
1506,S2,T1,,,,#DIV/0!,
1507,S2,T1,,,,#DIV/0!,
1508,S2,T1,,,,#DIV/0!,
1509,S2,T1,,,,#DIV/0!,
1510,S2,T1,,,,#DIV/0!,
1511,S2,T1,,,,#DIV/0!,
1512,S2,T1,,,,#DIV/0!,
1513,S2,T1,,,,#DIV/0!,
1514,S2,T1,,,,#DIV/0!,
1515,S2,T1,,,,#DIV/0!,
1516,S2,T1,,,,#DIV/0!,
1517,S2,T1,,,,#DIV/0!,
1518,S2,T1,,,,#DIV/0!,
1519,S2,T1,,,,#DIV/0!,
1520,S2,T1,,,,#DIV/0!,
1521,S2,T1,,,,#DIV/0!,
1541,S2,T1,,,,#DIV/0!,
1542,S2,T1,,,,#DIV/0!,
1543,S2,T1,,,,#DIV/0!,
1544,S2,T1,,,,#DIV/0!,
1545,S2,T1,,,,#DIV/0!,
1546,S2,T1,,,,#DIV/0!,
1547,S2,T1,,,,#DIV/0!,
1548,S2,T1,,,,#DIV/0!,
1549,S2,T1,,,,#DIV/0!,
1550,S2,T1,,,,#DIV/0!,
1551,S2,T1,,,,#DIV/0!,
1552,S2,T1,,,,#DIV/0!,
1557,S2,T1,,,,#DIV/0!,
1558,S2,T1,,,,#DIV/0!,
1559,S2,T1,,,,#DIV/0!,
1560,S2,T1,,,,#DIV/0!,
1561,S2,T1,,,,#DIV/0!,
1562,S2,T1,,,,#DIV/0!,
1563,S2,T1,,,,#DIV/0!,
1564,S2,T1,,,,#DIV/0!,
1565,S2,T1,,,,#DIV/0!,
1566,S2,T1,,,,#DIV/0!,
1567,S2,T1,,,,#DIV/0!,
1568,S2,T1,,,,#DIV/0!,
1569,S2,T1,,,,#DIV/0!,
1570,S2,T1,,,,#DIV/0!,
1571,S2,T1,,,,#DIV/0!,
1572,S2,T1,,,,#DIV/0!,
1573,S2,T1,,,,#DIV/0!,
1594,S2,T1,,,,#DIV/0!,
1595,S2,T1,,,,#DIV/0!,
1596,S2,T1,,,,#DIV/0!,
1597,S2,T1,,,,#DIV/0!,
1598,S2,T1,,,,#DIV/0!,
1599,S2,T1,,,,#DIV/0!,
1600,S2,T1,,,,#DIV/0!,
1601,S2,T1,,,,#DIV/0!,
1602,S2,T1,,,,#DIV/0!,
1603,S2,T1,,,,#DIV/0!,
1604,S2,T1,,,,#DIV/0!,
1605,S2,T1,,,,#DIV/0!,
1606,S2,T1,,,,#DIV/0!,
1607,S2,T1,,,,#DIV/0!,
1608,S2,T1,,,,#DIV/0!,
1609,S2,T1,,,,#DIV/0!,
1610,S2,T1,,,,#DIV/0!,
1611,S2,T1,,,,#DIV/0!,
1612,S2,T1,,,,#DIV/0!,
1613,S2,T1,,,,#DIV/0!,
1614,S2,T1,,,,#DIV/0!,
1615,S2,T1,,,,#DIV/0!,
1616,S2,T1,,,,#DIV/0!,
1617,S2,T1,,,,#DIV/0!,
1618,S2,T1,,,,#DIV/0!,
1619,S2,T1,,,,#DIV/0!,
1620,S2,T1,,,,#DIV/0!,
1621,S2,T1,,,,#DIV/0!,
1622,S2,T1,,,,#DIV/0!,
1624,S2,T1,,,,#DIV/0!,
1625,S2,T1,,,,#DIV/0!,
1626,S2,T1,,,,#DIV/0!,
1627,S2,T1,,,,#DIV/0!,
1628,S2,T1,,,,#DIV/0!,
1629,S2,T1,,,,#DIV/0!,
1630,S2,T1,,,,#DIV/0!,
1631,S2,T1,,,,#DIV/0!,
1632,S2,T1,,,,#DIV/0!,
1633,S2,T1,,,,#DIV/0!,
1634,S2,T1,,,,#DIV/0!,
1635,S2,T1,,,,#DIV/0!,
1636,S2,T1,,,,#DIV/0!,
1637,S2,T1,,,,#DIV/0!,
1638,S2,T1,,,,#DIV/0!,
1639,S2,T1,,,,#DIV/0!,
1640,S2,T1,,,,#DIV/0!,
1641,S2,T1,,,,#DIV/0!,
1642,S2,T1,,,,#DIV/0!,
1643,S2,T1,,,,#DIV/0!,
1644,S2,T1,,,,#DIV/0!,
1645,S2,T1,,,,#DIV/0!,
1646,S2,T1,,,,#DIV/0!,
1647,S2,T1,,,,#DIV/0!,
1648,S2,T1,,,,#DIV/0!,
1649,S2,T1,,,,#DIV/0!,
1553,S2,T2,,,,#DIV/0!,
1554,S2,T2,,,,#DIV/0!,
1555,S2,T2,,,,#DIV/0!,
1556,S2,T2,,,,#DIV/0!,
1574,S2,T2,,,,#DIV/0!,
1575,S2,T2,,,,#DIV/0!,
1576,S2,T2,,,,#DIV/0!,
1577,S2,T2,,,,#DIV/0!,
1578,S2,T2,,,,#DIV/0!,
1579,S2,T2,,,,#DIV/0!,
1580,S2,T2,,,,#DIV/0!,
1581,S2,T2,,,,#DIV/0!,
1582,S2,T2,,,,#DIV/0!,
1583,S2,T2,,,,#DIV/0!,
1584,S2,T2,,,,#DIV/0!,
1585,S2,T2,,,,#DIV/0!,
1586,S2,T2,,,,#DIV/0!,
1587,S2,T2,,,,#DIV/0!,
1588,S2,T2,,,,#DIV/0!,
1589,S2,T2,,,,#DIV/0!,
1590,S2,T2,,,,#DIV/0!,
1592,S2,T2,,,,#DIV/0!,
1593,S2,T2,,,,#DIV/0!,
1650,S2,T2,,,,#DIV/0!,
1651,S2,T2,,,,#DIV/0!,
1652,S2,T2,,,,#DIV/0!,
1653,S2,T2,,,,#DIV/0!,
1654,S2,T2,,,,#DIV/0!,
1655,S2,T2,,,,#DIV/0!,
1656,S2,T2,,,,#DIV/0!,
1657,S2,T2,,,,#DIV/0!,
1658,S2,T2,,,,#DIV/0!,
1659,S2,T2,,,,#DIV/0!,
1660,S2,T2,,,,#DIV/0!,
1661,S2,T2,,,,#DIV/0!,
1662,S2,T2,,,,#DIV/0!,
1663,S2,T2,,,,#DIV/0!,
1664,S2,T2,,,,#DIV/0!,
1665,S2,T2,,,,#DIV/0!,
1666,S2,T2,,,,#DIV/0!,
1667,S2,T2,,,,#DIV/0!,
1668,S2,T2,,,,#DIV/0!,
1669,S2,T2,,,,#DIV/0!,
1670,S2,T2,,,,#DIV/0!,
1671,S2,T2,,,,#DIV/0!,
1672,S2,T2,,,,#DIV/0!,
1673,S2,T2,,,,#DIV/0!,
1674,S2,T2,,,,#DIV/0!,
1675,S2,T2,,,,#DIV/0!,
1676,S2,T2,,,,#DIV/0!,
1678,S2,T2,,,,#DIV/0!,
1679,S2,T2,,,,#DIV/0!,
1680,S2,T2,,,,#DIV/0!,
1681,S2,T2,,,,#DIV/0!,
1682,S2,T2,,,,#DIV/0!,
1683,S2,T2,,,,#DIV/0!,
1684,S2,T2,,,,#DIV/0!,
1685,S2,T2,,,,#DIV/0!,
1686,S2,T2,,,,#DIV/0!,
1689,S2,T2,,,,#DIV/0!,
1690,S2,T2,,,,#DIV/0!,
1691,S2,T2,,,,#DIV/0!,
1692,S2,T2,,,,#DIV/0!,
1693,S2,T2,,,,#DIV/0!,
1694,S2,T2,,,,#DIV/0!,
1711,S2,T2,,,,#DIV/0!,
1712,S2,T2,,,,#DIV/0!,
1713,S2,T2,,,,#DIV/0!,
1714,S2,T2,,,,#DIV/0!,
1715,S2,T2,,,,#DIV/0!,
1716,S2,T2,,,,#DIV/0!,
1717,S2,T2,,,,#DIV/0!,
1718,S2,T2,,,,#DIV/0!,
1719,S2,T2,,,,#DIV/0!,
1720,S2,T2,,,,#DIV/0!,
1721,S2,T2,,,,#DIV/0!,
1722,S2,T2,,,,#DIV/0!,
1723,S2,T2,,,,#DIV/0!,
1724,S2,T2,,,,#DIV/0!,
1725,S2,T2,,,,#DIV/0!,
1726,S2,T2,,,,#DIV/0!,
1727,S2,T2,,,,#DIV/0!,
1728,S2,T2,,,,#DIV/0!,
1729,S2,T2,,,,#DIV/0!,
1730,S2,T2,,,,#DIV/0!,
1731,S2,T2,,,,#DIV/0!,
1732,S2,T2,,,,#DIV/0!,
1733,S2,T2,,,,#DIV/0!,
1734,S2,T2,,,,#DIV/0!,
1735,S2,T2,,,,#DIV/0!,
1736,S2,T2,,,,#DIV/0!,
1737,S2,T2,,,,#DIV/0!,
1738,S2,T2,,,,#DIV/0!,
1739,S2,T2,,,,#DIV/0!,
1690,S2,T3,,,,#DIV/0!,
1695,S2,T3,,,,#DIV/0!,
1697,S2,T3,,,,#DIV/0!,
1698,S2,T3,,,,#DIV/0!,
1699,S2,T3,,,,#DIV/0!,
1700,S2,T3,,,,#DIV/0!,
1701,S2,T3,,,,#DIV/0!,
1702,S2,T3,,,,#DIV/0!,
1703,S2,T3,,,,#DIV/0!,
1704,S2,T3,,,,#DIV/0!,
1705,S2,T3,,,,#DIV/0!,
1706,S2,T3,,,,#DIV/0!,
1707,S2,T3,,,,#DIV/0!,
1708,S2,T3,,,,#DIV/0!,
1709,S2,T3,,,,#DIV/0!,
1710,S2,T3,,,,#DIV/0!,
1738,S2,T3,,,,#DIV/0!,
1740,S2,T3,,,,#DIV/0!,
1741,S2,T3,,,,#DIV/0!,
1742,S2,T3,,,,#DIV/0!,
1743,S2,T3,,,,#DIV/0!,
1744,S2,T3,,,,#DIV/0!,
1745,S2,T3,,,,#DIV/0!,
1746,S2,T3,,,,#DIV/0!,
1747,S2,T3,,,,#DIV/0!,
1748,S2,T3,,,,#DIV/0!,
1749,S2,T3,,,,#DIV/0!,
1750,S2,T3,,,,#DIV/0!,
1751,S2,T3,,,,#DIV/0!,
1752,S2,T3,,,,#DIV/0!,
1753,S2,T3,,,,#DIV/0!,
1754,S2,T3,,,,#DIV/0!,
1755,S2,T3,,,,#DIV/0!,
1756,S2,T3,,,,#DIV/0!,
1757,S2,T3,,,,#DIV/0!,
1758,S2,T3,,,,#DIV/0!,
1759,S2,T3,,,,#DIV/0!,
1760,S2,T3,,,,#DIV/0!,
1761,S2,T3,,,,#DIV/0!,
1762,S2,T3,,,,#DIV/0!,
1763,S2,T3,,,,#DIV/0!,
1764,S2,T3,,,,#DIV/0!,
1765,S2,T3,,,,#DIV/0!,
1766,S2,T3,,,,#DIV/0!,
1767,S2,T3,,,,#DIV/0!,
1768,S2,T3,,,,#DIV/0!,
1769,S2,T3,,,,#DIV/0!,
1770,S2,T3,,,,#DIV/0!,
1771,S2,T3,,,,#DIV/0!,
1772,S2,T3,,,,#DIV/0!,
1773,S2,T3,,,,#DIV/0!,
1774,S2,T3,,,,#DIV/0!,
1775,S2,T3,,,,#DIV/0!,
1776,S2,T3,,,,#DIV/0!,
1777,S2,T3,,,,#DIV/0!,
1778,S2,T3,,,,#DIV/0!,
1795,S2,T3,,,,#DIV/0!,
1796,S2,T3,,,,#DIV/0!,
1797,S2,T3,,,,#DIV/0!,
1798,S2,T3,,,,#DIV/0!,
1799,S2,T3,,,,#DIV/0!,
1800,S2,T3,,,,#DIV/0!,
1801,S2,T3,,,,#DIV/0!,
1802,S2,T3,,,,#DIV/0!,
1803,S2,T3,,,,#DIV/0!,
1804,S2,T3,,,,#DIV/0!,
1805,S2,T3,,,,#DIV/0!,
1806,S2,T3,,,,#DIV/0!,
1807,S2,T3,,,,#DIV/0!,
1808,S2,T3,,,,#DIV/0!,
1809,S2,T3,,,,#DIV/0!,
1810,S2,T3,,,,#DIV/0!,
1811,S2,T3,,,,#DIV/0!,
1812,S2,T3,,,,#DIV/0!,
1813,S2,T3,,,,#DIV/0!,
1814,S2,T3,,,,#DIV/0!,
1815,S2,T3,,,,#DIV/0!,
1816,S2,T3,,,,#DIV/0!,
1817,S2,T3,,,,#DIV/0!,
1818,S2,T3,,,,#DIV/0!,
1819,S2,T3,,,,#DIV/0!,
1820,S2,T3,,,,#DIV/0!,
1821,S2,T3,,,,#DIV/0!,
1822,S2,T3,,,,#DIV/0!,
1823,S2,T3,,,,#DIV/0!,
1824,S2,T3,,,,#DIV/0!,
1825,S2,T3,,,,#DIV/0!,
1826,S2,T3,,,,#DIV/0!,
1827,S2,T3,,,,#DIV/0!,
1828,S2,T3,,,,#DIV/0!,
1829,S2,T3,,,,#DIV/0!,
1830,S2,T3,,,,#DIV/0!,
1831,S2,T3,,,,#DIV/0!,
1832,S2,T3,,,,#DIV/0!,
1833,S2,T3,,,,#DIV/0!,
1834,S2,T3,,,,#DIV/0!,
1835,S2,T3,,,,#DIV/0!,
1836,S2,T3,,,,#DIV/0!,
1837,S2,T3,,,,#DIV/0!,
1838,S2,T3,,,,#DIV/0!,
1839,S2,T3,,,,#DIV/0!,
1779,S2,T4,,,,#DIV/0!,
1780,S2,T4,,,,#DIV/0!,
1781,S2,T4,,,,#DIV/0!,
1782,S2,T4,,,,#DIV/0!,
1783,S2,T4,,,,#DIV/0!,
1784,S2,T4,,,,#DIV/0!,
1785,S2,T4,,,,#DIV/0!,
1786,S2,T4,,,,#DIV/0!,
1787,S2,T4,,,,#DIV/0!,
1788,S2,T4,,,,#DIV/0!,
1789,S2,T4,,,,#DIV/0!,
1790,S2,T4,,,,#DIV/0!,
1791,S2,T4,,,,#DIV/0!,
1792,S2,T4,,,,#DIV/0!,
1793,S2,T4,,,,#DIV/0!,
1794,S2,T4,,,,#DIV/0!,
1840,S2,T4,,,,#DIV/0!,
1841,S2,T4,,,,#DIV/0!,
1842,S2,T4,,,,#DIV/0!,
1843,S2,T4,,,,#DIV/0!,
1844,S2,T4,,,,#DIV/0!,
1845,S2,T4,,,,#DIV/0!,
1846,S2,T4,,,,#DIV/0!,
1847,S2,T4,,,,#DIV/0!,
1848,S2,T4,,,,#DIV/0!,
1849,S2,T4,,,,#DIV/0!,
1850,S2,T4,,,,#DIV/0!,
1851,S2,T4,,,,#DIV/0!,
1852,S2,T4,,,,#DIV/0!,
1853,S2,T4,,,,#DIV/0!,
1854,S2,T4,,,,#DIV/0!,
1855,S2,T4,,,,#DIV/0!,
1856,S2,T4,,,,#DIV/0!,
1857,S2,T4,,,,#DIV/0!,
1858,S2,T4,,,,#DIV/0!,
1859,S2,T4,,,,#DIV/0!,
1860,S2,T4,,,,#DIV/0!,
1861,S2,T4,,,,#DIV/0!,
1862,S2,T4,,,,#DIV/0!,
1863,S2,T4,,,,#DIV/0!,
1864,S2,T4,,,,#DIV/0!,
1865,S2,T4,,,,#DIV/0!,
1866,S2,T4,,,,#DIV/0!,
1867,S2,T4,,,,#DIV/0!,
1868,S2,T4,,,,#DIV/0!,
1869,S2,T4,,,,#DIV/0!,
1870,S2,T4,,,,#DIV/0!,
1871,S2,T4,,,,#DIV/0!,
1872,S2,T4,,,,#DIV/0!,
1873,S2,T4,,,,#DIV/0!,
1874,S2,T4,,,,#DIV/0!,
1875,S2,T4,,,,#DIV/0!,
1876,S2,T4,,,,#DIV/0!,
1877,S2,T4,,,,#DIV/0!,
1878,S2,T4,,,,#DIV/0!,
1879,S2,T4,,,,#DIV/0!,
1880,S2,T4,,,,#DIV/0!,
1881,S2,T4,,,,#DIV/0!,
1882,S2,T4,,,,#DIV/0!,
1883,S2,T4,,,,#DIV/0!,
1884,S2,T4,,,,#DIV/0!,
1885,S2,T4,,,,#DIV/0!,
1886,S2,T4,,,,#DIV/0!,
1887,S2,T4,,,,#DIV/0!,
1888,S2,T4,,,,#DIV/0!,
1889,S2,T4,,,,#DIV/0!,
1890,S2,T4,,,,#DIV/0!,
1891,S2,T4,,,,#DIV/0!,
1938,S2,T4,,,,#DIV/0!,
1939,S2,T4,,,,#DIV/0!,
1940,S2,T4,,,,#DIV/0!,
1941,S2,T4,,,,#DIV/0!,
1942,S2,T4,,,,#DIV/0!,
1943,S2,T4,,,,#DIV/0!,
1944,S2,T4,,,,#DIV/0!,
1945,S2,T4,,,,#DIV/0!,
1946,S2,T4,,,,#DIV/0!,
1947,S2,T4,,,,#DIV/0!,
1948,S2,T4,,,,#DIV/0!,
1949,S2,T4,,,,#DIV/0!,
1950,S2,T4,,,,#DIV/0!,
1951,S2,T4,,,,#DIV/0!,
1952,S2,T4,,,,#DIV/0!,
1953,S2,T4,,,,#DIV/0!,
1954,S2,T4,,,,#DIV/0!,
1955,S2,T4,,,,#DIV/0!,
1956,S2,T4,,,,#DIV/0!,
1957,S2,T4,,,,#DIV/0!,
1958,S2,T4,,,,#DIV/0!,
1892,S2,T5,,,,#DIV/0!,
1893,S2,T5,,,,#DIV/0!,
1894,S2,T5,,,,#DIV/0!,
1895,S2,T5,,,,#DIV/0!,
1896,S2,T5,,,,#DIV/0!,
1897,S2,T5,,,,#DIV/0!,
1898,S2,T5,,,,#DIV/0!,
1899,S2,T5,,,,#DIV/0!,
1900,S2,T5,,,,#DIV/0!,
1901,S2,T5,,,,#DIV/0!,
1902,S2,T5,,,,#DIV/0!,
1903,S2,T5,,,,#DIV/0!,
1904,S2,T5,,,,#DIV/0!,
1905,S2,T5,,,,#DIV/0!,
1906,S2,T5,,,,#DIV/0!,
1907,S2,T5,,,,#DIV/0!,
1908,S2,T5,,,,#DIV/0!,
1909,S2,T5,,,,#DIV/0!,
1910,S2,T5,,,,#DIV/0!,
1911,S2,T5,,,,#DIV/0!,
1912,S2,T5,,,,#DIV/0!,
1913,S2,T5,,,,#DIV/0!,
1914,S2,T5,,,,#DIV/0!,
1915,S2,T5,,,,#DIV/0!,
1916,S2,T5,,,,#DIV/0!,
1917,S2,T5,,,,#DIV/0!,
1918,S2,T5,,,,#DIV/0!,
1919,S2,T5,,,,#DIV/0!,
1920,S2,T5,,,,#DIV/0!,
1921,S2,T5,,,,#DIV/0!,
1922,S2,T5,,,,#DIV/0!,
1923,S2,T5,,,,#DIV/0!,
1924,S2,T5,,,,#DIV/0!,
1925,S2,T5,,,,#DIV/0!,
1926,S2,T5,,,,#DIV/0!,
1927,S2,T5,,,,#DIV/0!,
1928,S2,T5,,,,#DIV/0!,
1929,S2,T5,,,,#DIV/0!,
1930,S2,T5,,,,#DIV/0!,
1931,S2,T5,,,,#DIV/0!,
1932,S2,T5,,,,#DIV/0!,
1933,S2,T5,,,,#DIV/0!,
1934,S2,T5,,,,#DIV/0!,
1935,S2,T5,,,,#DIV/0!,
1936,S2,T5,,,,#DIV/0!,
1937,S2,T5,,,,#DIV/0!,
1959,S2,T5,,,,#DIV/0!,
1960,S2,T5,,,,#DIV/0!,
1961,S2,T5,,,,#DIV/0!,
1962,S2,T5,,,,#DIV/0!,
1963,S2,T5,,,,#DIV/0!,
1964,S2,T5,,,,#DIV/0!,
1965,S2,T5,,,,#DIV/0!,
1966,S2,T5,,,,#DIV/0!,
1967,S2,T5,,,,#DIV/0!,
1968,S2,T5,,,,#DIV/0!,
1969,S2,T5,,,,#DIV/0!,
1970,S2,T5,,,,#DIV/0!,
1971,S2,T5,,,,#DIV/0!,
1972,S2,T5,,,,#DIV/0!,
1973,S2,T5,,,,#DIV/0!,
1974,S2,T5,,,,#DIV/0!,
1975,S2,T5,,,,#DIV/0!,
1976,S2,T5,,,,#DIV/0!,
1977,S2,T5,,,,#DIV/0!,
1978,S2,T5,,,,#DIV/0!,
1979,S2,T5,,,,#DIV/0!,
1980,S2,T5,,,,#DIV/0!,
1981,S2,T5,,,,#DIV/0!,
1982,S2,T5,,,,#DIV/0!,
1983,S2,T5,,,,#DIV/0!,
1984,S2,T5,,,,#DIV/0!,
1985,S2,T5,,,,#DIV/0!,
1986,S2,T5,,,,#DIV/0!,
1987,S2,T5,,,,#DIV/0!,
1988,S2,T5,,,,#DIV/0!,
1989,S2,T5,,,,#DIV/0!,
1990,S2,T5,,,,#DIV/0!,
1991,S2,T5,,,,#DIV/0!,
1992,S2,T5,,,,#DIV/0!,
1993,S2,T5,,,,#DIV/0!,
1994,S2,T5,,,,#DIV/0!,
1995,S2,T5,,,,#DIV/0!,
1996,S2,T5,,,,#DIV/0!,
1997,S2,T5,,,,#DIV/0!,
1998,S2,T5,,,,#DIV/0!,
1999,S2,T5,,,,#DIV/0!,
2000,S2,T5,,,,#DIV/0!,
2001,S2,T5,,,,#DIV/0!,
2002,S2,T5,,,,#DIV/0!,
2003,S2,T5,,,,#DIV/0!,
2004,S2,T5,,,,#DIV/0!,
2005,S2,T5,,,,#DIV/0!,
2006,S2,T5,,,,#DIV/0!,
2007,S2,T5,,,,#DIV/0!,
2008,S2,T5,,,,#DIV/0!,
2009,S2,T5,,,,#DIV/0!,
2010,S2,T5,,,,#DIV/0!,
2011,S2,T5,,,,#DIV/0!,
2012,S2,T5,,,,#DIV/0!,
2013,S2,T5,,,,#DIV/0!,
2014,S2,T5,,,,#DIV/0!,
2015,S2,T5,,,,#DIV/0!,
2016,S2,T5,,,,#DIV/0!,
2017,S2,T5,,,,#DIV/0!,
2018,S2,T5,,,,#DIV/0!,
2019,S2,T5,,,,#DIV/0!,
2020,S2,T5,,,,#DIV/0!,
2021,S2,T5,,,,#DIV/0!,
2022,S2,T5,,,,#DIV/0!,
2023,S2,T5,,,,#DIV/0!,
2024,S2,T5,,,,#DIV/0!,
2025,S2,T5,,,,#DIV/0!,
2026,S2,T5,,,,#DIV/0!,
2085,S2,T5,,,,#DIV/0!,
2086,S2,T5,,,,#DIV/0!,
2087,S2,T5,,,,#DIV/0!,
2088,S2,T5,,,,#DIV/0!,
2089,S2,T5,,,,#DIV/0!,
2090,S2,T5,,,,#DIV/0!,
2091,S2,T5,,,,#DIV/0!,
2092,S2,T5,,,,#DIV/0!,
2093,S2,T5,,,,#DIV/0!,
2094,S2,T5,,,,#DIV/0!,
2095,S2,T5,,,,#DIV/0!,
2096,S2,T5,,,,#DIV/0!,
2097,S2,T5,,,,#DIV/0!,
2098,S2,T5,,,,#DIV/0!,
2099,S2,T5,,,,#DIV/0!,
2027,S2,T6,,,,#DIV/0!,
2028,S2,T6,,,,#DIV/0!,
2029,S2,T6,,,,#DIV/0!,
2030,S2,T6,,,,#DIV/0!,
2031,S2,T6,,,,#DIV/0!,
2032,S2,T6,,,,#DIV/0!,
2033,S2,T6,,,,#DIV/0!,
2034,S2,T6,,,,#DIV/0!,
2035,S2,T6,,,,#DIV/0!,
2036,S2,T6,,,,#DIV/0!,
2037,S2,T6,,,,#DIV/0!,
2038,S2,T6,,,,#DIV/0!,
2039,S2,T6,,,,#DIV/0!,
2040,S2,T6,,,,#DIV/0!,
2041,S2,T6,,,,#DIV/0!,
2042,S2,T6,,,,#DIV/0!,
2043,S2,T6,,,,#DIV/0!,
2044,S2,T6,,,,#DIV/0!,
2045,S2,T6,,,,#DIV/0!,
2053,S2,T6,,,,#DIV/0!,
2171,S2,T6,,,,#DIV/0!,
2172,S2,T6,,,,#DIV/0!,
2173,S2,T6,,,,#DIV/0!,
2174,S2,T6,,,,#DIV/0!,
2175,S2,T6,,,,#DIV/0!,
2226,S2,T6,,,,#DIV/0!,
2229,S2,T6,,,,#DIV/0!,
2230,S2,T6,,,,#DIV/0!,
2231,S2,T6,,,,#DIV/0!,
2232,S2,T6,,,,#DIV/0!,
2233,S2,T6,,,,#DIV/0!,
2234,S2,T6,,,,#DIV/0!,
2235,S2,T6,,,,#DIV/0!,
2236,S2,T6,,,,#DIV/0!,
2238,S2,T6,,,,#DIV/0!,
2239,S2,T6,,,,#DIV/0!,
653,S3,T1,,,,#DIV/0!,
658,S3,T1,,,,#DIV/0!,
659,S3,T1,,,,#DIV/0!,
660,S3,T1,,,,#DIV/0!,
661,S3,T1,,,,#DIV/0!,
662,S3,T1,,,,#DIV/0!,
663,S3,T1,,,,#DIV/0!,
664,S3,T1,,,,#DIV/0!,
665,S3,T1,,,,#DIV/0!,
666,S3,T1,,,,#DIV/0!,
667,S3,T1,,,,#DIV/0!,
668,S3,T1,,,,#DIV/0!,
669,S3,T1,,,,#DIV/0!,
670,S3,T1,,,,#DIV/0!,
671,S3,T1,,,,#DIV/0!,
672,S3,T1,,,,#DIV/0!,
676,S3,T1,,,,#DIV/0!,
677,S3,T1,,,,#DIV/0!,
678,S3,T1,,,,#DIV/0!,
679,S3,T1,,,,#DIV/0!,
680,S3,T1,,,,#DIV/0!,
681,S3,T1,,,,#DIV/0!,
682,S3,T1,,,,#DIV/0!,
683,S3,T1,,,,#DIV/0!,
684,S3,T1,,,,#DIV/0!,
685,S3,T1,,,,#DIV/0!,
686,S3,T1,,,,#DIV/0!,
687,S3,T1,,,,#DIV/0!,
688,S3,T1,,,,#DIV/0!,
689,S3,T1,,,,#DIV/0!,
702,S3,T1,,,,#DIV/0!,
703,S3,T1,,,,#DIV/0!,
721,S3,T1,,,,#DIV/0!,
722,S3,T1,,,,#DIV/0!,
723,S3,T1,,,,#DIV/0!,
724,S3,T1,,,,#DIV/0!,
725,S3,T1,,,,#DIV/0!,
726,S3,T1,,,,#DIV/0!,
727,S3,T1,,,,#DIV/0!,
728,S3,T1,,,,#DIV/0!,
738,S3,T1,,,,#DIV/0!,
690,S3,T2,,,,#DIV/0!,
696,S3,T2,,,,#DIV/0!,
700,S3,T2,,,,#DIV/0!,
701,S3,T2,,,,#DIV/0!,
705,S3,T2,,,,#DIV/0!,
706,S3,T2,,,,#DIV/0!,
707,S3,T2,,,,#DIV/0!,
708,S3,T2,,,,#DIV/0!,
709,S3,T2,,,,#DIV/0!,
712,S3,T2,,,,#DIV/0!,
716,S3,T2,,,,#DIV/0!,
731,S3,T2,,,,#DIV/0!,
734,S3,T2,,,,#DIV/0!,
735,S3,T2,,,,#DIV/0!,
736,S3,T2,,,,#DIV/0!,
737,S3,T2,,,,#DIV/0!,
691,S3,T3,,,,#DIV/0!,
692,S3,T3,,,,#DIV/0!,
693,S3,T3,,,,#DIV/0!,
694,S3,T3,,,,#DIV/0!,
695,S3,T3,,,,#DIV/0!,
697,S3,T3,,,,#DIV/0!,
699,S3,T3,,,,#DIV/0!,
704,S3,T3,,,,#DIV/0!,
710,S3,T3,,,,#DIV/0!,
711,S3,T3,,,,#DIV/0!,
713,S3,T3,,,,#DIV/0!,
714,S3,T3,,,,#DIV/0!,
715,S3,T3,,,,#DIV/0!,
717,S3,T3,,,,#DIV/0!,
718,S3,T3,,,,#DIV/0!,
719,S3,T3,,,,#DIV/0!,
720,S3,T3,,,,#DIV/0!,
729,S3,T3,,,,#DIV/0!,
730,S3,T3,,,,#DIV/0!,
732,S3,T3,,,,#DIV/0!,
733,S3,T3,,,,#DIV/0!,
739,S3,T3,,,,#DIV/0!,
750,S3,T3,,,,#DIV/0!,
869,S3,T3,,,,#DIV/0!,
906,S3,T3,,,,#DIV/0!,
620,S3,T4,,,,#DIV/0!,
621,S3,T4,,,,#DIV/0!,
622,S3,T4,,,,#DIV/0!,
623,S3,T4,,,,#DIV/0!,
624,S3,T4,,,,#DIV/0!,
625,S3,T4,,,,#DIV/0!,
832,S3,T4,,,,#DIV/0!,
843,S3,T4,,,,#DIV/0!,
844,S3,T4,,,,#DIV/0!,
845,S3,T4,,,,#DIV/0!,
846,S3,T4,,,,#DIV/0!,
847,S3,T4,,,,#DIV/0!,
848,S3,T4,,,,#DIV/0!,
849,S3,T4,,,,#DIV/0!,
850,S3,T4,,,,#DIV/0!,
851,S3,T4,,,,#DIV/0!,
852,S3,T4,,,,#DIV/0!,
853,S3,T4,,,,#DIV/0!,
854,S3,T4,,,,#DIV/0!,
855,S3,T4,,,,#DIV/0!,
856,S3,T4,,,,#DIV/0!,
857,S3,T4,,,,#DIV/0!,
858,S3,T4,,,,#DIV/0!,
859,S3,T4,,,,#DIV/0!,
860,S3,T4,,,,#DIV/0!,
861,S3,T4,,,,#DIV/0!,
862,S3,T4,,,,#DIV/0!,
863,S3,T4,,,,#DIV/0!,
864,S3,T4,,,,#DIV/0!,
865,S3,T4,,,,#DIV/0!,
866,S3,T4,,,,#DIV/0!,
867,S3,T4,,,,#DIV/0!,
868,S3,T4,,,,#DIV/0!,
837,S3,T5,,,,#DIV/0!,
839,S3,T5,,,,#DIV/0!,
840,S3,T5,,,,#DIV/0!,
841,S3,T5,,,,#DIV/0!,
842,S3,T5,,,,#DIV/0!,
894,S3,T5,,,,#DIV/0!,
903,S3,T5,,,,#DIV/0!,
904,S3,T5,,,,#DIV/0!,
905,S3,T5,,,,#DIV/0!,
799,S3,T6,,,,#DIV/0!,
800,S3,T6,,,,#DIV/0!,
801,S3,T6,,,,#DIV/0!,
802,S3,T6,,,,#DIV/0!,
900,S3,T6,,,,#DIV/0!,
901,S3,T6,,,,#DIV/0!,
410,S4,T1,,,,#DIV/0!,
411,S4,T1,,,,#DIV/0!,
412,S4,T1,,,,#DIV/0!,
413,S4,T1,,,,#DIV/0!,
414,S4,T1,,,,#DIV/0!,
415,S4,T1,,,,#DIV/0!,
416,S4,T1,,,,#DIV/0!,
417,S4,T1,,,,#DIV/0!,
418,S4,T1,,,,#DIV/0!,
419,S4,T1,,,,#DIV/0!,
420,S4,T1,,,,#DIV/0!,
421,S4,T1,,,,#DIV/0!,
422,S4,T1,,,,#DIV/0!,
423,S4,T1,,,,#DIV/0!,
424,S4,T1,,,,#DIV/0!,
425,S4,T1,,,,#DIV/0!,
426,S4,T1,,,,#DIV/0!,
427,S4,T1,,,,#DIV/0!,
428,S4,T1,,,,#DIV/0!,
429,S4,T1,,,,#DIV/0!,
430,S4,T1,,,,#DIV/0!,
431,S4,T1,,,,#DIV/0!,
432,S4,T1,,,,#DIV/0!,
433,S4,T1,,,,#DIV/0!,
434,S4,T1,,,,#DIV/0!,
435,S4,T1,,,,#DIV/0!,
436,S4,T1,,,,#DIV/0!,
437,S4,T1,,,,#DIV/0!,
438,S4,T1,,,,#DIV/0!,
439,S4,T1,,,,#DIV/0!,
440,S4,T1,,,,#DIV/0!,
441,S4,T1,,,,#DIV/0!,
442,S4,T1,,,,#DIV/0!,
443,S4,T1,,,,#DIV/0!,
448,S4,T1,,,,#DIV/0!,
450,S4,T1,,,,#DIV/0!,
430_BIS,S4,T1,,,,#DIV/0!,
444,S4,T2,,,,#DIV/0!,
445,S4,T2,,,,#DIV/0!,
446,S4,T2,,,,#DIV/0!,
447,S4,T2,,,,#DIV/0!,
449,S4,T2,,,,#DIV/0!,
451,S4,T2,,,,#DIV/0!,
452,S4,T2,,,,#DIV/0!,
453,S4,T2,,,,#DIV/0!,
454,S4,T2,,,,#DIV/0!,
456,S4,T2,,,,#DIV/0!,
457,S4,T2,,,,#DIV/0!,
458,S4,T2,,,,#DIV/0!,
459,S4,T2,,,,#DIV/0!,
460,S4,T2,,,,#DIV/0!,
461,S4,T2,,,,#DIV/0!,
462,S4,T2,,,,#DIV/0!,
463,S4,T2,,,,#DIV/0!,
464,S4,T2,,,,#DIV/0!,
465,S4,T2,,,,#DIV/0!,
466,S4,T2,,,,#DIV/0!,
467,S4,T2,,,,#DIV/0!,
468,S4,T2,,,,#DIV/0!,
469,S4,T2,,,,#DIV/0!,
470,S4,T2,,,,#DIV/0!,
471,S4,T2,,,,#DIV/0!,
490,S4,T2,,,,#DIV/0!,
419,S4,T3,,,,#DIV/0!,
455,S4,T3,,,,#DIV/0!,
472,S4,T3,,,,#DIV/0!,
473,S4,T3,,,,#DIV/0!,
474,S4,T3,,,,#DIV/0!,
475,S4,T3,,,,#DIV/0!,
476,S4,T3,,,,#DIV/0!,
477,S4,T3,,,,#DIV/0!,
478,S4,T3,,,,#DIV/0!,
479,S4,T3,,,,#DIV/0!,
480,S4,T3,,,,#DIV/0!,
481,S4,T3,,,,#DIV/0!,
482,S4,T3,,,,#DIV/0!,
483,S4,T3,,,,#DIV/0!,
484,S4,T3,,,,#DIV/0!,
485,S4,T3,,,,#DIV/0!,
486,S4,T3,,,,#DIV/0!,
487,S4,T3,,,,#DIV/0!,
488,S4,T3,,,,#DIV/0!,
489,S4,T3,,,,#DIV/0!,
507,S4,T3,,,,#DIV/0!,
509,S4,T3,,,,#DIV/0!,
510,S4,T3,,,,#DIV/0!,
515,S4,T3,,,,#DIV/0!,
518,S4,T3,,,,#DIV/0!,
519,S4,T3,,,,#DIV/0!,
528,S4,T3,,,,#DIV/0!,
529,S4,T3,,,,#DIV/0!,
539,S4,T3,,,,#DIV/0!,
619,S4,T3,,,,#DIV/0!,
620,S4,T3,,,,#DIV/0!,
491,S4,T4,,,,#DIV/0!,
492,S4,T4,,,,#DIV/0!,
494,S4,T4,,,,#DIV/0!,
495,S4,T4,,,,#DIV/0!,
496,S4,T4,,,,#DIV/0!,
497,S4,T4,,,,#DIV/0!,
498,S4,T4,,,,#DIV/0!,
499,S4,T4,,,,#DIV/0!,
500,S4,T4,,,,#DIV/0!,
501,S4,T4,,,,#DIV/0!,
502,S4,T4,,,,#DIV/0!,
503,S4,T4,,,,#DIV/0!,
504,S4,T4,,,,#DIV/0!,
506,S4,T4,,,,#DIV/0!,
508,S4,T4,,,,#DIV/0!,
514,S4,T4,,,,#DIV/0!,
516,S4,T4,,,,#DIV/0!,
517,S4,T4,,,,#DIV/0!,
558,S4,T4,,,,#DIV/0!,
593,S4,T4,,,,#DIV/0!,
493,S4,T5,,,,#DIV/0!,
505,S4,T5,,,,#DIV/0!,
511,S4,T5,,,,#DIV/0!,
512,S4,T5,,,,#DIV/0!,
513,S4,T5,,,,#DIV/0!,
530,S4,T5,,,,#DIV/0!,
531,S4,T5,,,,#DIV/0!,
532,S4,T5,,,,#DIV/0!,
553,S4,T5,,,,#DIV/0!,
555,S4,T5,,,,#DIV/0!,
585,S4,T5,,,,#DIV/0!,
586,S4,T5,,,,#DIV/0!,
587,S4,T5,,,,#DIV/0!,
588,S4,T5,,,,#DIV/0!,
589,S4,T5,,,,#DIV/0!,
590,S4,T5,,,,#DIV/0!,
591,S4,T5,,,,#DIV/0!,
594,S4,T5,,,,#DIV/0!,
626,S4,T5,,,,#DIV/0!,
627,S4,T5,,,,#DIV/0!,
628,S4,T5,,,,#DIV/0!,
629,S4,T5,,,,#DIV/0!,
630,S4,T5,,,,#DIV/0!,
631,S4,T5,,,,#DIV/0!,
632,S4,T5,,,,#DIV/0!,
633,S4,T5,,,,#DIV/0!,
634,S4,T5,,,,#DIV/0!,
635,S4,T5,,,,#DIV/0!,
636,S4,T5,,,,#DIV/0!,
637,S4,T5,,,,#DIV/0!,
638,S4,T5,,,,#DIV/0!,
639,S4,T5,,,,#DIV/0!,
640,S4,T5,,,,#DIV/0!,
641,S4,T5,,,,#DIV/0!,
642,S4,T5,,,,#DIV/0!,
643,S4,T5,,,,#DIV/0!,
644,S4,T5,,,,#DIV/0!,
645,S4,T5,,,,#DIV/0!,
646,S4,T5,,,,#DIV/0!,
647,S4,T5,,,,#DIV/0!,
648,S4,T5,,,,#DIV/0!,
649,S4,T5,,,,#DIV/0!,
650,S4,T5,,,,#DIV/0!,
527,S4,T6,,,,#DIV/0!,
528,S4,T6,,,,#DIV/0!,
533,S4,T6,,,,#DIV/0!,
534,S4,T6,,,,#DIV/0!,
535,S4,T6,,,,#DIV/0!,
536,S4,T6,,,,#DIV/0!,
537,S4,T6,,,,#DIV/0!,
538,S4,T6,,,,#DIV/0!,
540,S4,T6,,,,#DIV/0!,
541,S4,T6,,,,#DIV/0!,
542,S4,T6,,,,#DIV/0!,
543,S4,T6,,,,#DIV/0!,
545,S4,T6,,,,#DIV/0!,
546,S4,T6,,,,#DIV/0!,
548,S4,T6,,,,#DIV/0!,
549,S4,T6,,,,#DIV/0!,
550,S4,T6,,,,#DIV/0!,
551,S4,T6,,,,#DIV/0!,
552,S4,T6,,,,#DIV/0!,
554,S4,T6,,,,#DIV/0!,
556,S4,T6,,,,#DIV/0!,
557,S4,T6,,,,#DIV/0!,
562,S4,T6,,,,#DIV/0!,
573,S4,T6,,,,#DIV/0!,
575,S4,T6,,,,#DIV/0!,
592,S4,T6,,,,#DIV/0!,
595,S4,T6,,,,#DIV/0!,
596,S4,T6,,,,#DIV/0!,
597,S4,T6,,,,#DIV/0!,
598,S4,T6,,,,#DIV/0!,
599,S4,T6,,,,#DIV/0!,
600,S4,T6,,,,#DIV/0!,
601,S4,T6,,,,#DIV/0!,
602,S4,T6,,,,#DIV/0!,
603,S4,T6,,,,#DIV/0!,
604,S4,T6,,,,#DIV/0!,
605,S4,T6,,,,#DIV/0!,
606,S4,T6,,,,#DIV/0!,
607,S4,T6,,,,#DIV/0!,
608,S4,T6,,,,#DIV/0!,
609,S4,T6,,,,#DIV/0!,
610,S4,T6,,,,#DIV/0!,
611,S4,T6,,,,#DIV/0!,
612,S4,T6,,,,#DIV/0!,
613,S4,T6,,,,#DIV/0!,
614,S4,T6,,,,#DIV/0!,
615,S4,T6,,,,#DIV/0!,
616,S4,T6,,,,#DIV/0!,
617,S4,T6,,,,#DIV/0!,
618,S4,T6,,,,#DIV/0!,
652,S4,T6,,,,#DIV/0!,
675,S4,T6,,,,#DIV/0!,
698,S4,T6,,,,#DIV/0!,
563,S4,T7,,,,#DIV/0!,
576,S4,T7,,,,#DIV/0!,
654,S4,T7,,,,#DIV/0!,
655,S4,T7,,,,#DIV/0!,
656,S4,T7,,,,#DIV/0!,
657,S4,T7,,,,#DIV/0!,
674,S4,T7,,,,#DIV/0!,
740,S5,T1,,,,#DIV/0!,
741,S5,T1,,,,#DIV/0!,
742,S5,T1,,,,#DIV/0!,
743,S5,T1,,,,#DIV/0!,
744,S5,T1,,,,#DIV/0!,
745,S5,T1,,,,#DIV/0!,
746,S5,T1,,,,#DIV/0!,
747,S5,T1,,,,#DIV/0!,
748,S5,T1,,,,#DIV/0!,
749,S5,T1,,,,#DIV/0!,
751,S5,T1,,,,#DIV/0!,
752,S5,T1,,,,#DIV/0!,
753,S5,T1,,,,#DIV/0!,
754,S5,T1,,,,#DIV/0!,
755,S5,T1,,,,#DIV/0!,
756,S5,T1,,,,#DIV/0!,
757,S5,T1,,,,#DIV/0!,
758,S5,T1,,,,#DIV/0!,
759,S5,T1,,,,#DIV/0!,
760,S5,T1,,,,#DIV/0!,
761,S5,T1,,,,#DIV/0!,
762,S5,T1,,,,#DIV/0!,
763,S5,T1,,,,#DIV/0!,
764,S5,T1,,,,#DIV/0!,
765,S5,T1,,,,#DIV/0!,
766,S5,T1,,,,#DIV/0!,
767,S5,T1,,,,#DIV/0!,
768,S5,T1,,,,#DIV/0!,
779,S5,T1,,,,#DIV/0!,
780,S5,T1,,,,#DIV/0!,
781,S5,T1,,,,#DIV/0!,
782,S5,T1,,,,#DIV/0!,
783,S5,T1,,,,#DIV/0!,
784,S5,T1,,,,#DIV/0!,
785,S5,T1,,,,#DIV/0!,
786,S5,T1,,,,#DIV/0!,
787,S5,T1,,,,#DIV/0!,
788,S5,T1,,,,#DIV/0!,
789,S5,T1,,,,#DIV/0!,
790,S5,T1,,,,#DIV/0!,
791,S5,T1,,,,#DIV/0!,
792,S5,T1,,,,#DIV/0!,
793,S5,T1,,,,#DIV/0!,
794,S5,T1,,,,#DIV/0!,
795,S5,T1,,,,#DIV/0!,
796,S5,T1,,,,#DIV/0!,
797,S5,T1,,,,#DIV/0!,
798,S5,T1,,,,#DIV/0!,
803,S5,T1,,,,#DIV/0!,
804,S5,T1,,,,#DIV/0!,
805,S5,T1,,,,#DIV/0!,
806,S5,T1,,,,#DIV/0!,
807,S5,T1,,,,#DIV/0!,
808,S5,T1,,,,#DIV/0!,
809,S5,T1,,,,#DIV/0!,
810,S5,T1,,,,#DIV/0!,
811,S5,T1,,,,#DIV/0!,
812,S5,T1,,,,#DIV/0!,
813,S5,T1,,,,#DIV/0!,
814,S5,T1,,,,#DIV/0!,
815,S5,T1,,,,#DIV/0!,
816,S5,T1,,,,#DIV/0!,
817,S5,T1,,,,#DIV/0!,
818,S5,T1,,,,#DIV/0!,
819,S5,T1,,,,#DIV/0!,
820,S5,T1,,,,#DIV/0!,
821,S5,T1,,,,#DIV/0!,
822,S5,T1,,,,#DIV/0!,
823,S5,T1,,,,#DIV/0!,
824,S5,T1,,,,#DIV/0!,
825,S5,T1,,,,#DIV/0!,
826,S5,T1,,,,#DIV/0!,
827,S5,T1,,,,#DIV/0!,
828,S5,T1,,,,#DIV/0!,
829,S5,T1,,,,#DIV/0!,
830,S5,T1,,,,#DIV/0!,
831,S5,T1,,,,#DIV/0!,
833,S5,T1,,,,#DIV/0!,
834,S5,T1,,,,#DIV/0!,
835,S5,T1,,,,#DIV/0!,
836,S5,T1,,,,#DIV/0!,
838,S5,T1,,,,#DIV/0!,
870,S5,T1,,,,#DIV/0!,
871,S5,T1,,,,#DIV/0!,
872,S5,T1,,,,#DIV/0!,
873,S5,T1,,,,#DIV/0!,
874,S5,T1,,,,#DIV/0!,
875,S5,T1,,,,#DIV/0!,
876,S5,T1,,,,#DIV/0!,
877,S5,T1,,,,#DIV/0!,
878,S5,T1,,,,#DIV/0!,
879,S5,T1,,,,#DIV/0!,
880,S5,T1,,,,#DIV/0!,
881,S5,T1,,,,#DIV/0!,
882,S5,T1,,,,#DIV/0!,
883,S5,T1,,,,#DIV/0!,
884,S5,T1,,,,#DIV/0!,
885,S5,T1,,,,#DIV/0!,
886,S5,T1,,,,#DIV/0!,
887,S5,T1,,,,#DIV/0!,
888,S5,T1,,,,#DIV/0!,
889,S5,T1,,,,#DIV/0!,
890,S5,T1,,,,#DIV/0!,
891,S5,T1,,,,#DIV/0!,
892,S5,T1,,,,#DIV/0!,
893,S5,T1,,,,#DIV/0!,
895,S5,T1,,,,#DIV/0!,
896,S5,T1,,,,#DIV/0!,
897,S5,T1,,,,#DIV/0!,
898,S5,T1,,,,#DIV/0!,
899,S5,T1,,,,#DIV/0!,
902,S5,T1,,,,#DIV/0!,
909,S5,T1,,,,#DIV/0!,
910,S5,T1,,,,#DIV/0!,
916,S5,T1,,,,#DIV/0!,
918,S5,T1,,,,#DIV/0!,
920,S5,T1,,,,#DIV/0!,
921,S5,T1,,,,#DIV/0!,
922,S5,T1,,,,#DIV/0!,
923,S5,T1,,,,#DIV/0!,
924,S5,T1,,,,#DIV/0!,
925,S5,T1,,,,#DIV/0!,
926,S5,T1,,,,#DIV/0!,
927,S5,T1,,,,#DIV/0!,
928,S5,T1,,,,#DIV/0!,
907,S5,T2,,,,#DIV/0!,
908,S5,T2,,,,#DIV/0!,
911,S5,T2,,,,#DIV/0!,
912,S5,T2,,,,#DIV/0!,
913,S5,T2,,,,#DIV/0!,
914,S5,T2,,,,#DIV/0!,
915,S5,T2,,,,#DIV/0!,
917,S5,T2,,,,#DIV/0!,
919,S5,T2,,,,#DIV/0!,
935,S5,T2,,,,#DIV/0!,
955,S5,T2,,,,#DIV/0!,
956,S5,T2,,,,#DIV/0!,
957,S5,T2,,,,#DIV/0!,
958,S5,T2,,,,#DIV/0!,
959,S5,T2,,,,#DIV/0!,
960,S5,T2,,,,#DIV/0!,
961,S5,T2,,,,#DIV/0!,
962,S5,T2,,,,#DIV/0!,
963,S5,T2,,,,#DIV/0!,
964,S5,T2,,,,#DIV/0!,
965,S5,T2,,,,#DIV/0!,
966,S5,T2,,,,#DIV/0!,
967,S5,T2,,,,#DIV/0!,
968,S5,T2,,,,#DIV/0!,
969,S5,T2,,,,#DIV/0!,
970,S5,T2,,,,#DIV/0!,
971,S5,T2,,,,#DIV/0!,
972,S5,T2,,,,#DIV/0!,
973,S5,T2,,,,#DIV/0!,
974,S5,T2,,,,#DIV/0!,
975,S5,T2,,,,#DIV/0!,
976,S5,T2,,,,#DIV/0!,
977,S5,T2,,,,#DIV/0!,
978,S5,T2,,,,#DIV/0!,
980,S5,T2,,,,#DIV/0!,
981,S5,T2,,,,#DIV/0!,
982,S5,T2,,,,#DIV/0!,
983,S5,T2,,,,#DIV/0!,
984,S5,T2,,,,#DIV/0!,
985,S5,T2,,,,#DIV/0!,
986,S5,T2,,,,#DIV/0!,
987,S5,T2,,,,#DIV/0!,
988,S5,T2,,,,#DIV/0!,
989,S5,T2,,,,#DIV/0!,
990,S5,T2,,,,#DIV/0!,
991,S5,T2,,,,#DIV/0!,
992,S5,T2,,,,#DIV/0!,
993,S5,T2,,,,#DIV/0!,
994,S5,T2,,,,#DIV/0!,
995,S5,T2,,,,#DIV/0!,
996,S5,T2,,,,#DIV/0!,
997,S5,T2,,,,#DIV/0!,
998,S5,T2,,,,#DIV/0!,
999,S5,T2,,,,#DIV/0!,
1000,S5,T2,,,,#DIV/0!,
1001,S5,T2,,,,#DIV/0!,
1002,S5,T2,,,,#DIV/0!,
1003,S5,T2,,,,#DIV/0!,
1004,S5,T2,,,,#DIV/0!,
1005,S5,T2,,,,#DIV/0!,
1006,S5,T2,,,,#DIV/0!,
1007,S5,T2,,,,#DIV/0!,
1008,S5,T2,,,,#DIV/0!,
1009,S5,T2,,,,#DIV/0!,
1010,S5,T2,,,,#DIV/0!,
1011,S5,T2,,,,#DIV/0!,
1012,S5,T2,,,,#DIV/0!,
1013,S5,T2,,,,#DIV/0!,
1014,S5,T2,,,,#DIV/0!,
1015,S5,T2,,,,#DIV/0!,
1016,S5,T2,,,,#DIV/0!,
1017,S5,T2,,,,#DIV/0!,
1018,S5,T2,,,,#DIV/0!,
1019,S5,T2,,,,#DIV/0!,
1020,S5,T2,,,,#DIV/0!,
1021,S5,T2,,,,#DIV/0!,
1022,S5,T2,,,,#DIV/0!,
1023,S5,T2,,,,#DIV/0!,
1024,S5,T2,,,,#DIV/0!,
1025,S5,T2,,,,#DIV/0!,
1026,S5,T2,,,,#DIV/0!,
1027,S5,T2,,,,#DIV/0!,
1028,S5,T2,,,,#DIV/0!,
1029,S5,T2,,,,#DIV/0!,
1030,S5,T2,,,,#DIV/0!,
1031,S5,T2,,,,#DIV/0!,
1032,S5,T2,,,,#DIV/0!,
1033,S5,T2,,,,#DIV/0!,
1034,S5,T2,,,,#DIV/0!,
1035,S5,T2,,,,#DIV/0!,
1036,S5,T2,,,,#DIV/0!,
1037,S5,T2,,,,#DIV/0!,
1038,S5,T2,,,,#DIV/0!,
1039,S5,T2,,,,#DIV/0!,
1040,S5,T2,,,,#DIV/0!,
1041,S5,T2,,,,#DIV/0!,
1042,S5,T2,,,,#DIV/0!,
1043,S5,T2,,,,#DIV/0!,
1044,S5,T2,,,,#DIV/0!,
1045,S5,T2,,,,#DIV/0!,
1046,S5,T2,,,,#DIV/0!,
1047,S5,T2,,,,#DIV/0!,
1048,S5,T2,,,,#DIV/0!,
1049,S5,T2,,,,#DIV/0!,
1050,S5,T2,,,,#DIV/0!,
1052,S5,T2,,,,#DIV/0!,
1053,S5,T2,,,,#DIV/0!,
1054,S5,T2,,,,#DIV/0!,
1055,S5,T2,,,,#DIV/0!,
1088,S5,T2,,,,#DIV/0!,
1089,S5,T2,,,,#DIV/0!,
1090,S5,T2,,,,#DIV/0!,
1091,S5,T2,,,,#DIV/0!,
1092,S5,T2,,,,#DIV/0!,
1093,S5,T2,,,,#DIV/0!,
1094,S5,T2,,,,#DIV/0!,
1095,S5,T2,,,,#DIV/0!,
1096,S5,T2,,,,#DIV/0!,
1097,S5,T2,,,,#DIV/0!,
1098,S5,T2,,,,#DIV/0!,
1099,S5,T2,,,,#DIV/0!,
1100,S5,T2,,,,#DIV/0!,
1101,S5,T2,,,,#DIV/0!,
1102,S5,T2,,,,#DIV/0!,
1103,S5,T2,,,,#DIV/0!,
1104,S5,T2,,,,#DIV/0!,
1105,S5,T2,,,,#DIV/0!,
1106,S5,T2,,,,#DIV/0!,
1107,S5,T2,,,,#DIV/0!,
1108,S5,T2,,,,#DIV/0!,
1161,S5,T2,,,,#DIV/0!,
1162,S5,T2,,,,#DIV/0!,
1163,S5,T2,,,,#DIV/0!,
1164,S5,T2,,,,#DIV/0!,
1165,S5,T2,,,,#DIV/0!,
1166,S5,T2,,,,#DIV/0!,
1167,S5,T2,,,,#DIV/0!,
1168,S5,T2,,,,#DIV/0!,
1169,S5,T2,,,,#DIV/0!,
1170,S5,T2,,,,#DIV/0!,
1171,S5,T2,,,,#DIV/0!,
1172,S5,T2,,,,#DIV/0!,
1173,S5,T2,,,,#DIV/0!,
1174,S5,T2,,,,#DIV/0!,
1175,S5,T2,,,,#DIV/0!,
1176,S5,T2,,,,#DIV/0!,
1177,S5,T2,,,,#DIV/0!,
1178,S5,T2,,,,#DIV/0!,
1179,S5,T2,,,,#DIV/0!,
1180,S5,T2,,,,#DIV/0!,
1181,S5,T2,,,,#DIV/0!,
1182,S5,T2,,,,#DIV/0!,
929,S5,T3,,,,#DIV/0!,
930,S5,T3,,,,#DIV/0!,
931,S5,T3,,,,#DIV/0!,
932,S5,T3,,,,#DIV/0!,
933,S5,T3,,,,#DIV/0!,
934,S5,T3,,,,#DIV/0!,
936,S5,T3,,,,#DIV/0!,
937,S5,T3,,,,#DIV/0!,
938,S5,T3,,,,#DIV/0!,
939,S5,T3,,,,#DIV/0!,
940,S5,T3,,,,#DIV/0!,
941,S5,T3,,,,#DIV/0!,
942,S5,T3,,,,#DIV/0!,
943,S5,T3,,,,#DIV/0!,
944,S5,T3,,,,#DIV/0!,
945,S5,T3,,,,#DIV/0!,
946,S5,T3,,,,#DIV/0!,
947,S5,T3,,,,#DIV/0!,
948,S5,T3,,,,#DIV/0!,
949,S5,T3,,,,#DIV/0!,
950,S5,T3,,,,#DIV/0!,
951,S5,T3,,,,#DIV/0!,
952,S5,T3,,,,#DIV/0!,
953,S5,T3,,,,#DIV/0!,
954,S5,T3,,,,#DIV/0!,
1047,S5,T3,,,,#DIV/0!,
1051,S5,T3,,,,#DIV/0!,
1056,S5,T3,,,,#DIV/0!,
1057,S5,T3,,,,#DIV/0!,
1058,S5,T3,,,,#DIV/0!,
1059,S5,T3,,,,#DIV/0!,
1060,S5,T3,,,,#DIV/0!,
1061,S5,T3,,,,#DIV/0!,
1062,S5,T3,,,,#DIV/0!,
1063,S5,T3,,,,#DIV/0!,
1064,S5,T3,,,,#DIV/0!,
1065,S5,T3,,,,#DIV/0!,
1066,S5,T3,,,,#DIV/0!,
1067,S5,T3,,,,#DIV/0!,
1068,S5,T3,,,,#DIV/0!,
1069,S5,T3,,,,#DIV/0!,
1070,S5,T3,,,,#DIV/0!,
1071,S5,T3,,,,#DIV/0!,
1072,S5,T3,,,,#DIV/0!,
1073,S5,T3,,,,#DIV/0!,
1074,S5,T3,,,,#DIV/0!,
1075,S5,T3,,,,#DIV/0!,
1076,S5,T3,,,,#DIV/0!,
1077,S5,T3,,,,#DIV/0!,
1078,S5,T3,,,,#DIV/0!,
1079,S5,T3,,,,#DIV/0!,
1080,S5,T3,,,,#DIV/0!,
1081,S5,T3,,,,#DIV/0!,
1082,S5,T3,,,,#DIV/0!,
1083,S5,T3,,,,#DIV/0!,
1084,S5,T3,,,,#DIV/0!,
1085,S5,T3,,,,#DIV/0!,
1086,S5,T3,,,,#DIV/0!,
1087,S5,T3,,,,#DIV/0!,
1109,S5,T3,,,,#DIV/0!,
1110,S5,T3,,,,#DIV/0!,
1111,S5,T3,,,,#DIV/0!,
1112,S5,T3,,,,#DIV/0!,
1113,S5,T3,,,,#DIV/0!,
1114,S5,T3,,,,#DIV/0!,
1115,S5,T3,,,,#DIV/0!,
1116,S5,T3,,,,#DIV/0!,
1117,S5,T3,,,,#DIV/0!,
1118,S5,T3,,,,#DIV/0!,
1119,S5,T3,,,,#DIV/0!,
1120,S5,T3,,,,#DIV/0!,
1121,S5,T3,,,,#DIV/0!,
1122,S5,T3,,,,#DIV/0!,
1123,S5,T3,,,,#DIV/0!,
1124,S5,T3,,,,#DIV/0!,
1125,S5,T3,,,,#DIV/0!,
1126,S5,T3,,,,#DIV/0!,
1127,S5,T3,,,,#DIV/0!,
1128,S5,T3,,,,#DIV/0!,
1129,S5,T3,,,,#DIV/0!,
1130,S5,T3,,,,#DIV/0!,
1131,S5,T3,,,,#DIV/0!,
1132,S5,T3,,,,#DIV/0!,
1134,S5,T3,,,,#DIV/0!,
1135,S5,T3,,,,#DIV/0!,
1136,S5,T3,,,,#DIV/0!,
1137,S5,T3,,,,#DIV/0!,
1138,S5,T3,,,,#DIV/0!,
1139,S5,T3,,,,#DIV/0!,
1140,S5,T3,,,,#DIV/0!,
1141,S5,T3,,,,#DIV/0!,
1142,S5,T3,,,,#DIV/0!,
1143,S5,T3,,,,#DIV/0!,
1144,S5,T3,,,,#DIV/0!,
1145,S5,T3,,,,#DIV/0!,
1146,S5,T3,,,,#DIV/0!,
1147,S5,T3,,,,#DIV/0!,
1153,S5,T3,,,,#DIV/0!,
1156,S5,T3,,,,#DIV/0!,
1158,S5,T3,,,,#DIV/0!,
1159,S5,T3,,,,#DIV/0!,
1160,S5,T3,,,,#DIV/0!,
1148,S5,T4,,,,#DIV/0!,
1149,S5,T4,,,,#DIV/0!,
1150,S5,T4,,,,#DIV/0!,
1151,S5,T4,,,,#DIV/0!,
1152,S5,T4,,,,#DIV/0!,
1154,S5,T4,,,,#DIV/0!,
1155,S5,T4,,,,#DIV/0!,
1157,S5,T4,,,,#DIV/0!,
1183,S5,T4,,,,#DIV/0!,
1184,S5,T4,,,,#DIV/0!,
1185,S5,T4,,,,#DIV/0!,
1186,S5,T4,,,,#DIV/0!,
1187,S5,T4,,,,#DIV/0!,
1188,S5,T4,,,,#DIV/0!,
1189,S5,T4,,,,#DIV/0!,
1190,S5,T4,,,,#DIV/0!,
1191,S5,T4,,,,#DIV/0!,
1192,S5,T4,,,,#DIV/0!,
1193,S5,T4,,,,#DIV/0!,
1194,S5,T4,,,,#DIV/0!,
1195,S5,T4,,,,#DIV/0!,
1196,S5,T4,,,,#DIV/0!,
1197,S5,T4,,,,#DIV/0!,
1198,S5,T4,,,,#DIV/0!,
1199,S5,T4,,,,#DIV/0!,
1200,S5,T4,,,,#DIV/0!,
1201,S5,T4,,,,#DIV/0!,
1202,S5,T4,,,,#DIV/0!,
1203,S5,T4,,,,#DIV/0!,
1204,S5,T4,,,,#DIV/0!,
1205,S5,T4,,,,#DIV/0!,
1206,S5,T4,,,,#DIV/0!,
1207,S5,T4,,,,#DIV/0!,
1208,S5,T4,,,,#DIV/0!,
1209,S5,T4,,,,#DIV/0!,
1210,S5,T4,,,,#DIV/0!,
1211,S5,T4,,,,#DIV/0!,
1212,S5,T4,,,,#DIV/0!,
1213,S5,T4,,,,#DIV/0!,
1214,S5,T4,,,,#DIV/0!,
1215,S5,T4,,,,#DIV/0!,
1216,S5,T4,,,,#DIV/0!,
1217,S5,T4,,,,#DIV/0!,
1218,S5,T4,,,,#DIV/0!,
1219,S5,T4,,,,#DIV/0!,
1220,S5,T4,,,,#DIV/0!,
1221,S5,T4,,,,#DIV/0!,
1222,S5,T4,,,,#DIV/0!,
1223,S5,T4,,,,#DIV/0!,
1224,S5,T4,,,,#DIV/0!,
1225,S5,T4,,,,#DIV/0!,
1226,S5,T4,,,,#DIV/0!,
1227,S5,T4,,,,#DIV/0!,
1228,S5,T4,,,,#DIV/0!,
1229,S5,T4,,,,#DIV/0!,
1230,S5,T4,,,,#DIV/0!,
1261,S5,T4,,,,#DIV/0!,
1262,S5,T4,,,,#DIV/0!,
1263,S5,T4,,,,#DIV/0!,
1264,S5,T4,,,,#DIV/0!,
1265,S5,T4,,,,#DIV/0!,
1266,S5,T4,,,,#DIV/0!,
1267,S5,T4,,,,#DIV/0!,
1294,S5,T5,,,,#DIV/0!,
1295,S5,T5,,,,#DIV/0!,
1296,S5,T5,,,,#DIV/0!,
1297,S5,T5,,,,#DIV/0!,
1298,S5,T5,,,,#DIV/0!,
1299,S5,T5,,,,#DIV/0!,
1300,S5,T5,,,,#DIV/0!,
1301,S5,T5,,,,#DIV/0!,
1302,S5,T5,,,,#DIV/0!,
1303,S5,T5,,,,#DIV/0!,
1316,S5,T5,,,,#DIV/0!,
1326,S5,T5,,,,#DIV/0!,
1327,S5,T5,,,,#DIV/0!,
1328,S5,T5,,,,#DIV/0!,
1329,S5,T5,,,,#DIV/0!,
1330,S5,T5,,,,#DIV/0!,
1331,S5,T5,,,,#DIV/0!,
1332,S5,T5,,,,#DIV/0!,
1333,S5,T5,,,,#DIV/0!,
1334,S5,T5,,,,#DIV/0!,
1335,S5,T5,,,,#DIV/0!,
1336,S5,T5,,,,#DIV/0!,
1337,S5,T5,,,,#DIV/0!,
1338,S5,T5,,,,#DIV/0!,
1339,S5,T5,,,,#DIV/0!,
1340,S5,T5,,,,#DIV/0!,
1341,S5,T5,,,,#DIV/0!,
1342,S5,T5,,,,#DIV/0!,
1343,S5,T5,,,,#DIV/0!,
1344,S5,T5,,,,#DIV/0!,
1345,S5,T5,,,,#DIV/0!,
1346,S5,T5,,,,#DIV/0!,
1360,S5,T6,,,,#DIV/0!,
1361,S5,T6,,,,#DIV/0!,
1362,S5,T6,,,,#DIV/0!,
1363,S5,T6,,,,#DIV/0!,
1364,S5,T6,,,,#DIV/0!,
1365,S5,T6,,,,#DIV/0!,
1366,S5,T6,,,,#DIV/0!,
1367,S5,T6,,,,#DIV/0!,
1368,S5,T6,,,,#DIV/0!,
1369,S5,T6,,,,#DIV/0!,
1370,S5,T6,,,,#DIV/0!,
1371,S5,T6,,,,#DIV/0!,
1372,S5,T6,,,,#DIV/0!,
1373,S5,T6,,,,#DIV/0!,
1374,S5,T6,,,,#DIV/0!,
1375,S5,T6,,,,#DIV/0!,
1376,S5,T6,,,,#DIV/0!,
1377,S5,T6,,,,#DIV/0!,
1378,S5,T6,,,,#DIV/0!,
1379,S5,T6,,,,#DIV/0!,
1380,S5,T6,,,,#DIV/0!,
1381,S5,T6,,,,#DIV/0!,
1382,S5,T6,,,,#DIV/0!,
1383,S5,T6,,,,#DIV/0!,
1454,S5,T6,,,,#DIV/0!,
1455,S5,T6,,,,#DIV/0!,
1456,S5,T6,,,,#DIV/0!,
1457,S5,T6,,,,#DIV/0!,
1458,S5,T6,,,,#DIV/0!,
1462,S5,T6,,,,#DIV/0!,
1463,S5,T6,,,,#DIV/0!,
1464,S5,T6,,,,#DIV/0!,
1465,S5,T6,,,,#DIV/0!,
1466,S5,T6,,,,#DIV/0!,
1467,S5,T6,,,,#DIV/0!,
1468,S5,T6,,,,#DIV/0!,
1469,S5,T6,,,,#DIV/0!,
1470,S5,T6,,,,#DIV/0!,
1471,S5,T6,,,,#DIV/0!,
1472,S5,T6,,,,#DIV/0!,
1473,S5,T6,,,,#DIV/0!,
1474,S5,T6,,,,#DIV/0!,
1475,S5,T6,,,,#DIV/0!,
1476,S5,T6,,,,#DIV/0!,
1477,S5,T6,,,,#DIV/0!,
1478,S5,T6,,,,#DIV/0!,
1479,S5,T6,,,,#DIV/0!,
1480,S5,T6,,,,#DIV/0!,
1481,S5,T6,,,,#DIV/0!,
1482,S5,T6,,,,#DIV/0!,
1483,S5,T6,,,,#DIV/0!,
1484,S5,T6,,,,#DIV/0!,
1485,S5,T6,,,,#DIV/0!,
1486,S5,T6,,,,#DIV/0!,
1487,S5,T6,,,,#DIV/0!,
1488,S5,T6,,,,#DIV/0!,
1489,S5,T6,,,,#DIV/0!,
1490,S5,T6,,,,#DIV/0!,
1491,S5,T6,,,,#DIV/0!,
1492,S5,T6,,,,#DIV/0!,
1493,S5,T6,,,,#DIV/0!,
1494,S5,T6,,,,#DIV/0!,
1498,S5,T6,,,,#DIV/0!,
1499,S5,T6,,,,#DIV/0!,
1500,S5,T6,,,,#DIV/0!,
1501,S5,T6,,,,#DIV/0!,
1502,S5,T6,,,,#DIV/0!,
1503,S5,T6,,,,#DIV/0!,
1522,S5,T6,,,,#DIV/0!,
1523,S5,T6,,,,#DIV/0!,
1524,S5,T6,,,,#DIV/0!,
1525,S5,T6,,,,#DIV/0!,
1526,S5,T6,,,,#DIV/0!,
1527,S5,T6,,,,#DIV/0!,
1528,S5,T6,,,,#DIV/0!,
1529,S5,T6,,,,#DIV/0!,
1530,S5,T6,,,,#DIV/0!,
1531,S5,T6,,,,#DIV/0!,
1532,S5,T6,,,,#DIV/0!,
1533,S5,T6,,,,#DIV/0!,
1534,S5,T6,,,,#DIV/0!,
1535,S5,T6,,,,#DIV/0!,
1536,S5,T6,,,,#DIV/0!,
1537,S5,T6,,,,#DIV/0!,
1538,S5,T6,,,,#DIV/0!,
1539,S5,T6,,,,#DIV/0!,
1540,S5,T6,,,,#DIV/0!,
1591,S5,T6,,,,#DIV/0!,
2963,S6,T1,,,,#DIV/0!,
2964,S6,T1,,,,#DIV/0!,
2965,S6,T1,,,,#DIV/0!,
2966,S6,T1,,,,#DIV/0!,
2968,S6,T1,,,,#DIV/0!,
2969,S6,T1,,,,#DIV/0!,
2970,S6,T1,,,,#DIV/0!,
2973,S6,T1,,,,#DIV/0!,
2975,S6,T1,,,,#DIV/0!,
2976,S6,T1,,,,#DIV/0!,
2977,S6,T1,,,,#DIV/0!,
3000,S6,T1,,,,#DIV/0!,
3001,S6,T1,,,,#DIV/0!,
3002,S6,T1,,,,#DIV/0!,
3003,S6,T1,,,,#DIV/0!,
3004,S6,T1,,,,#DIV/0!,
3005,S6,T1,,,,#DIV/0!,
3006,S6,T1,,,,#DIV/0!,
3007,S6,T1,,,,#DIV/0!,
3008,S6,T1,,,,#DIV/0!,
3009,S6,T1,,,,#DIV/0!,
3010,S6,T1,,,,#DIV/0!,
3011,S6,T1,,,,#DIV/0!,
3012,S6,T1,,,,#DIV/0!,
3013,S6,T1,,,,#DIV/0!,
3014,S6,T1,,,,#DIV/0!,
3015,S6,T1,,,,#DIV/0!,
3017,S6,T1,,,,#DIV/0!,
3018,S6,T1,,,,#DIV/0!,
3019,S6,T1,,,,#DIV/0!,
3020,S6,T1,,,,#DIV/0!,
3021,S6,T1,,,,#DIV/0!,
3022,S6,T1,,,,#DIV/0!,
3023,S6,T1,,,,#DIV/0!,
3024,S6,T1,,,,#DIV/0!,
3025,S6,T1,,,,#DIV/0!,
3026,S6,T1,,,,#DIV/0!,
3027,S6,T1,,,,#DIV/0!,
3028,S6,T1,,,,#DIV/0!,
3029,S6,T1,,,,#DIV/0!,
3030,S6,T1,,,,#DIV/0!,
3031,S6,T1,,,,#DIV/0!,
3032,S6,T1,,,,#DIV/0!,
3033,S6,T1,,,,#DIV/0!,
3034,S6,T1,,,,#DIV/0!,
3035,S6,T1,,,,#DIV/0!,
3036,S6,T1,,,,#DIV/0!,
3037,S6,T1,,,,#DIV/0!,
3038,S6,T1,,,,#DIV/0!,
3039,S6,T1,,,,#DIV/0!,
3040,S6,T1,,,,#DIV/0!,
3041,S6,T1,,,,#DIV/0!,
3042,S6,T1,,,,#DIV/0!,
3043,S6,T1,,,,#DIV/0!,
3044,S6,T1,,,,#DIV/0!,
3045,S6,T1,,,,#DIV/0!,
3046,S6,T1,,,,#DIV/0!,
3047,S6,T1,,,,#DIV/0!,
3048,S6,T1,,,,#DIV/0!,
3049,S6,T1,,,,#DIV/0!,
3050,S6,T1,,,,#DIV/0!,
3051,S6,T1,,,,#DIV/0!,
3052,S6,T1,,,,#DIV/0!,
3053,S6,T1,,,,#DIV/0!,
3054,S6,T1,,,,#DIV/0!,
3055,S6,T1,,,,#DIV/0!,
3056,S6,T1,,,,#DIV/0!,
3057,S6,T1,,,,#DIV/0!,
3058,S6,T1,,,,#DIV/0!,
3059,S6,T1,,,,#DIV/0!,
3060,S6,T1,,,,#DIV/0!,
3061,S6,T1,,,,#DIV/0!,
3062,S6,T1,,,,#DIV/0!,
3063,S6,T1,,,,#DIV/0!,
3064,S6,T1,,,,#DIV/0!,
3065,S6,T1,,,,#DIV/0!,
3066,S6,T1,,,,#DIV/0!,
3067,S6,T1,,,,#DIV/0!,
3068,S6,T1,,,,#DIV/0!,
3069,S6,T1,,,,#DIV/0!,
3070,S6,T1,,,,#DIV/0!,
3071,S6,T1,,,,#DIV/0!,
3072,S6,T1,,,,#DIV/0!,
3073,S6,T1,,,,#DIV/0!,
3074,S6,T1,,,,#DIV/0!,
3075,S6,T1,,,,#DIV/0!,
3140,S6,T1,,,,#DIV/0!,
2463,S9,T2,,,,#DIV/0!,
3077,S6,T2,,,,#DIV/0!,
3078,S6,T2,,,,#DIV/0!,
3079,S6,T2,,,,#DIV/0!,
3080,S6,T2,,,,#DIV/0!,
3081,S6,T2,,,,#DIV/0!,
3082,S6,T2,,,,#DIV/0!,
3083,S6,T2,,,,#DIV/0!,
3084,S6,T2,,,,#DIV/0!,
3085,S6,T2,,,,#DIV/0!,
3086,S6,T2,,,,#DIV/0!,
3087,S6,T2,,,,#DIV/0!,
3088,S6,T2,,,,#DIV/0!,
3089,S6,T2,,,,#DIV/0!,
3090,S6,T2,,,,#DIV/0!,
3091,S6,T2,,,,#DIV/0!,
3092,S6,T2,,,,#DIV/0!,
3094,S6,T2,,,,#DIV/0!,
3095,S6,T2,,,,#DIV/0!,
3096,S6,T2,,,,#DIV/0!,
3097,S6,T2,,,,#DIV/0!,
3098,S6,T2,,,,#DIV/0!,
3099,S6,T2,,,,#DIV/0!,
3100,S6,T2,,,,#DIV/0!,
3101,S6,T2,,,,#DIV/0!,
3102,S6,T2,,,,#DIV/0!,
3103,S6,T2,,,,#DIV/0!,
3104,S6,T2,,,,#DIV/0!,
3105,S6,T2,,,,#DIV/0!,
3106,S6,T2,,,,#DIV/0!,
3107,S6,T2,,,,#DIV/0!,
3108,S6,T2,,,,#DIV/0!,
3109,S6,T2,,,,#DIV/0!,
3110,S6,T2,,,,#DIV/0!,
2481,S9,T2,,,,#DIV/0!,
3112,S6,T2,,,,#DIV/0!,
3113,S6,T2,,,,#DIV/0!,
3114,S6,T2,,,,#DIV/0!,
3115,S6,T2,,,,#DIV/0!,
3116,S6,T2,,,,#DIV/0!,
2606,S9,T2,,,,#DIV/0!,
3118,S6,T2,,,,#DIV/0!,
3119,S6,T2,,,,#DIV/0!,
3120,S6,T2,,,,#DIV/0!,
3121,S6,T2,,,,#DIV/0!,
2609,S9,T2,,,,#DIV/0!,
3123,S6,T2,,,,#DIV/0!,
3124,S6,T2,,,,#DIV/0!,
3125,S6,T2,,,,#DIV/0!,
3126,S6,T2,,,,#DIV/0!,
3127,S6,T2,,,,#DIV/0!,
3128,S6,T2,,,,#DIV/0!,
2956,S9,T2,,,,#DIV/0!,
3130,S6,T2,,,,#DIV/0!,
3131,S6,T2,,,,#DIV/0!,
3132,S6,T2,,,,#DIV/0!,
3133,S6,T2,,,,#DIV/0!,
3134,S6,T2,,,,#DIV/0!,
3135,S6,T2,,,,#DIV/0!,
3136,S6,T2,,,,#DIV/0!,
3137,S6,T2,,,,#DIV/0!,
3138,S6,T2,,,,#DIV/0!,
2960,S9,T2,,,,#DIV/0!,
3141,S6,T2,,,,#DIV/0!,
3142,S6,T2,,,,#DIV/0!,
3143,S6,T2,,,,#DIV/0!,
3144,S6,T2,,,,#DIV/0!,
3145,S6,T2,,,,#DIV/0!,
3146,S6,T2,,,,#DIV/0!,
3147,S6,T2,,,,#DIV/0!,
3148,S6,T2,,,,#DIV/0!,
3149,S6,T2,,,,#DIV/0!,
3167,S6,T2,,,,#DIV/0!,
3171,S6,T2,,,,#DIV/0!,
3150,S6,T3,,,,#DIV/0!,
3151,S6,T3,,,,#DIV/0!,
3152,S6,T3,,,,#DIV/0!,
3153,S6,T3,,,,#DIV/0!,
3154,S6,T3,,,,#DIV/0!,
3155,S6,T3,,,,#DIV/0!,
3156,S6,T3,,,,#DIV/0!,
3157,S6,T3,,,,#DIV/0!,
3158,S6,T3,,,,#DIV/0!,
3159,S6,T3,,,,#DIV/0!,
3160,S6,T3,,,,#DIV/0!,
3161,S6,T3,,,,#DIV/0!,
3162,S6,T3,,,,#DIV/0!,
3163,S6,T3,,,,#DIV/0!,
3164,S6,T3,,,,#DIV/0!,
3165,S6,T3,,,,#DIV/0!,
3166,S6,T3,,,,#DIV/0!,
3168,S6,T3,,,,#DIV/0!,
3169,S6,T3,,,,#DIV/0!,
3170,S6,T3,,,,#DIV/0!,
3172,S6,T3,,,,#DIV/0!,
3173,S6,T3,,,,#DIV/0!,
3174,S6,T3,,,,#DIV/0!,
3175,S6,T3,,,,#DIV/0!,
3176,S6,T3,,,,#DIV/0!,
3177,S6,T3,,,,#DIV/0!,
3178,S6,T3,,,,#DIV/0!,
3179,S6,T3,,,,#DIV/0!,
3180,S6,T3,,,,#DIV/0!,
2962,S9,T2,,,,#DIV/0!,
3182,S6,T3,,,,#DIV/0!,
3183,S6,T3,,,,#DIV/0!,
3184,S6,T3,,,,#DIV/0!,
2979,S9,T3,,,,#DIV/0!,
3186,S6,T3,,,,#DIV/0!,
3187,S6,T3,,,,#DIV/0!,
3188,S6,T3,,,,#DIV/0!,
3189,S6,T3,,,,#DIV/0!,
3190,S6,T3,,,,#DIV/0!,
3191,S6,T3,,,,#DIV/0!,
3192,S6,T3,,,,#DIV/0!,
3193,S6,T3,,,,#DIV/0!,
3194,S6,T3,,,,#DIV/0!,
3195,S6,T3,,,,#DIV/0!,
3196,S6,T3,,,,#DIV/0!,
3197,S6,T3,,,,#DIV/0!,
3198,S6,T3,,,,#DIV/0!,
3199,S6,T3,,,,#DIV/0!,
3200,S6,T3,,,,#DIV/0!,
3201,S6,T3,,,,#DIV/0!,
3202,S6,T3,,,,#DIV/0!,
3203,S6,T3,,,,#DIV/0!,
3204,S6,T3,,,,#DIV/0!,
3205,S6,T3,,,,#DIV/0!,
3206,S6,T3,,,,#DIV/0!,
3207,S6,T3,,,,#DIV/0!,
3208,S6,T3,,,,#DIV/0!,
3209,S6,T3,,,,#DIV/0!,
3210,S6,T3,,,,#DIV/0!,
3211,S6,T3,,,,#DIV/0!,
3212,S6,T3,,,,#DIV/0!,
3213,S6,T3,,,,#DIV/0!,
3214,S6,T3,,,,#DIV/0!,
3215,S6,T3,,,,#DIV/0!,
3216,S6,T3,,,,#DIV/0!,
3217,S6,T3,,,,#DIV/0!,
3218,S6,T3,,,,#DIV/0!,
3219,S6,T3,,,,#DIV/0!,
3220,S6,T3,,,,#DIV/0!,
3221,S6,T3,,,,#DIV/0!,
3222,S6,T3,,,,#DIV/0!,
3223,S6,T3,,,,#DIV/0!,
2985,S9,T3,,,,#DIV/0!,
3225,S6,T3,,,,#DIV/0!,
3226,S6,T3,,,,#DIV/0!,
3227,S6,T3,,,,#DIV/0!,
3228,S6,T3,,,,#DIV/0!,
3230,S6,T3,,,,#DIV/0!,
2822,S9,T1,,,,#DIV/0!,
2823,S9,T1,,,,#DIV/0!,
2824,S9,T1,,,,#DIV/0!,
2825,S9,T1,,,,#DIV/0!,
2826,S9,T1,,,,#DIV/0!,
2827,S9,T1,,,,#DIV/0!,
2828,S9,T1,,,,#DIV/0!,
2829,S9,T1,,,,#DIV/0!,
2830,S9,T1,,,,#DIV/0!,
2836,S9,T1,,,,#DIV/0!,
2837,S9,T1,,,,#DIV/0!,
2838,S9,T1,,,,#DIV/0!,
2839,S9,T1,,,,#DIV/0!,
2840,S9,T1,,,,#DIV/0!,
2841,S9,T1,,,,#DIV/0!,
2842,S9,T1,,,,#DIV/0!,
2843,S9,T1,,,,#DIV/0!,
2844,S9,T1,,,,#DIV/0!,
2845,S9,T1,,,,#DIV/0!,
2846,S9,T1,,,,#DIV/0!,
2847,S9,T1,,,,#DIV/0!,
2848,S9,T1,,,,#DIV/0!,
2849,S9,T1,,,,#DIV/0!,
2850,S9,T1,,,,#DIV/0!,
2851,S9,T1,,,,#DIV/0!,
2852,S9,T1,,,,#DIV/0!,
2853,S9,T1,,,,#DIV/0!,
2854,S9,T1,,,,#DIV/0!,
2855,S9,T1,,,,#DIV/0!,
2856,S9,T1,,,,#DIV/0!,
2857,S9,T1,,,,#DIV/0!,
2858,S9,T1,,,,#DIV/0!,
2859,S9,T1,,,,#DIV/0!,
2860,S9,T1,,,,#DIV/0!,
2861,S9,T1,,,,#DIV/0!,
2862,S9,T1,,,,#DIV/0!,
2863,S9,T1,,,,#DIV/0!,
2864,S9,T1,,,,#DIV/0!,
2865,S9,T1,,,,#DIV/0!,
2866,S9,T1,,,,#DIV/0!,
2867,S9,T1,,,,#DIV/0!,
2868,S9,T1,,,,#DIV/0!,
2869,S9,T1,,,,#DIV/0!,
2870,S9,T1,,,,#DIV/0!,
2871,S9,T1,,,,#DIV/0!,
2872,S9,T1,,,,#DIV/0!,
2873,S9,T1,,,,#DIV/0!,
2874,S9,T1,,,,#DIV/0!,
2875,S9,T1,,,,#DIV/0!,
2876,S9,T1,,,,#DIV/0!,
2877,S9,T1,,,,#DIV/0!,
2878,S9,T1,,,,#DIV/0!,
2879,S9,T1,,,,#DIV/0!,
2880,S9,T1,,,,#DIV/0!,
2881,S9,T1,,,,#DIV/0!,
2882,S9,T1,,,,#DIV/0!,
2883,S9,T1,,,,#DIV/0!,
2884,S9,T1,,,,#DIV/0!,
2885,S9,T1,,,,#DIV/0!,
2886,S9,T1,,,,#DIV/0!,
2887,S9,T1,,,,#DIV/0!,
2888,S9,T1,,,,#DIV/0!,
2889,S9,T1,,,,#DIV/0!,
2890,S9,T1,,,,#DIV/0!,
2891,S9,T1,,,,#DIV/0!,
2892,S9,T1,,,,#DIV/0!,
2893,S9,T1,,,,#DIV/0!,
2894,S9,T1,,,,#DIV/0!,
2895,S9,T1,,,,#DIV/0!,
2896,S9,T1,,,,#DIV/0!,
2897,S9,T1,,,,#DIV/0!,
2898,S9,T1,,,,#DIV/0!,
2899,S9,T1,,,,#DIV/0!,
2900,S9,T1,,,,#DIV/0!,
2901,S9,T1,,,,#DIV/0!,
2902,S9,T1,,,,#DIV/0!,
2903,S9,T1,,,,#DIV/0!,
2904,S9,T1,,,,#DIV/0!,
2905,S9,T1,,,,#DIV/0!,
2906,S9,T1,,,,#DIV/0!,
2907,S9,T1,,,,#DIV/0!,
2908,S9,T1,,,,#DIV/0!,
2909,S9,T1,,,,#DIV/0!,
2910,S9,T1,,,,#DIV/0!,
2936,S9,T1,,,,#DIV/0!,
2456,S9,T2,,,,#DIV/0!,
2457,S9,T2,,,,#DIV/0!,
3076,S6,T2,,,,#DIV/0!,
2459,S9,T2,,,,#DIV/0!,
2461,S9,T2,,,,#DIV/0!,
2462,S9,T2,,,,#DIV/0!,
3111,S6,T2,,,,#DIV/0!,
2464,S9,T2,,,,#DIV/0!,
2465,S9,T2,,,,#DIV/0!,
2466,S9,T2,,,,#DIV/0!,
2467,S9,T2,,,,#DIV/0!,
2468,S9,T2,,,,#DIV/0!,
2469,S9,T2,,,,#DIV/0!,
2470,S9,T2,,,,#DIV/0!,
2471,S9,T2,,,,#DIV/0!,
2472,S9,T2,,,,#DIV/0!,
2473,S9,T2,,,,#DIV/0!,
2474,S9,T2,,,,#DIV/0!,
2475,S9,T2,,,,#DIV/0!,
2476,S9,T2,,,,#DIV/0!,
2477,S9,T2,,,,#DIV/0!,
2478,S9,T2,,,,#DIV/0!,
2479,S9,T2,,,,#DIV/0!,
2480,S9,T2,,,,#DIV/0!,
3117,S6,T2,,,,#DIV/0!,
2482,S9,T2,,,,#DIV/0!,
2483,S9,T2,,,,#DIV/0!,
2484,S9,T2,,,,#DIV/0!,
2485,S9,T2,,,,#DIV/0!,
2486,S9,T2,,,,#DIV/0!,
2487,S9,T2,,,,#DIV/0!,
2488,S9,T2,,,,#DIV/0!,
2489,S9,T2,,,,#DIV/0!,
2490,S9,T2,,,,#DIV/0!,
2491,S9,T2,,,,#DIV/0!,
2492,S9,T2,,,,#DIV/0!,
2493,S9,T2,,,,#DIV/0!,
2494,S9,T2,,,,#DIV/0!,
2495,S9,T2,,,,#DIV/0!,
2496,S9,T2,,,,#DIV/0!,
2497,S9,T2,,,,#DIV/0!,
2498,S9,T2,,,,#DIV/0!,
2499,S9,T2,,,,#DIV/0!,
2500,S9,T2,,,,#DIV/0!,
2501,S9,T2,,,,#DIV/0!,
2502,S9,T2,,,,#DIV/0!,
2506,S9,T2,,,,#DIV/0!,
2602,S9,T2,,,,#DIV/0!,
2603,S9,T2,,,,#DIV/0!,
2604,S9,T2,,,,#DIV/0!,
2605,S9,T2,,,,#DIV/0!,
3122,S6,T2,,,,#DIV/0!,
2607,S9,T2,,,,#DIV/0!,
2608,S9,T2,,,,#DIV/0!,
3129,S6,T2,,,,#DIV/0!,
2610,S9,T2,,,,#DIV/0!,
2611,S9,T2,,,,#DIV/0!,
2612,S9,T2,,,,#DIV/0!,
2613,S9,T2,,,,#DIV/0!,
2614,S9,T2,,,,#DIV/0!,
2615,S9,T2,,,,#DIV/0!,
2616,S9,T2,,,,#DIV/0!,
2617,S9,T2,,,,#DIV/0!,
2618,S9,T2,,,,#DIV/0!,
2831,S9,T2,,,,#DIV/0!,
2832,S9,T2,,,,#DIV/0!,
2833,S9,T2,,,,#DIV/0!,
2834,S9,T2,,,,#DIV/0!,
2855,S9,T2,,,,#DIV/0!,
3139,S6,T2,,,,#DIV/0!,
2957,S9,T2,,,,#DIV/0!,
2958,S9,T2,,,,#DIV/0!,
2959,S9,T2,,,,#DIV/0!,
3181,S6,T3,,,,#DIV/0!,
2961,S9,T2,,,,#DIV/0!,
3185,S6,T3,,,,#DIV/0!,
2967,S9,T2,,,,#DIV/0!,
2972,S9,T2,,,,#DIV/0!,
2991,S9,T2,,,,#DIV/0!,
2992,S9,T2,,,,#DIV/0!,
2993,S9,T2,,,,#DIV/0!,
2994,S9,T2,,,,#DIV/0!,
2995,S9,T2,,,,#DIV/0!,
2996,S9,T2,,,,#DIV/0!,
2997,S9,T2,,,,#DIV/0!,
2998,S9,T2,,,,#DIV/0!,
2999,S9,T2,,,,#DIV/0!,
2971,S9,T3,,,,#DIV/0!,
2974,S9,T3,,,,#DIV/0!,
2978,S9,T3,,,,#DIV/0!,
3224,S6,T3,,,,#DIV/0!,
2980,S9,T3,,,,#DIV/0!,
2981,S9,T3,,,,#DIV/0!,
2982,S9,T3,,,,#DIV/0!,
2983,S9,T3,,,,#DIV/0!,
2984,S9,T3,,,,#DIV/0!,
3236,S9,T3,,,,#DIV/0!,
2986,S9,T3,,,,#DIV/0!,
2987,S9,T3,,,,#DIV/0!,
2988,S9,T3,,,,#DIV/0!,
3016,S9,T3,,,,#DIV/0!,
3237,S9,T3,,,,#DIV/0!,
3241,S9,T3,,,,#DIV/0!,
3242,S9,T3,,,,#DIV/0!,
3243,S9,T3,,,,#DIV/0!,
3244,S9,T3,,,,#DIV/0!,
3245,S9,T3,,,,#DIV/0!,
3246,S9,T3,,,,#DIV/0!,
3247,S9,T3,,,,#DIV/0!,
3248,S9,T3,,,,#DIV/0!,
3249,S9,T3,,,,#DIV/0!,
3250,S9,T3,,,,#DIV/0!,
3251,S9,T3,,,,#DIV/0!,
3258,S18,T3,,,,#DIV/0!,
3252,S9,T3,,,,#DIV/0!,
3293,S9,T3,,,,#DIV/0!,
3294,S9,T3,,,,#DIV/0!,
3295,S9,T3,,,,#DIV/0!,
3296,S9,T3,,,,#DIV/0!,
3297,S9,T3,,,,#DIV/0!,
3298,S9,T3,,,,#DIV/0!,
3299,S9,T3,,,,#DIV/0!,
3300,S9,T3,,,,#DIV/0!,
3301,S9,T3,,,,#DIV/0!,
3302,S9,T3,,,,#DIV/0!,
3303,S9,T3,,,,#DIV/0!,
3304,S9,T3,,,,#DIV/0!,
3305,S9,T3,,,,#DIV/0!,
3306,S9,T3,,,,#DIV/0!,
3307,S9,T3,,,,#DIV/0!,
3308,S9,T3,,,,#DIV/0!,
3309,S9,T3,,,,#DIV/0!,
3310,S9,T3,,,,#DIV/0!,
3311,S9,T3,,,,#DIV/0!,
3312,S9,T3,,,,#DIV/0!,
3313,S9,T3,,,,#DIV/0!,
3314,S9,T3,,,,#DIV/0!,
3315,S9,T3,,,,#DIV/0!,
3316,S9,T3,,,,#DIV/0!,
3317,S9,T3,,,,#DIV/0!,
3318,S9,T3,,,,#DIV/0!,
3319,S9,T3,,,,#DIV/0!,
3320,S9,T3,,,,#DIV/0!,
3321,S9,T3,,,,#DIV/0!,
3322,S9,T3,,,,#DIV/0!,
3323,S9,T3,,,,#DIV/0!,
3324,S9,T3,,,,#DIV/0!,
3325,S9,T3,,,,#DIV/0!,
3326,S9,T3,,,,#DIV/0!,
3327,S9,T3,,,,#DIV/0!,
3328,S9,T3,,,,#DIV/0!,
3329,S9,T3,,,,#DIV/0!,
3330,S9,T3,,,,#DIV/0!,
3331,S9,T3,,,,#DIV/0!,
3333,S9,T3,,,,#DIV/0!,
3336,S9,T3,,,,#DIV/0!,
3337,S9,T3,,,,#DIV/0!,
3338,S9,T3,,,,#DIV/0!,
3339,S9,T3,,,,#DIV/0!,
3340,S9,T3,,,,#DIV/0!,
3341,S9,T3,,,,#DIV/0!,
3342,S9,T3,,,,#DIV/0!,
3343,S9,T3,,,,#DIV/0!,
3344,S9,T3,,,,#DIV/0!,
3345,S9,T3,,,,#DIV/0!,
3346,S9,T3,,,,#DIV/0!,
3347,S9,T3,,,,#DIV/0!,
3348,S9,T3,,,,#DIV/0!,
3349,S9,T3,,,,#DIV/0!,
3350,S9,T3,,,,#DIV/0!,