Collection.Date,Sample.ID,Stage,Site,Transect
20/02/2023,1239,Recruit,S1,T1
20/02/2023,1240,Adult,S1,T1
20/02/2023,1241,Adult,S1,T1
20/02/2023,1242,Adult,S1,T1
20/02/2023,1243,Recruit,S1,T1
20/02/2023,1244,Adult,S1,T1
20/02/2023,1245,Adult,S1,T1
20/02/2023,1246,Adult,S1,T1
20/02/2023,1247,Recruit,S1,T1
20/02/2023,1248,Adult,S1,T1
20/02/2023,1249,Adult,S1,T1
20/02/2023,1250,Recruit,S1,T1
20/02/2023,1251,Recruit,S1,T1
20/02/2023,1252,Adult,S1,T1
20/02/2023,1253,Recruit,S1,T1
20/02/2023,1254,Recruit,S1,T1
20/02/2023,1255,Adult,S1,T1
20/02/2023,1256,Recruit,S1,T1
20/02/2023,1257,Recruit,S1,T1
20/02/2023,1258,Recruit,S1,T1
20/02/2023,1259,Adult,S1,T1
20/02/2023,1260,Recruit,S1,T1
20/02/2023,1232,Adult,S1,T2
20/02/2023,1233,Recruit,S1,T2
20/02/2023,1234,Recruit,S1,T2
20/02/2023,1235,Adult,S1,T2
20/02/2023,1236,Adult,S1,T2
20/02/2023,1237,Recruit,S1,T2
20/02/2023,1238,Recruit,S1,T2
21/02/2023,1231,Recruit,S1,T3
21/02/2023,1268,Recruit,S1,T3
21/02/2023,1269,Adult,S1,T3
21/02/2023,1270,Adult,S1,T3
21/02/2023,1271,Recruit,S1,T3
21/02/2023,1272,Recruit,S1,T3
21/02/2023,1273,Recruit,S1,T3
21/02/2023,1274,Adult,S1,T3
21/02/2023,1275,Recruit,S1,T3
21/02/2023,1276,Adult,S1,T3
21/02/2023,1277,Recruit,S1,T3
21/02/2023,1278,Recruit,S1,T3
21/02/2023,1279,Adult,S1,T3
21/02/2023,1280,Adult,S1,T3
21/02/2023,1282,Adult,S1,T3
21/02/2023,1286,Adult,S1,T3
21/02/2023,1306,Adult,S1,T3
21/02/2023,1307,Recruit,S1,T3
21/02/2023,1309,Adult,S1,T3
21/02/2023,1310,Recruit,S1,T3
21/02/2023,1311,Adult,S1,T3
21/02/2023,1312,Adult,S1,T3
21/02/2023,1313,Adult,S1,T3
21/02/2023,1314,NA,S1,T3
21/02/2023,1315,Recruit,S1,T3
21/02/2023,1347,Recruit,S1,T3
21/02/2023,1281,Adult,S1,T4
21/02/2023,1283,Adult,S1,T4
21/02/2023,1284,Recruit,S1,T4
21/02/2023,1308,Recruit,S1,T4
21/02/2023,1285,Recruit,S1,T5
21/02/2023,1287,Recruit,S1,T5
21/02/2023,1304,Recruit,S1,T5
21/02/2023,1305,Adult,S1,T5
21/02/2023,1314,Adult,S1,T5
21/02/2023,1288,Recruit,S1,T6
21/02/2023,1289,Recruit,S1,T6
21/02/2023,1290,Recruit,S1,T6
21/02/2023,1291,Recruit,S1,T6
21/02/2023,1292,Recruit,S1,T6
21/02/2023,1293,Recruit,S1,T6
18/06/2023,2100,Adult,S11,T1
18/06/2023,2101,Adult,S11,T1
18/06/2023,2102,Adult,S11,T1
18/06/2023,2103,Recruit,S11,T1
18/06/2023,2104,Recruit,S11,T1
18/06/2023,2150,Adult,S11,T1
18/06/2023,2163,Adult,S11,T1
18/06/2023,2168,Recruit,S11,T1
18/06/2023,2169,Recruit,S11,T1
18/06/2023,2237,Adult,S11,T1
18/06/2023,2240,Recruit,S11,T1
18/06/2023,2241,Adult,S11,T1
18/06/2023,2242,Recruit,S11,T1
18/06/2023,2243,Adult,S11,T1
18/06/2023,2244,Adult,S11,T1
18/06/2023,2245,Adult,S11,T1
18/06/2023,2246,Adult,S11,T1
18/06/2023,2247,Adult,S11,T1
18/06/2023,2248,Adult,S11,T1
18/06/2023,2249,Adult,S11,T1
18/06/2023,2250,Adult,S11,T1
18/06/2023,2251,Recruit,S11,T1
18/06/2023,2252,Recruit,S11,T1
18/06/2023,2253,Recruit,S11,T1
18/06/2023,2254,Recruit,S11,T1
18/06/2023,2255,Adult,S11,T1
18/06/2023,2256,Adult,S11,T1
18/06/2023,2257,Recruit,S11,T1
18/06/2023,2258,Recruit,S11,T1
18/06/2023,2259,Recruit,S11,T1
18/06/2023,2260,Recruit,S11,T1
18/06/2023,2261,Recruit,S11,T1
18/06/2023,2262,Adult,S11,T1
18/06/2023,2263,Recruit,S11,T1
18/06/2023,2264,Adult,S11,T1
18/06/2023,2265,Recruit,S11,T1
18/06/2023,2266,Adult,S11,T1
18/06/2023,2267,Adult,S11,T1
18/06/2023,2268,Adult,S11,T1
18/06/2023,2269,Adult,S11,T1
18/06/2023,2270,Recruit,S11,T1
18/06/2023,2271,Adult,S11,T1
18/06/2023,2272,Adult,S11,T1
18/06/2023,2273,Adult,S11,T1
18/06/2023,2274,Adult,S11,T1
18/06/2023,2275,Adult,S11,T1
18/06/2023,2276,Adult,S11,T1
18/06/2023,2277,Recruit,S11,T1
18/06/2023,2278,Adult,S11,T1
18/06/2023,2279,Adult,S11,T1
18/06/2023,2280,Adult,S11,T1
18/06/2023,2281,Recruit,S11,T1
18/06/2023,2282,Adult,S11,T1
18/06/2023,2283,Adult,S11,T1
18/06/2023,2284,Recruit,S11,T1
18/06/2023,2285,Recruit,S11,T1
18/06/2023,2286,Recruit,S11,T1
18/06/2023,2287,Adult,S11,T1
18/06/2023,2288,Adult,S11,T1
18/06/2023,2289,Adult,S11,T1
18/06/2023,2290,Recruit,S11,T1
18/06/2023,2291,Adult,S11,T1
18/06/2023,2292,Adult,S11,T1
18/06/2023,2293,Adult,S11,T1
18/06/2023,2294,Adult,S11,T1
18/06/2023,2295,Recruit,S11,T1
18/06/2023,2296,Recruit,S11,T1
18/06/2023,2297,Recruit,S11,T1
18/06/2023,2298,Recruit,S11,T1
18/06/2023,2299,Recruit,S11,T1
18/06/2023,2300,Recruit,S11,T1
18/06/2023,2301,Adult,S11,T1
18/06/2023,2302,Adult,S11,T1
18/06/2023,2303,Recruit,S11,T1
18/06/2023,2304,Recruit,S11,T1
18/06/2023,2305,Adult,S11,T1
18/06/2023,2306,Recruit,S11,T1
18/06/2023,2307,Recruit,S11,T1
18/06/2023,2308,Recruit,S11,T1
18/06/2023,2309,Recruit,S11,T1
18/06/2023,2310,Recruit,S11,T1
18/06/2023,2311,Recruit,S11,T1
18/06/2023,2312,Recruit,S11,T1
18/06/2023,2313,Recruit,S11,T1
18/06/2023,2314,Recruit,S11,T1
18/06/2023,2315,Recruit,S11,T1
18/06/2023,2316,Adult,S11,T1
18/06/2023,2317,Adult,S11,T1
18/06/2023,2318,Recruit,S11,T1
18/06/2023,2319,Recruit,S11,T1
18/06/2023,2320,Recruit,S11,T1
18/06/2023,2321,Adult,S11,T1
18/06/2023,2322,Adult,S11,T1
18/06/2023,2323,Adult,S11,T1
18/06/2023,2324,Recruit,S11,T1
19/06/2023,2105,Recruit,S11,T2
19/06/2023,2106,Adult,S11,T2
19/06/2023,2107,Adult,S11,T2
19/06/2023,2108,Adult,S11,T2
19/06/2023,2109,Adult,S11,T2
19/06/2023,2110,Adult,S11,T2
19/06/2023,2111,Adult,S11,T2
19/06/2023,2112,Adult,S11,T2
19/06/2023,2113,Recruit,S11,T2
19/06/2023,2114,Adult,S11,T2
19/06/2023,2115,Recruit,S11,T2
19/06/2023,2116,Recruit,S11,T2
19/06/2023,2117,Recruit,S11,T2
19/06/2023,2118,Adult,S11,T2
19/06/2023,2119,Recruit,S11,T2
19/06/2023,2120,Adult,S11,T2
19/06/2023,2121,Adult,S11,T2
19/06/2023,2122,Recruit,S11,T2
19/06/2023,2123,Recruit,S11,T2
19/06/2023,2124,Adult,S11,T2
19/06/2023,2125,Recruit,S11,T2
19/06/2023,2126,Recruit,S11,T2
19/06/2023,2127,Recruit,S11,T2
19/06/2023,2128,Recruit,S11,T2
19/06/2023,2129,Adult,S11,T2
19/06/2023,2130,Adult,S11,T2
19/06/2023,2131,Adult,S11,T2
19/06/2023,2132,Adult,S11,T2
19/06/2023,2133,Adult,S11,T2
19/06/2023,2134,Recruit,S11,T2
19/06/2023,2135,Adult,S11,T2
19/06/2023,2136,Recruit,S11,T2
19/06/2023,2137,Adult,S11,T2
19/06/2023,2138,Adult,S11,T2
19/06/2023,2139,Recruit,S11,T2
19/06/2023,2140,Recruit,S11,T2
19/06/2023,2141,Recruit,S11,T2
19/06/2023,2142,Recruit,S11,T2
19/06/2023,2143,Adult,S11,T2
19/06/2023,2144,Recruit,S11,T2
19/06/2023,2145,Adult,S11,T2
19/06/2023,2146,Recruit,S11,T2
19/06/2023,2147,Adult,S11,T2
19/06/2023,2149,Recruit,S11,T2
19/06/2023,2151,Adult,S11,T2
19/06/2023,2152,Recruit,S11,T2
19/06/2023,2153,Recruit,S11,T2
19/06/2023,2154,Recruit,S11,T2
19/06/2023,2155,Recruit,S11,T2
19/06/2023,2156,Adult,S11,T2
19/06/2023,2157,Recruit,S11,T2
19/06/2023,2158,Recruit,S11,T2
19/06/2023,2159,Adult,S11,T2
19/06/2023,2170,Adult,S11,T2
19/06/2023,2227,Recruit,S11,T2
19/06/2023,2228,Adult,S11,T2
19/12/2023,2507,Adult,S11,T3
19/12/2023,2508,Recruit,S11,T3
19/12/2023,2509,Recruit,S11,T3
19/12/2023,2510,Adult,S11,T3
19/12/2023,2511,Recruit,S11,T3
19/12/2023,2512,Adult,S11,T3
19/12/2023,2513,Adult,S11,T3
19/12/2023,2514,Recruit,S11,T3
19/12/2023,2515,Recruit,S11,T3
19/12/2023,2516,Recruit,S11,T3
19/12/2023,2517,Recruit,S11,T3
19/12/2023,2518,Recruit,S11,T3
19/12/2023,2519,Adult,S11,T3
19/12/2023,2520,Adult,S11,T3
19/12/2023,2521,Adult,S11,T3
19/12/2023,2522,Adult,S11,T3
19/12/2023,2523,Recruit,S11,T3
19/12/2023,2524,Recruit,S11,T3
19/12/2023,2525,Recruit,S11,T3
19/12/2023,2526,Adult,S11,T3
19/12/2023,2527,Recruit,S11,T3
19/12/2023,2531,Adult,S11,T3
19/12/2023,2533,Adult,S11,T3
19/12/2023,2539,Adult,S11,T3
19/12/2023,2540,Adult,S11,T3
19/12/2023,2541,Adult,S11,T3
19/12/2023,2542,Adult,S11,T3
19/12/2023,2543,Recruit,S11,T3
19/12/2023,2544,Recruit,S11,T3
19/12/2023,2545,Recruit,S11,T3
19/12/2023,2546,Adult,S11,T3
19/12/2023,2547,Recruit,S11,T3
19/12/2023,2548,Adult,S11,T3
19/12/2023,2549,Recruit,S11,T3
19/12/2023,2550,Adult,S11,T3
19/12/2023,2551,Recruit,S11,T3
19/12/2023,2528,Adult,S11,T4
19/12/2023,2529,Adult,S11,T4
19/12/2023,2530,Adult,S11,T4
19/12/2023,2532,Adult,S11,T4
19/12/2023,2534,Adult,S11,T4
19/12/2023,2535,Adult,S11,T4
19/12/2023,2536,Adult,S11,T4
19/12/2023,2537,Adult,S11,T4
19/12/2023,2538,Recruit,S11,T4
19/12/2023,2686,Adult,S11,T4
19/12/2023,2687,Recruit,S11,T4
19/12/2023,2688,Recruit,S11,T4
19/12/2023,2689,Adult,S11,T4
19/12/2023,2690,Adult,S11,T4
19/12/2023,2697,Recruit,S11,T4
19/12/2023,2698,Adult,S11,T4
19/12/2023,2699,Adult,S11,T4
19/12/2023,2700,Adult,S11,T4
19/12/2023,2701,Adult,S11,T4
19/12/2023,2702,Recruit,S11,T4
19/12/2023,2703,Adult,S11,T4
19/12/2023,2704,Adult,S11,T4
19/12/2023,2705,Adult,S11,T4
19/12/2023,2706,Adult,S11,T4
19/12/2023,2707,Recruit,S11,T4
19/12/2023,2708,Recruit,S11,T4
19/12/2023,2709,Adult,S11,T4
19/12/2023,2710,Recruit,S11,T4
19/12/2023,2711,Recruit,S11,T4
19/12/2023,2712,Adult,S11,T4
19/12/2023,2713,Recruit,S11,T4
19/12/2023,2714,Recruit,S11,T4
19/12/2023,2715,Recruit,S11,T4
19/12/2023,2716,Recruit,S11,T4
19/12/2023,2717,Recruit,S11,T4
19/12/2023,2718,Adult,S11,T4
19/12/2023,2719,Recruit,S11,T4
19/12/2023,2720,Adult,S11,T4
19/12/2023,2721,Adult,S11,T4
19/12/2023,2722,Recruit,S11,T4
19/12/2023,2723,Adult,S11,T4
19/12/2023,2724,Adult,S11,T4
19/12/2023,2725,Adult,S11,T4
19/12/2023,2726,Recruit,S11,T4
19/12/2023,2727,Recruit,S11,T4
19/12/2023,2728,Recruit,S11,T4
19/12/2023,2729,Adult,S11,T4
19/12/2023,2730,Adult,S11,T4
19/12/2023,2731,Recruit,S11,T4
19/12/2023,2732,Recruit,S11,T4
19/12/2023,2733,Recruit,S11,T4
19/12/2023,2734,Adult,S11,T4
20/12/2023,2691,Adult,S11,T5
20/12/2023,2692,Recruit,S11,T5
20/12/2023,2693,Recruit,S11,T5
20/12/2023,2694,Adult,S11,T5
20/12/2023,2695,Adult,S11,T5
20/12/2023,2696,Recruit,S11,T5
20/12/2023,2735,Recruit,S11,T5
20/12/2023,2737,Recruit,S11,T5
20/12/2023,2791,Recruit,S11,T5
20/12/2023,2792,Adult,S11,T5
20/12/2023,2793,Recruit,S11,T5
20/12/2023,2794,Recruit,S11,T5
20/12/2023,2795,Recruit,S11,T5
20/12/2023,2796,Recruit,S11,T5
20/12/2023,2797,Adult,S11,T5
20/12/2023,2798,Recruit,S11,T5
20/12/2023,2799,Recruit,S11,T5
20/12/2023,2800,Adult,S11,T5
20/12/2023,2801,Adult,S11,T5
20/12/2023,2802,Adult,S11,T5
20/12/2023,2803,Adult,S11,T5
20/12/2023,2804,Adult,S11,T5
20/12/2023,2805,Recruit,S11,T5
20/12/2023,2806,Recruit,S11,T5
20/12/2023,2807,Adult,S11,T5
20/12/2023,2808,Recruit,S11,T5
20/12/2023,2809,Adult,S11,T5
20/12/2023,2810,Recruit,S11,T5
20/12/2023,2811,Recruit,S11,T5
20/12/2023,2812,Recruit,S11,T5
20/12/2023,2813,Adult,S11,T5
20/12/2023,2814,Recruit,S11,T5
20/12/2023,2815,Adult,S11,T5
20/12/2023,2816,Adult,S11,T5
20/12/2023,2817,Recruit,S11,T5
20/12/2023,2818,Recruit,S11,T5
20/12/2023,2819,Recruit,S11,T5
20/12/2023,2820,Recruit,S11,T5
20/12/2023,2821,Recruit,S11,T5
21/12/2023,2736,Adult,S11,T6
21/12/2023,2738,Adult,S11,T6
21/12/2023,2739,Adult,S11,T6
21/12/2023,2740,Adult,S11,T6
21/12/2023,2741,Adult,S11,T6
21/12/2023,2742,Adult,S11,T6
21/12/2023,2743,Adult,S11,T6
21/12/2023,2744,Adult,S11,T6
21/12/2023,2745,Adult,S11,T6
21/12/2023,2746,Adult,S11,T6
21/12/2023,2747,Adult,S11,T6
21/12/2023,2748,Adult,S11,T6
21/12/2023,2749,Adult,S11,T6
21/12/2023,2750,Adult,S11,T6
21/12/2023,2751,Recruit,S11,T6
21/12/2023,2752,Adult,S11,T6
21/12/2023,2753,Adult,S11,T6
21/12/2023,2754,Recruit,S11,T6
21/12/2023,2755,Recruit,S11,T6
21/12/2023,2756,Recruit,S11,T6
21/12/2023,2757,Adult,S11,T6
21/12/2023,2758,Recruit,S11,T6
21/12/2023,2759,Recruit,S11,T6
21/12/2023,2760,Recruit,S11,T6
21/12/2023,2761,Adult,S11,T6
21/12/2023,2762,Recruit,S11,T6
21/12/2023,2763,Adult,S11,T6
21/12/2023,2764,Recruit,S11,T6
21/12/2023,2765,Adult,S11,T6
21/12/2023,2766,Adult,S11,T6
21/12/2023,2767,Adult,S11,T6
21/12/2023,2768,Adult,S11,T6
21/12/2023,2769,Adult,S11,T6
21/12/2023,2770,Adult,S11,T6
21/12/2023,2771,Adult,S11,T6
21/12/2023,2772,Adult,S11,T6
21/12/2023,2773,Adult,S11,T6
21/12/2023,2774,Adult,S11,T6
21/12/2023,2775,Adult,S11,T6
21/12/2023,2776,Adult,S11,T6
21/12/2023,2777,Recruit,S11,T6
21/12/2023,2778,Recruit,S11,T6
21/12/2023,2779,Recruit,S11,T6
21/12/2023,2780,Recruit,S11,T6
21/12/2023,2781,Adult,S11,T6
21/12/2023,2782,Recruit,S11,T6
21/12/2023,2783,Adult,S11,T6
21/12/2023,2784,Adult,S11,T6
21/12/2023,2785,Adult,S11,T6
21/12/2023,2786,Adult,S11,T6
21/12/2023,2787,Recruit,S11,T6
21/12/2023,2788,Adult,S11,T6
21/12/2023,2789,Adult,S11,T6
21/12/2023,2790,Adult,S11,T6
3/3/24,3332,,S12,T1
3/3/24,3334,,S12,T1
3/3/24,3335,,S12,T1
3/3/24,3351,,S12,T1
3/3/24,3352,,S12,T1
3/3/24,3353,,S12,T1
3/3/24,3354,,S12,T1
3/3/24,3355,,S12,T1
3/3/24,3356,,S12,T1
3/3/24,3357,,S12,T1
3/3/24,3358,,S12,T1
3/3/24,3359,,S12,T1
3/3/24,3360,,S12,T1
3/3/24,3361,,S12,T1
3/3/24,3362,,S12,T1
3/3/24,3363,,S12,T1
3/3/24,3364,,S12,T1
3/3/24,3365,,S12,T1
3/3/24,3366,,S12,T1
3/3/24,3367,,S12,T1
3/3/24,3368,,S12,T1
3/3/24,3369,,S12,T1
3/3/24,3370,,S12,T1
3/3/24,3371,,S12,T1
3/3/24,3372,,S12,T1
3/3/24,3373,,S12,T1
3/3/24,3374,,S12,T1
3/3/24,3375,,S12,T1
3/3/24,3376,,S12,T1
3/3/24,3377,,S12,T1
3/3/24,3378,,S12,T1
3/3/24,3379,,S12,T1
3/3/24,3380,,S12,T1
3/3/24,3381,,S12,T1
3/3/24,3382,,S12,T1
3/3/24,3383,,S12,T1
3/3/24,3384,,S12,T1
3/3/24,3385,,S12,T1
3/3/24,3386,,S12,T1
3/3/24,3387,,S12,T1
3/3/24,3388,,S12,T1
3/3/24,3389,,S12,T1
3/3/24,3390,,S12,T1
3/3/24,3391,,S12,T1
3/3/24,3392,,S12,T1
3/3/24,3393,,S12,T1
3/3/24,3394,,S12,T1
3/3/24,3395,,S12,T1
3/3/24,3396,,S12,T1
3/3/24,3397,,S12,T1
3/3/24,3398,,S12,T1
3/3/24,3399,,S12,T1
3/3/24,3400,,S12,T1
3/3/24,3401,,S12,T1
3/3/24,3402,,S12,T1
3/3/24,3403,,S12,T1
3/3/24,3404,,S12,T1
3/3/24,3405,,S12,T1
3/3/24,3406,,S12,T1
3/3/24,3407,,S12,T1
3/3/24,3408,,S12,T1
3/3/24,3409,,S12,T1
3/3/24,3410,,S12,T1
3/3/24,3411,,S12,T1
3/3/24,3412,,S12,T1
3/3/24,3413,,S12,T1
3/3/24,3414,,S12,T1
3/3/24,3415,,S12,T1
3/3/24,3416,,S12,T1
3/3/24,3417,,S12,T1
3/3/24,3418,,S12,T1
3/3/24,3419,,S12,T1
3/3/24,3420,,S12,T1
3/3/24,3421,,S12,T1
3/3/24,3422,,S12,T1
3/3/24,3423,,S12,T1
3/3/24,3424,,S12,T1
3/3/24,3425,,S12,T1
3/3/24,3426,,S12,T1
3/3/24,3427,,S12,T1
3/3/24,3428,,S12,T1
3/3/24,3429,,S12,T1
3/3/24,3430,,S12,T1
3/3/24,3431,,S12,T1
3/3/24,3432,,S12,T1
3/3/24,3433,,S12,T1
3/3/24,3434,,S12,T1
3/3/24,3435,,S12,T1
3/3/24,3436,,S12,T1
3/3/24,3437,,S12,T1
3/3/24,3438,,S12,T1
3/3/24,3439,,S12,T1
3/3/24,3440,,S12,T1
3/3/24,3466,,S12,T1
3/3/24,3467,,S12,T1
3/3/24,3468,,S12,T1
3/3/24,3469,,S12,T1
3/3/24,3470,,S12,T1
19/03/2024,3441,,S12,T2
19/03/2024,3442,,S12,T2
19/03/2024,3443,,S12,T2
19/03/2024,3444,,S12,T2
19/03/2024,3445,,S12,T2
19/03/2024,3446,,S12,T2
19/03/2024,3447,,S12,T2
19/03/2024,3448,,S12,T2
19/03/2024,3449,,S12,T2
19/03/2024,3450,,S12,T2
19/03/2024,3451,,S12,T2
19/03/2024,3452,,S12,T2
19/03/2024,3453,,S12,T2
19/03/2024,3454,,S12,T2
19/03/2024,3455,,S12,T2
19/03/2024,3456,,S12,T2
19/03/2024,3457,,S12,T2
19/03/2024,3458,,S12,T2
19/03/2024,3459,,S12,T2
19/03/2024,3460,,S12,T2
19/03/2024,3461,,S12,T2
19/03/2024,3462,,S12,T2
19/03/2024,3463,,S12,T2
19/03/2024,3464,,S12,T2
19/03/2024,3465,,S12,T2
19/03/2024,3471,,S12,T2
19/03/2024,3472,,S12,T2
19/03/2024,3473,,S12,T2
19/03/2024,3474,,S12,T2
19/03/2024,3475,,S12,T2
19/03/2024,3476,,S12,T2
19/03/2024,3477,,S12,T2
19/03/2024,3478,,S12,T2
19/03/2024,3479,,S12,T2
19/03/2024,3480,,S12,T2
19/03/2024,3481,,S12,T2
19/03/2024,3482,,S12,T2
19/03/2024,3483,,S12,T2
19/03/2024,3484,,S12,T2
19/03/2024,3485,,S12,T2
19/03/2024,3486,,S12,T2
19/03/2024,3487,,S12,T2
19/03/2024,3488,,S12,T2
19/03/2024,3489,,S12,T2
19/03/2024,3490,,S12,T2
19/03/2024,3491,,S12,T2
19/03/2024,3492,,S12,T2
19/03/2024,3493,,S12,T2
19/03/2024,3494,,S12,T2
19/03/2024,3500,,S12,T2
19/03/2024,3502,,S12,T2
19/03/2024,3503,,S12,T2
19/03/2024,3505,,S12,T2
19/03/2024,3521,,S12,T2
19/03/2024,3522,,S12,T2
19/03/2024,3525,,S12,T2
19/03/2024,3526,,S12,T2
19/03/2024,3527,,S12,T2
19/03/2024,3528,,S12,T2
19/03/2024,3529,,S12,T2
19/03/2024,3530,,S12,T2
19/03/2024,3651,,S12,T2
19/03/2024,3652,,S12,T2
19/03/2024,3653,,S12,T2
19/03/2024,3654,,S12,T2
19/03/2024,3655,,S12,T2
19/03/2024,3656,,S12,T2
19/03/2024,3657,,S12,T2
19/03/2024,3658,,S12,T2
19/03/2024,3659,,S12,T2
19/03/2024,3660,,S12,T2
19/03/2024,3661,,S12,T2
19/03/2024,3662,,S12,T2
19/03/2024,3664,,S12,T2
19/03/2024,3665,,S12,T2
19/03/2024,3666,,S12,T2
19/03/2024,3667,,S12,T2
19/03/2024,3668,,S12,T2
19/03/2024,3669,,S12,T2
19/03/2024,3670,,S12,T2
19/03/2024,3671,,S12,T2
19/03/2024,3672,,S12,T2
19/03/2024,3673,,S12,T2
19/03/2024,3674,,S12,T2
19/03/2024,3675,,S12,T2
19/03/2024,3676,,S12,T2
19/03/2024,3677,,S12,T2
19/03/2024,3678,,S12,T2
19/03/2024,3679,,S12,T2
19/03/2024,3680,,S12,T2
20/03/2024,2912,,S12,T3
20/03/2024,2914,,S12,T3
20/03/2024,2915,,S12,T3
20/03/2024,2916,,S12,T3
20/03/2024,2917,,S12,T3
20/03/2024,2918,,S12,T3
20/03/2024,2919,,S12,T3
20/03/2024,2920,,S12,T3
20/03/2024,2921,,S12,T3
20/03/2024,2924,,S12,T3
20/03/2024,2925,,S12,T3
20/03/2024,2926,,S12,T3
20/03/2024,3495,,S12,T3
20/03/2024,3496,,S12,T3
20/03/2024,3497,,S12,T3
20/03/2024,3498,,S12,T3
20/03/2024,3499,,S12,T3
20/03/2024,3501,,S12,T3
20/03/2024,3504,,S12,T3
20/03/2024,3506,,S12,T3
20/03/2024,3507,,S12,T3
20/03/2024,3508,,S12,T3
20/03/2024,3509,,S12,T3
20/03/2024,3510,,S12,T3
20/03/2024,3511,,S12,T3
20/03/2024,3512,,S12,T3
20/03/2024,3513,,S12,T3
20/03/2024,3514,,S12,T3
20/03/2024,3516,,S12,T3
20/03/2024,3517,,S12,T3
20/03/2024,3518,,S12,T3
20/03/2024,3519,,S12,T3
20/03/2024,3520,,S12,T3
20/03/2024,3523,,S12,T3
20/03/2024,3524,,S12,T3
20/03/2024,3561,,S12,T3
20/03/2024,3562,,S12,T3
20/03/2024,3563,,S12,T3
20/03/2024,3564,,S12,T3
20/03/2024,3565,,S12,T3
20/03/2024,3566,,S12,T3
20/03/2024,3567,,S12,T3
20/03/2024,3568,,S12,T3
20/03/2024,3569,,S12,T3
20/03/2024,3570,,S12,T3
20/03/2024,3571,,S12,T3
20/03/2024,3572,,S12,T3
20/03/2024,3573,,S12,T3
20/03/2024,3574,,S12,T3
20/03/2024,3575,,S12,T3
20/03/2024,3576,,S12,T3
20/03/2024,3577,,S12,T3
20/03/2024,3578,,S12,T3
20/03/2024,3579,,S12,T3
20/03/2024,3580,,S12,T3
20/03/2024,3581,,S12,T3
20/03/2024,3582,,S12,T3
20/03/2024,3583,,S12,T3
20/03/2024,3584,,S12,T3
20/03/2024,3585,,S12,T3
20/03/2024,3586,,S12,T3
20/03/2024,3587,,S12,T3
20/03/2024,3588,,S12,T3
20/03/2024,3589,,S12,T3
20/03/2024,3590,,S12,T3
20/03/2024,3618,,S12,T3
20/03/2024,3619,,S12,T3
20/03/2024,3620,,S12,T3
21/03/2024,3353,,S14,T1
21/03/2024,3531,,S14,T1
21/03/2024,3532,,S14,T1
21/03/2024,3533,,S14,T1
21/03/2024,3534,,S14,T1
21/03/2024,3535,,S14,T1
21/03/2024,3536,,S14,T1
21/03/2024,3537,,S14,T1
21/03/2024,3538,,S14,T1
21/03/2024,3539,,S14,T1
21/03/2024,3540,,S14,T1
21/03/2024,3541,,S14,T1
21/03/2024,3542,,S14,T1
21/03/2024,3543,,S14,T1
21/03/2024,3544,,S14,T1
21/03/2024,3545,,S14,T1
21/03/2024,3546,,S14,T1
21/03/2024,3547,,S14,T1
21/03/2024,3548,,S14,T1
21/03/2024,3549,,S14,T1
21/03/2024,3550,,S14,T1
21/03/2024,3551,,S14,T1
21/03/2024,3552,,S14,T1
21/03/2024,3553,,S14,T1
21/03/2024,3554,,S14,T1
21/03/2024,3555,,S14,T1
21/03/2024,3556,,S14,T1
21/03/2024,3557,,S14,T1
21/03/2024,3558,,S14,T1
21/03/2024,3559,,S14,T1
21/03/2024,3560,,S14,T1
21/03/2024,3591,,S14,T1
21/03/2024,3592,,S14,T1
21/03/2024,3593,,S14,T1
21/03/2024,3594,,S14,T1
21/03/2024,3595,,S14,T1
21/03/2024,3596,,S14,T1
21/03/2024,3597,,S14,T1
21/03/2024,3598,,S14,T1
21/03/2024,3599,,S14,T1
21/03/2024,3600,,S14,T1
21/03/2024,3601,,S14,T1
21/03/2024,3602,,S14,T1
21/03/2024,3603,,S14,T1
21/03/2024,3604,,S14,T1
21/03/2024,3605,,S14,T1
21/03/2024,3606,,S14,T1
21/03/2024,3607,,S14,T1
21/03/2024,3608,,S14,T1
21/03/2024,3609,,S14,T1
21/03/2024,3610,,S14,T1
21/03/2024,3611,,S14,T1
21/03/2024,3612,,S14,T1
21/03/2024,3613,,S14,T1
21/03/2024,3614,,S14,T1
21/03/2024,3615,,S14,T1
21/03/2024,3616,,S14,T1
21/03/2024,3617,,S14,T1
21/03/2024,3621,,S14,T1
21/03/2024,3622,,S14,T1
21/03/2024,3623,,S14,T1
21/03/2024,3624,,S14,T1
21/03/2024,3625,,S14,T1
21/03/2024,3626,,S14,T1
21/03/2024,3627,,S14,T1
21/03/2024,3628,,S14,T1
21/03/2024,3629,,S14,T1
21/03/2024,3630,,S14,T1
21/03/2024,3631,,S14,T1
21/03/2024,3632,,S14,T1
21/03/2024,3633,,S14,T1
21/03/2024,3634,,S14,T1
21/03/2024,3635,,S14,T1
21/03/2024,3636,,S14,T1
21/03/2024,3637,,S14,T1
21/03/2024,3638,,S14,T1
21/03/2024,3639,,S14,T1
21/03/2024,3640,,S14,T1
21/03/2024,3641,,S14,T1
21/03/2024,3642,,S14,T1
21/03/2024,3643,,S14,T1
21/03/2024,3644,,S14,T1
21/03/2024,3645,,S14,T1
21/03/2024,3646,,S14,T1
21/03/2024,3647,,S14,T1
21/03/2024,3648,,S14,T1
21/03/2024,3649,,S14,T1
21/03/2024,3650,,S14,T1
21/03/2024,3706,,S14,T1
21/03/2024,3707,,S14,T1
21/03/2024,3708,,S14,T1
21/03/2024,3709,,S14,T1
21/03/2024,3710,,S14,T1
21/03/2024,3711,,S14,T1
21/03/2024,3712,,S14,T1
21/03/2024,3713,,S14,T1
21/03/2024,3714,,S14,T1
21/03/2024,3715,,S14,T1
21/03/2024,3716,,S14,T1
21/03/2024,3717,,S14,T1
21/03/2024,3718,,S14,T1
21/03/2024,3719,,S14,T1
21/03/2024,3720,,S14,T1
21/03/2024,3721,,S14,T1
21/03/2024,3722,,S14,T1
21/03/2024,3723,,S14,T1
21/03/2024,3724,,S14,T1
21/03/2024,3725,,S14,T1
21/03/2024,3726,,S14,T1
21/03/2024,3727,,S14,T1
21/03/2024,3728,,S14,T1
21/03/2024,3729,,S14,T1
21/03/2024,3730,,S14,T1
21/03/2024,3731,,S14,T1
21/03/2024,3732,,S14,T1
21/03/2024,3650.BIS,,S14,T1
22/03/2024,3681,,S14,T2
22/03/2024,3682,,S14,T2
22/03/2024,3683,,S14,T2
22/03/2024,3684,,S14,T2
22/03/2024,3685,,S14,T2
22/03/2024,3686,,S14,T2
22/03/2024,3687,,S14,T2
22/03/2024,3688,,S14,T2
22/03/2024,3689,,S14,T2
22/03/2024,3690,,S14,T2
22/03/2024,3691,,S14,T2
22/03/2024,3692,,S14,T2
22/03/2024,3693,,S14,T2
22/03/2024,3694,,S14,T2
22/03/2024,3695,,S14,T2
22/03/2024,3696,,S14,T2
22/03/2024,3697,,S14,T2
22/03/2024,3698,,S14,T2
22/03/2024,3699,,S14,T2
22/03/2024,3700,,S14,T2
22/03/2024,3701,,S14,T2
22/03/2024,3702,,S14,T2
22/03/2024,3703,,S14,T2
22/03/2024,3704,,S14,T2
22/03/2024,3705,,S14,T2
22/03/2024,3733,,S14,T2
22/03/2024,3734,,S14,T2
22/03/2024,3735,,S14,T2
22/03/2024,3736,,S14,T2
22/03/2024,3737,,S14,T2
22/03/2024,3738,,S14,T2
22/03/2024,3739,,S14,T2
22/03/2024,3740,,S14,T2
22/03/2024,3741,,S14,T2
22/03/2024,3742,,S14,T2
22/03/2024,3743,,S14,T2
22/03/2024,3744,,S14,T2
22/03/2024,3745,,S14,T2
22/03/2024,3746,,S14,T2
22/03/2024,3747,,S14,T2
22/03/2024,3748,,S14,T2
22/03/2024,3749,,S14,T2
22/03/2024,3750,,S14,T2
22/03/2024,3751,,S14,T2
22/03/2024,3752,,S14,T2
22/03/2024,3753,,S14,T2
22/03/2024,3754,,S14,T2
22/03/2024,3755,,S14,T2
22/03/2024,3756,,S14,T2
22/03/2024,3757,,S14,T2
22/03/2024,3758,,S14,T2
22/03/2024,3759,,S14,T2
22/03/2024,3760,,S14,T2
22/03/2024,3761,,S14,T2
22/03/2024,3762,,S14,T2
22/03/2024,3763,,S14,T2
22/03/2024,3764,,S14,T2
22/03/2024,3765,,S14,T2
22/03/2024,3766,,S14,T2
22/03/2024,3767,,S14,T2
22/03/2024,3768,,S14,T2
22/03/2024,3769,,S14,T2
22/03/2024,3770,,S14,T2
22/03/2024,3771,,S14,T2
22/03/2024,3772,,S14,T2
25/03/2024,3818,,S14,T2
22/03/2024,3833,,S14,T2
22/03/2024,3834,,S14,T2
22/03/2024,3834,,S14,T2
22/03/2024,3835,,S14,T2
22/03/2024,3836,,S14,T2
22/03/2024,3837,,S14,T2
22/03/2024,3838,,S14,T2
22/03/2024,3839,,S14,T2
22/03/2024,3840,,S14,T2
22/03/2024,3841,,S14,T2
22/03/2024,3842,,S14,T2
22/03/2024,3843,,S14,T2
22/03/2024,3844,,S14,T2
22/03/2024,3845,,S14,T2
22/03/2024,3846,,S14,T2
22/03/2024,3847,,S14,T2
22/03/2024,3848,,S14,T2
22/03/2024,3849,,S14,T2
22/03/2024,3850,,S14,T2
22/03/2024,3851,,S14,T2
22/03/2024,3852,,S14,T2
22/03/2024,3853,,S14,T2
22/03/2024,3854,,S14,T2
22/03/2024,3855,,S14,T2
22/03/2024,3856,,S14,T2
22/03/2024,3857,,S14,T2
22/03/2024,3858,,S14,T2
22/03/2024,3859,,S14,T2
22/03/2024,3860,,S14,T2
22/03/2024,3861,,S14,T2
22/03/2024,3862,,S14,T2
22/03/2024,3863,,S14,T2
22/03/2024,3864,,S14,T2
22/03/2024,3865,,S14,T2
22/03/2024,3866,,S14,T2
22/03/2024,3867,,S14,T2
22/03/2024,3868,,S14,T2
22/03/2024,3869,,S14,T2
22/03/2024,3870,,S14,T2
22/03/2024,3871,,S14,T2
22/03/2024,3872,,S14,T2
22/03/2024,3873,,S14,T2
22/03/2024,3874,,S14,T2
22/03/2024,3875,,S14,T2
22/03/2024,3876,,S14,T2
22/03/2024,3877,,S14,T2
22/03/2024,3878,,S14,T2
22/03/2024,3879,,S14,T2
22/03/2024,3880,,S14,T2
22/03/2024,3881,,S14,T2
22/03/2024,3882,,S14,T2
22/03/2024,3883,,S14,T2
22/03/2024,3884,,S14,T2
22/03/2024,3885,,S14,T2
22/03/2024,3886,,S14,T2
22/03/2024,3887,,S14,T2
22/03/2024,3888,,S14,T2
22/03/2024,3889,,S14,T2
25/03/2024,3773,,S14,T3
25/03/2024,3774,,S14,T3
25/03/2024,3775,,S14,T3
25/03/2024,3776,,S14,T3
25/03/2024,3777,,S14,T3
25/03/2024,3778,,S14,T3
25/03/2024,3779,,S14,T3
25/03/2024,3780,,S14,T3
25/03/2024,3781,,S14,T3
25/03/2024,3782,,S14,T3
25/03/2024,3783,,S14,T3
25/03/2024,3784,,S14,T3
25/03/2024,3785,,S14,T3
25/03/2024,3786,,S14,T3
25/03/2024,3787,,S14,T3
25/03/2024,3788,,S14,T3
25/03/2024,3789,,S14,T3
25/03/2024,3790,,S14,T3
25/03/2024,3791,,S14,T3
25/03/2024,3792,,S14,T3
25/03/2024,3793,,S14,T3
25/03/2024,3794,,S14,T3
25/03/2024,3795,,S14,T3
25/03/2024,3796,,S14,T3
25/03/2024,3797,,S14,T3
25/03/2024,3798,,S14,T3
25/03/2024,3799,,S14,T3
25/03/2024,3800,,S14,T3
25/03/2024,3801,,S14,T3
25/03/2024,3802,,S14,T3
25/03/2024,3803,,S14,T3
25/03/2024,3804,,S14,T3
25/03/2024,3805,,S14,T3
25/03/2024,3806,,S14,T3
25/03/2024,3807,,S14,T3
25/03/2024,3808,,S14,T3
25/03/2024,3809,,S14,T3
25/03/2024,3810,,S14,T3
25/03/2024,3811,,S14,T3
25/03/2024,3812,,S14,T3
25/03/2024,3813,,S14,T3
25/03/2024,3814,,S14,T3
25/03/2024,3815,,S14,T3
25/03/2024,3816,,S14,T3
25/03/2024,3817,,S14,T3
25/03/2024,3818,,S14,T3
25/03/2024,3819,,S14,T3
25/03/2024,3820,,S14,T3
25/03/2024,3821,,S14,T3
25/03/2024,3822,,S14,T3
25/03/2024,3823,,S14,T3
25/03/2024,3824,,S14,T3
25/03/2024,3825,,S14,T3
25/03/2024,3826,,S14,T3
25/03/2024,3827,,S14,T3
25/03/2024,3828,,S14,T3
25/03/2024,3829,,S14,T3
25/03/2024,3830,,S14,T3
25/03/2024,3831,,S14,T3
25/03/2024,3832,,S14,T3
25/03/2024,3890,,S14,T3
25/03/2024,3891,,S14,T3
25/03/2024,3892,,S14,T3
25/03/2024,3893,,S14,T3
25/03/2024,3894,,S14,T3
25/03/2024,3895,,S14,T3
25/03/2024,3896,,S14,T3
25/03/2024,3897,,S14,T3
25/03/2024,3898,,S14,T3
25/03/2024,3899,,S14,T3
25/03/2024,3900,,S14,T3
25/03/2024,3901,,S14,T3
25/03/2024,3902,,S14,T3
25/03/2024,3903,,S14,T3
25/03/2024,3904,,S14,T3
25/03/2024,3905,,S14,T3
25/03/2024,3906,,S14,T3
25/03/2024,3907,,S14,T3
25/03/2024,3908,,S14,T3
25/03/2024,3909,,S14,T3
25/03/2024,3910,,S14,T3
25/03/2024,3911,,S14,T3
25/03/2024,3912,,S14,T3
25/03/2024,3913,,S14,T3
25/03/2024,3914,,S14,T3
25/03/2024,3915,,S14,T3
25/03/2024,3916,,S14,T3
25/03/2024,3917,,S14,T3
25/03/2024,3918,,S14,T3
25/03/2024,3919,,S14,T3
25/03/2024,3925,,S14,T3
25/03/2024,3926,,S14,T3
25/03/2024,3927,,S14,T3
25/03/2024,3928,,S14,T3
25/03/2024,3929,,S14,T3
25/03/2024,3930,,S14,T3
25/03/2024,3931,,S14,T3
25/03/2024,3932,,S14,T3
25/03/2024,3933,,S14,T3
25/03/2024,3934,,S14,T3
25/03/2024,3935,,S14,T3
25/03/2024,3936,,S14,T3
25/03/2024,3937,,S14,T3
25/03/2024,3938,,S14,T3
25/03/2024,3939,,S14,T3
25/03/2024,3940,,S14,T3
25/03/2024,3941,,S14,T3
25/03/2024,3942,,S14,T3
25/03/2024,3943,,S14,T3
25/03/2024,3944,,S14,T3
25/03/2024,3945,,S14,T3
25/03/2024,3946,,S14,T3
25/03/2024,3947,,S14,T3
25/03/2024,3948,,S14,T3
25/03/2024,3949,,S14,T3
25/03/2024,3950,,S14,T3
16/03/2023,1317,Adult,S15,T1
16/03/2023,1318,Adult,S15,T1
16/03/2023,1319,Recruit,S15,T1
16/03/2023,1320,Adult,S15,T1
16/03/2023,1321,Adult,S15,T1
16/03/2023,1322,Recruit,S15,T1
16/03/2023,1324,Recruit,S15,T1
16/03/2023,1325,Adult,S15,T1
16/03/2023,1348,Recruit,S15,T1
16/03/2023,1384,Adult,S15,T1
16/03/2023,1385,Adult,S15,T1
16/03/2023,1386,Adult,S15,T1
16/03/2023,1387,Adult,S15,T1
16/03/2023,1388,Recruit,S15,T1
16/03/2023,1389,Recruit,S15,T1
16/03/2023,1390,Recruit,S15,T1
16/03/2023,1391,Recruit,S15,T1
16/03/2023,1392,Adult,S15,T1
16/03/2023,1393,Adult,S15,T1
16/03/2023,1394,Adult,S15,T1
16/03/2023,1395,Recruit,S15,T1
16/03/2023,1396,Adult,S15,T1
16/03/2023,1397,Adult,S15,T1
16/03/2023,1398,Adult,S15,T1
16/03/2023,1399,Adult,S15,T1
16/03/2023,1400,Adult,S15,T1
16/03/2023,1401,Adult,S15,T1
16/03/2023,1402,Recruit,S15,T1
16/03/2023,1403,Adult,S15,T1
16/03/2023,1404,Recruit,S15,T1
16/03/2023,1405,Recruit,S15,T1
16/03/2023,1406,Recruit,S15,T1
16/03/2023,1407,Adult,S15,T1
16/03/2023,1408,Recruit,S15,T1
16/03/2023,1409,Adult,S15,T1
16/03/2023,1410,Recruit,S15,T1
16/03/2023,1411,Recruit,S15,T1
16/03/2023,1412,Recruit,S15,T1
16/03/2023,1413,Adult,S15,T1
16/03/2023,1414,Adult,S15,T1
16/03/2023,1415,Adult,S15,T1
16/03/2023,1416,Recruit,S15,T1
16/03/2023,1417,Recruit,S15,T1
16/03/2023,1418,Adult,S15,T1
16/03/2023,1419,NA,S15,T1
16/03/2023,1420,Recruit,S15,T1
16/03/2023,1421,Adult,S15,T1
16/03/2023,1422,Recruit,S15,T1
16/03/2023,1423,Recruit,S15,T1
16/03/2023,1424,Recruit,S15,T1
16/03/2023,1425,Recruit,S15,T1
16/03/2023,1426,Adult,S15,T1
16/03/2023,1427,Recruit,S15,T1
16/03/2023,1428,Recruit,S15,T1
16/03/2023,1429,Recruit,S15,T1
16/03/2023,1430,Recruit,S15,T1
16/03/2023,1431,Adult,S15,T1
16/03/2023,1432,Adult,S15,T1
16/03/2023,1433,Recruit,S15,T1
16/03/2023,1434,Recruit,S15,T1
16/03/2023,1435,Adult,S15,T1
16/03/2023,1436,Recruit,S15,T1
16/03/2023,1437,Recruit,S15,T1
16/03/2023,1438,Adult,S15,T1
16/03/2023,1439,Adult,S15,T1
16/03/2023,1440,Recruit,S15,T1
16/03/2023,1441,Recruit,S15,T1
16/03/2023,1442,Adult,S15,T1
16/03/2023,1443,Recruit,S15,T1
16/03/2023,1444,Recruit,S15,T1
16/03/2023,1445,Adult,S15,T1
16/03/2023,1446,Recruit,S15,T1
16/03/2023,1447,Recruit,S15,T1
16/03/2023,1448,Recruit,S15,T1
16/03/2023,1449,Adult,S15,T1
16/03/2023,1450,Adult,S15,T1
16/03/2023,1451,Adult,S15,T1
16/03/2023,1453,Recruit,S15,T1
16/03/2023,1460,Recruit,S15,T1
16/03/2023,1461,Recruit,S15,T1
16/03/2023,1495,Adult,S15,T1
16/03/2023,1496,Adult,S15,T1
16/03/2023,1497,Adult,S15,T1
26/07/2023,2046,Adult,S15,T2
26/07/2023,2047,Recruit,S15,T2
26/07/2023,2048,Recruit,S15,T2
26/07/2023,2049,Adult,S15,T2
26/07/2023,2050,Adult,S15,T2
26/07/2023,2051,Recruit,S15,T2
26/07/2023,2052,Recruit,S15,T2
26/07/2023,2054,Adult,S15,T2
26/07/2023,2055,Recruit,S15,T2
26/07/2023,2056,Recruit,S15,T2
26/07/2023,2057,Adult,S15,T2
26/07/2023,2058,Recruit,S15,T2
26/07/2023,2059,Adult,S15,T2
26/07/2023,2060,Adult,S15,T2
26/07/2023,2061,Recruit,S15,T2
26/07/2023,2062,Adult,S15,T2
26/07/2023,2063,Adult,S15,T2
26/07/2023,2064,Adult,S15,T2
26/07/2023,2065,Recruit,S15,T2
26/07/2023,2066,Adult,S15,T2
26/07/2023,2067,Recruit,S15,T2
26/07/2023,2068,Adult,S15,T2
26/07/2023,2069,Recruit,S15,T2
26/07/2023,2070,Adult,S15,T2
26/07/2023,2071,NA,S15,T2
26/07/2023,2072,Adult,S15,T2
26/07/2023,2073,Adult,S15,T2
26/07/2023,2074,Recruit,S15,T2
26/07/2023,2075,Recruit,S15,T2
26/07/2023,2076,Adult,S15,T2
26/07/2023,2077,Recruit,S15,T2
26/07/2023,2078,Adult,S15,T2
26/07/2023,2079,Recruit,S15,T2
26/07/2023,2080,Recruit,S15,T2
26/07/2023,2171,Recruit,S15,T2
26/07/2023,2176,Adult,S15,T2
26/07/2023,2177,Adult,S15,T2
26/07/2023,2178,Adult,S15,T2
26/07/2023,2179,Adult,S15,T2
26/07/2023,2180,Recruit,S15,T2
26/07/2023,2181,Adult,S15,T2
26/07/2023,2182,Adult,S15,T2
26/07/2023,2183,Adult,S15,T2
26/07/2023,2184,Adult,S15,T2
26/07/2023,2185,Adult,S15,T2
26/07/2023,2186,Adult,S15,T2
26/07/2023,2187,Recruit,S15,T2
26/07/2023,2188,Adult,S15,T2
26/07/2023,2189,Recruit,S15,T2
26/07/2023,2190,Adult,S15,T2
26/07/2023,2191,Recruit,S15,T2
26/07/2023,2192,Adult,S15,T2
26/07/2023,2193,Adult,S15,T2
26/07/2023,2194,Adult,S15,T2
26/07/2023,2195,Recruit,S15,T2
26/07/2023,2196,Adult,S15,T2
26/07/2023,2197,Adult,S15,T2
26/07/2023,2198,Recruit,S15,T2
26/07/2023,2199,Recruit,S15,T2
26/07/2023,2200,Recruit,S15,T2
26/07/2023,2201,Adult,S15,T2
26/07/2023,2202,Recruit,S15,T2
26/07/2023,2203,Adult,S15,T2
26/07/2023,2204,Adult,S15,T2
26/07/2023,2205,Adult,S15,T2
26/07/2023,2206,Adult,S15,T2
26/07/2023,2207,Recruit,S15,T2
26/07/2023,2208,Adult,S15,T2
26/07/2023,2209,Adult,S15,T2
26/07/2023,2210,Adult,S15,T2
26/07/2023,2211,Adult,S15,T2
26/07/2023,2212,Recruit,S15,T2
26/07/2023,2213,Adult,S15,T2
26/07/2023,2214,Adult,S15,T2
26/07/2023,2215,Adult,S15,T2
26/07/2023,2216,Adult,S15,T2
26/07/2023,2217,Adult,S15,T2
26/07/2023,2218,Adult,S15,T2
26/07/2023,2219,Adult,S15,T2
26/07/2023,2220,Adult,S15,T2
26/07/2023,2221,Recruit,S15,T2
26/07/2023,2222,Adult,S15,T2
26/07/2023,2223,Adult,S15,T2
26/07/2023,2224,Adult,S15,T2
26/07/2023,2225,Adult,S15,T2
28/07/2023,2081,Recruit,S15,T3
28/07/2023,2082,Recruit,S15,T3
28/07/2023,2083,Recruit,S15,T3
28/07/2023,2084,Recruit,S15,T3
28/07/2023,2325,Recruit,S15,T3
28/07/2023,2326,Adult,S15,T3
28/07/2023,2327,Recruit,S15,T3
28/07/2023,2328,Recruit,S15,T3
28/07/2023,2329,Recruit,S15,T3
28/07/2023,2330,Adult,S15,T3
28/07/2023,2331,Recruit,S15,T3
28/07/2023,2332,Adult,S15,T3
28/07/2023,2333,Adult,S15,T3
28/07/2023,2334,Recruit,S15,T3
28/07/2023,2335,Recruit,S15,T3
28/07/2023,2336,Recruit,S15,T3
28/07/2023,2337,Adult,S15,T3
28/07/2023,2338,Recruit,S15,T3
28/07/2023,2339,Recruit,S15,T3
28/07/2023,2340,Recruit,S15,T3
28/07/2023,2341,Adult,S15,T3
28/07/2023,2342,Adult,S15,T3
28/07/2023,2343,Recruit,S15,T3
28/07/2023,2344,Recruit,S15,T3
28/07/2023,2345,Adult,S15,T3
28/07/2023,2346,Adult,S15,T3
28/07/2023,2347,Adult,S15,T3
28/07/2023,2348,Adult,S15,T3
28/07/2023,2349,Adult,S15,T3
28/07/2023,2350,Adult,S15,T3
28/07/2023,2351,Recruit,S15,T3
28/07/2023,2352,Recruit,S15,T3
28/07/2023,2353,Adult,S15,T3
28/07/2023,2354,Adult,S15,T3
28/07/2023,2355,Recruit,S15,T3
28/07/2023,2356,Adult,S15,T3
28/07/2023,2357,Recruit,S15,T3
28/07/2023,2358,Recruit,S15,T3
28/07/2023,2359,Recruit,S15,T3
28/07/2023,2360,Adult,S15,T3
28/07/2023,2361,Adult,S15,T3
28/07/2023,2362,Recruit,S15,T3
28/07/2023,2363,Adult,S15,T3
28/07/2023,2364,Recruit,S15,T3
28/07/2023,2365,Adult,S15,T3
28/07/2023,2366,Recruit,S15,T3
28/07/2023,2367,Adult,S15,T3
28/07/2023,2368,Adult,S15,T3
28/07/2023,2369,Adult,S15,T3
28/07/2023,2370,Adult,S15,T3
28/07/2023,2371,Recruit,S15,T3
28/07/2023,2372,Recruit,S15,T3
28/07/2023,2373,Adult,S15,T3
28/07/2023,2374,Recruit,S15,T3
28/07/2023,2375,Recruit,S15,T3
28/07/2023,2376,Recruit,S15,T3
28/07/2023,2377,Recruit,S15,T3
28/07/2023,2378,Recruit,S15,T3
28/07/2023,2379,Adult,S15,T3
28/07/2023,2380,Adult,S15,T3
28/07/2023,2381,Adult,S15,T3
28/07/2023,2382,Recruit,S15,T3
28/07/2023,2383,Adult,S15,T3
28/07/2023,2384,Recruit,S15,T3
28/07/2023,2385,Adult,S15,T3
28/07/2023,2386,Adult,S15,T3
28/07/2023,2387,Adult,S15,T3
28/07/2023,2388,Adult,S15,T3
28/07/2023,2389,Recruit,S15,T3
28/07/2023,2390,Adult,S15,T3
28/07/2023,2391,Adult,S15,T3
28/07/2023,2392,Recruit,S15,T3
28/07/2023,2393,Adult,S15,T3
28/07/2023,2394,Adult,S15,T3
28/07/2023,2395,Adult,S15,T3
28/07/2023,2396,Adult,S15,T3
28/07/2023,2397,Adult,S15,T3
28/07/2023,2398,Adult,S15,T3
28/07/2023,2399,Adult,S15,T3
28/07/2023,2400,Adult,S15,T3
28/07/2023,2401,Recruit,S15,T3
28/07/2023,2402,Adult,S15,T3
28/07/2023,2403,Recruit,S15,T3
28/07/2023,2404,Adult,S15,T3
28/07/2023,2405,Adult,S15,T3
28/07/2023,2406,Adult,S15,T3
28/07/2023,2407,Recruit,S15,T3
28/07/2023,2408,Adult,S15,T3
28/07/2023,2409,Adult,S15,T3
28/07/2023,2410,Adult,S15,T3
28/07/2023,2411,Adult,S15,T3
28/07/2023,2412,Adult,S15,T3
28/07/2023,2413,Recruit,S15,T3
28/07/2023,2414,Recruit,S15,T3
28/07/2023,2415,Recruit,S15,T3
28/07/2023,2416,Recruit,S15,T3
28/07/2023,2417,Adult,S15,T3
28/07/2023,2418,Recruit,S15,T3
28/07/2023,2419,Adult,S15,T3
28/07/2023,2420,Recruit,S15,T3
28/07/2023,2421,Adult,S15,T3
28/07/2023,2422,Recruit,S15,T3
28/07/2023,2423,Recruit,S15,T3
28/07/2023,2424,Adult,S15,T3
28/07/2023,2425,Recruit,S15,T3
28/07/2023,2426,Adult,S15,T3
28/07/2023,2427,Recruit,S15,T3
28/07/2023,2428,Adult,S15,T3
28/07/2023,2429,Adult,S15,T3
28/07/2023,2430,Recruit,S15,T3
28/07/2023,2431,Recruit,S15,T3
28/07/2023,2432,Adult,S15,T3
28/07/2023,2433,Adult,S15,T3
28/07/2023,2434,Adult,S15,T3
28/07/2023,2435,Adult,S15,T3
28/07/2023,2436,Recruit,S15,T3
28/07/2023,2437,Adult,S15,T3
28/07/2023,2438,Adult,S15,T3
28/07/2023,2439,Adult,S15,T3
28/07/2023,2440,Recruit,S15,T3
28/07/2023,2441,Recruit,S15,T3
28/07/2023,2442,Recruit,S15,T3
28/07/2023,2443,Adult,S15,T3
28/07/2023,2444,Adult,S15,T3
28/07/2023,2445,Recruit,S15,T3
28/07/2023,2446,Recruit,S15,T3
28/07/2023,2447,Adult,S15,T3
28/07/2023,2448,Adult,S15,T3
28/07/2023,2449,Adult,S15,T3
28/07/2023,2450,Adult,S15,T3
28/07/2023,2451,Adult,S15,T3
28/07/2023,2452,Recruit,S15,T3
28/07/2023,2453,Adult,S15,T3
28/07/2023,2454,Adult,S15,T3
5/8/23,2252,Adult,S15,T4
5/8/23,2553,Adult,S15,T4
5/8/23,2554,Adult,S15,T4
5/8/23,2555,Recruit,S15,T4
5/8/23,2556,Adult,S15,T4
5/8/23,2557,Adult,S15,T4
5/8/23,2619,Adult,S15,T4
5/8/23,2620,Adult,S15,T4
5/8/23,2621,Adult,S15,T4
5/8/23,2622,Adult,S15,T4
5/8/23,2623,Recruit,S15,T4
5/8/23,2634,Adult,S15,T4
5/8/23,2635,Adult,S15,T4
5/8/23,2636,Adult,S15,T4
5/8/23,2637,Adult,S15,T4
5/8/23,2638,Adult,S15,T4
5/8/23,2639,Adult,S15,T4
5/8/23,2640,Adult,S15,T4
5/8/23,2641,Recruit,S15,T4
5/8/23,2642,Adult,S15,T4
5/8/23,2643,Adult,S15,T4
5/8/23,2644,Adult,S15,T4
5/8/23,2645,Recruit,S15,T4
5/8/23,2646,Adult,S15,T4
5/8/23,2647,Adult,S15,T4
5/8/23,2648,Adult,S15,T4
5/8/23,2649,Recruit,S15,T4
5/8/23,2650,Adult,S15,T4
5/8/23,2651,Recruit,S15,T4
5/8/23,2652,Recruit,S15,T4
5/8/23,2653,Recruit,S15,T4
5/8/23,2654,Adult,S15,T4
5/8/23,2655,Adult,S15,T4
5/8/23,2656,Adult,S15,T4
5/8/23,2657,Recruit,S15,T4
5/8/23,2658,Adult,S15,T4
5/8/23,2659,Adult,S15,T4
5/8/23,2660,Recruit,S15,T4
5/8/23,2661,Adult,S15,T4
5/8/23,2662,Recruit,S15,T4
5/8/23,2663,Adult,S15,T4
5/8/23,2664,Adult,S15,T4
5/8/23,2665,Adult,S15,T4
5/8/23,2666,Adult,S15,T4
5/8/23,2667,Adult,S15,T4
5/8/23,2668,Recruit,S15,T4
5/8/23,2669,Adult,S15,T4
5/8/23,2670,Adult,S15,T4
5/8/23,2671,Adult,S15,T4
5/8/23,2672,Recruit,S15,T4
5/8/23,2673,Adult,S15,T4
5/8/23,2674,Adult,S15,T4
5/8/23,2675,Adult,S15,T4
5/8/23,2676,Recruit,S15,T4
5/8/23,2677,Adult,S15,T4
5/8/23,2678,Adult,S15,T4
5/8/23,2679,Adult,S15,T4
5/8/23,2680,Adult,S15,T4
5/8/23,2681,Adult,S15,T4
5/8/23,2682,Adult,S15,T4
5/8/23,2683,Adult,S15,T4
5/8/23,2685,Adult,S15,T4
11/12/23,2455,Recruit,S18,T1
11/12/23,2460,Adult,S18,T1
11/12/23,2475,Recruit,S18,T1
11/12/23,2503,Adult,S18,T1
11/12/23,2504,Adult,S18,T1
11/12/23,2505,Adult,S18,T1
11/12/23,2558,Recruit,S18,T1
11/12/23,2559,Recruit,S18,T1
11/12/23,2560,Adult,S18,T1
11/12/23,2561,Adult,S18,T1
11/12/23,2562,Adult,S18,T1
11/12/23,2563,Adult,S18,T1
11/12/23,2564,Adult,S18,T1
11/12/23,2565,Adult,S18,T1
11/12/23,2566,Adult,S18,T1
11/12/23,2567,Recruit,S18,T1
11/12/23,2568,Recruit,S18,T1
11/12/23,2569,Adult,S18,T1
11/12/23,2570,Adult,S18,T1
11/12/23,2571,Adult,S18,T1
11/12/23,2572,Recruit,S18,T1
11/12/23,2573,Recruit,S18,T1
11/12/23,2574,Adult,S18,T1
11/12/23,2575,Recruit,S18,T1
11/12/23,2576,Recruit,S18,T1
11/12/23,2577,Adult,S18,T1
11/12/23,2578,Adult,S18,T1
11/12/23,2579,Recruit,S18,T1
11/12/23,2580,Adult,S18,T1
11/12/23,2581,Adult,S18,T1
11/12/23,2582,Recruit,S18,T1
11/12/23,2583,Recruit,S18,T1
11/12/23,2584,Adult,S18,T1
11/12/23,2585,Adult,S18,T1
11/12/23,2586,Recruit,S18,T1
11/12/23,2587,Recruit,S18,T1
11/12/23,2588,Adult,S18,T1
11/12/23,2589,Adult,S18,T1
11/12/23,2590,Adult,S18,T1
11/12/23,2591,Adult,S18,T1
11/12/23,2592,Recruit,S18,T1
11/12/23,2593,Adult,S18,T1
11/12/23,2594,Adult,S18,T1
11/12/23,2595,Recruit,S18,T1
11/12/23,2596,Recruit,S18,T1
11/12/23,2597,Recruit,S18,T1
11/12/23,2598,Adult,S18,T1
11/12/23,2599,Adult,S18,T1
11/12/23,2600,Adult,S18,T1
11/12/23,2601,Recruit,S18,T1
27/12/2023,2911,,S18,T2
27/12/2023,2922,,S18,T2
27/12/2023,2923,,S18,T2
27/12/2023,2927,,S18,T2
27/12/2023,2928,,S18,T2
27/12/2023,2929,,S18,T2
27/12/2023,2930,,S18,T2
27/12/2023,2931,,S18,T2
27/12/2023,2932,,S18,T2
27/12/2023,2933,,S18,T2
27/12/2023,2934,,S18,T2
27/12/2023,2935,,S18,T2
27/12/2023,2937,,S18,T2
27/12/2023,2938,,S18,T2
27/12/2023,2939,,S18,T2
27/12/2023,2940,,S18,T2
27/12/2023,2941,,S18,T2
27/12/2023,2942,,S18,T2
27/12/2023,2943,,S18,T2
27/12/2023,2944,,S18,T2
27/12/2023,2945,,S18,T2
27/12/2023,2946,,S18,T2
27/12/2023,2947,,S18,T2
27/12/2023,2948,,S18,T2
27/12/2023,2949,,S18,T2
27/12/2023,2950,,S18,T2
27/12/2023,2951,,S18,T2
27/12/2023,2952,,S18,T2
27/12/2023,2953,,S18,T2
27/12/2023,2954,,S18,T2
27/12/2023,2955,,S18,T2
27/12/2023,2990,,S18,T2
28/02/2024,3225,,S18,T3
28/02/2024,3226,,S18,T3
28/02/2024,3227,,S18,T3
28/02/2024,3229,,S18,T3
28/02/2024,3231,,S18,T3
28/02/2024,3232,,S18,T3
28/02/2024,3233,,S18,T3
28/02/2024,3234,,S18,T3
28/02/2024,3235,,S18,T3
28/02/2024,3238,,S18,T3
28/02/2024,3239,,S18,T3
28/02/2024,3240,,S18,T3
28/02/2024,3253,,S18,T3
28/02/2024,3254,,S18,T3
28/02/2024,3255,,S18,T3
28/02/2024,3256,,S18,T3
28/02/2024,3257,,S18,T3
28/02/2024,3258,,S18,T3
28/02/2024,3259,,S18,T3
28/02/2024,3260,,S18,T3
28/02/2024,3261,,S18,T3
28/02/2024,3262,,S18,T3
28/02/2024,3263,,S18,T3
28/02/2024,3264,,S18,T3
28/02/2024,3265,,S18,T3
28/02/2024,3266,,S18,T3
28/02/2024,3267,,S18,T3
28/02/2024,3268,,S18,T3
28/02/2024,3269,,S18,T3
28/02/2024,3270,,S18,T3
28/02/2024,3271,,S18,T3
28/02/2024,3272,,S18,T3
28/02/2024,3273,,S18,T3
28/02/2024,3274,,S18,T3
28/02/2024,3275,,S18,T3
28/02/2024,3276,,S18,T3
28/02/2024,3277,,S18,T3
28/02/2024,3278,,S18,T3
28/02/2024,3279,,S18,T3
28/02/2024,3280,,S18,T3
28/02/2024,3281,,S18,T3
28/02/2024,3282,,S18,T3
28/02/2024,3283,,S18,T3
28/02/2024,3284,,S18,T3
28/02/2024,3285,,S18,T3
28/02/2024,3286,,S18,T3
28/02/2024,3287,,S18,T3
28/02/2024,3288,,S18,T3
28/02/2024,3289,,S18,T3
28/02/2024,3290,,S18,T3
28/02/2024,3291,,S18,T3
21/03/2023,1349,Adult,S2,T1
21/03/2023,1350,Recruit,S2,T1
21/03/2023,1351,Recruit,S2,T1
21/03/2023,1352,Recruit,S2,T1
21/03/2023,1353,Recruit,S2,T1
21/03/2023,1354,Recruit,S2,T1
21/03/2023,1355,Recruit,S2,T1
21/03/2023,1356,Adult,S2,T1
21/03/2023,1357,Recruit,S2,T1
21/03/2023,1358,Recruit,S2,T1
21/03/2023,1504,Recruit,S2,T1
21/03/2023,1505,Recruit,S2,T1
21/03/2023,1506,Recruit,S2,T1
21/03/2023,1507,Recruit,S2,T1
21/03/2023,1508,Recruit,S2,T1
21/03/2023,1509,Recruit,S2,T1
21/03/2023,1510,Recruit,S2,T1
21/03/2023,1511,Adult,S2,T1
21/03/2023,1512,Recruit,S2,T1
21/03/2023,1513,Recruit,S2,T1
21/03/2023,1514,Recruit,S2,T1
21/03/2023,1515,Recruit,S2,T1
21/03/2023,1516,Recruit,S2,T1
21/03/2023,1517,Recruit,S2,T1
21/03/2023,1518,Adult,S2,T1
21/03/2023,1519,Recruit,S2,T1
21/03/2023,1520,Recruit,S2,T1
21/03/2023,1521,Recruit,S2,T1
21/03/2023,1541,Recruit,S2,T1
21/03/2023,1542,Recruit,S2,T1
21/03/2023,1543,Recruit,S2,T1
21/03/2023,1544,Recruit,S2,T1
21/03/2023,1545,Recruit,S2,T1
21/03/2023,1546,Recruit,S2,T1
21/03/2023,1547,Recruit,S2,T1
21/03/2023,1548,Recruit,S2,T1
21/03/2023,1549,Recruit,S2,T1
21/03/2023,1550,Recruit,S2,T1
21/03/2023,1551,Recruit,S2,T1
21/03/2023,1552,Recruit,S2,T1
21/03/2023,1557,Recruit,S2,T1
21/03/2023,1558,Recruit,S2,T1
21/03/2023,1559,Recruit,S2,T1
21/03/2023,1560,Recruit,S2,T1
21/03/2023,1561,Recruit,S2,T1
21/03/2023,1562,Recruit,S2,T1
21/03/2023,1563,Recruit,S2,T1
21/03/2023,1564,Recruit,S2,T1
21/03/2023,1565,Adult,S2,T1
21/03/2023,1566,Recruit,S2,T1
21/03/2023,1567,Adult,S2,T1
21/03/2023,1568,Recruit,S2,T1
21/03/2023,1569,Recruit,S2,T1
21/03/2023,1570,Adult,S2,T1
21/03/2023,1571,Adult,S2,T1
21/03/2023,1572,Recruit,S2,T1
21/03/2023,1573,Recruit,S2,T1
21/03/2023,1594,Recruit,S2,T1
21/03/2023,1595,Adult,S2,T1
21/03/2023,1596,Recruit,S2,T1
21/03/2023,1597,Recruit,S2,T1
21/03/2023,1598,Recruit,S2,T1
21/03/2023,1599,Recruit,S2,T1
21/03/2023,1600,Recruit,S2,T1
21/03/2023,1601,Recruit,S2,T1
21/03/2023,1602,Recruit,S2,T1
21/03/2023,1603,Recruit,S2,T1
21/03/2023,1604,Recruit,S2,T1
21/03/2023,1605,Recruit,S2,T1
21/03/2023,1606,Recruit,S2,T1
21/03/2023,1607,Recruit,S2,T1
21/03/2023,1608,Recruit,S2,T1
21/03/2023,1609,Recruit,S2,T1
21/03/2023,1610,Recruit,S2,T1
21/03/2023,1611,Recruit,S2,T1
21/03/2023,1612,Recruit,S2,T1
21/03/2023,1613,Recruit,S2,T1
21/03/2023,1614,Recruit,S2,T1
21/03/2023,1615,Recruit,S2,T1
21/03/2023,1616,Recruit,S2,T1
21/03/2023,1617,Recruit,S2,T1
21/03/2023,1618,Recruit,S2,T1
21/03/2023,1619,Recruit,S2,T1
21/03/2023,1620,Recruit,S2,T1
21/03/2023,1621,Recruit,S2,T1
21/03/2023,1622,Recruit,S2,T1
21/03/2023,1624,Recruit,S2,T1
21/03/2023,1625,Recruit,S2,T1
21/03/2023,1626,Recruit,S2,T1
21/03/2023,1627,Recruit,S2,T1
21/03/2023,1628,Recruit,S2,T1
21/03/2023,1629,Recruit,S2,T1
21/03/2023,1630,Adult,S2,T1
21/03/2023,1631,Adult,S2,T1
21/03/2023,1632,Recruit,S2,T1
21/03/2023,1633,Recruit,S2,T1
21/03/2023,1634,Recruit,S2,T1
21/03/2023,1635,Adult,S2,T1
21/03/2023,1636,Recruit,S2,T1
21/03/2023,1637,Recruit,S2,T1
21/03/2023,1638,Recruit,S2,T1
21/03/2023,1639,Recruit,S2,T1
21/03/2023,1640,Recruit,S2,T1
21/03/2023,1641,Recruit,S2,T1
21/03/2023,1642,Recruit,S2,T1
21/03/2023,1643,Recruit,S2,T1
21/03/2023,1644,Recruit,S2,T1
21/03/2023,1645,Recruit,S2,T1
21/03/2023,1646,Recruit,S2,T1
21/03/2023,1647,Recruit,S2,T1
21/03/2023,1648,Recruit,S2,T1
21/03/2023,1649,Recruit,S2,T1
23/03/2023,1553,Recruit,S2,T2
23/03/2023,1554,Recruit,S2,T2
23/03/2023,1555,Recruit,S2,T2
23/03/2023,1556,Recruit,S2,T2
23/03/2023,1574,Recruit,S2,T2
23/03/2023,1575,Recruit,S2,T2
23/03/2023,1576,Recruit,S2,T2
23/03/2023,1577,Recruit,S2,T2
23/03/2023,1578,Recruit,S2,T2
23/03/2023,1579,Recruit,S2,T2
23/03/2023,1580,Recruit,S2,T2
23/03/2023,1581,Recruit,S2,T2
23/03/2023,1582,Recruit,S2,T2
23/03/2023,1583,Recruit,S2,T2
23/03/2023,1584,Recruit,S2,T2
23/03/2023,1585,Recruit,S2,T2
23/03/2023,1586,Recruit,S2,T2
23/03/2023,1587,Recruit,S2,T2
23/03/2023,1588,Recruit,S2,T2
23/03/2023,1589,Recruit,S2,T2
23/03/2023,1590,Recruit,S2,T2
23/03/2023,1592,Recruit,S2,T2
23/03/2023,1593,Recruit,S2,T2
23/03/2023,1650,Recruit,S2,T2
23/03/2023,1651,Recruit,S2,T2
23/03/2023,1652,Recruit,S2,T2
23/03/2023,1653,Recruit,S2,T2
23/03/2023,1654,Recruit,S2,T2
23/03/2023,1655,Recruit,S2,T2
23/03/2023,1656,Recruit,S2,T2
23/03/2023,1657,Recruit,S2,T2
23/03/2023,1658,Recruit,S2,T2
23/03/2023,1659,Recruit,S2,T2
23/03/2023,1660,Adult,S2,T2
23/03/2023,1661,Recruit,S2,T2
23/03/2023,1662,Recruit,S2,T2
23/03/2023,1663,Recruit,S2,T2
23/03/2023,1664,Recruit,S2,T2
23/03/2023,1665,Recruit,S2,T2
23/03/2023,1666,Recruit,S2,T2
23/03/2023,1667,Recruit,S2,T2
23/03/2023,1668,Recruit,S2,T2
23/03/2023,1669,Recruit,S2,T2
23/03/2023,1670,Recruit,S2,T2
23/03/2023,1671,Recruit,S2,T2
23/03/2023,1672,Recruit,S2,T2
23/03/2023,1673,Recruit,S2,T2
23/03/2023,1674,Recruit,S2,T2
23/03/2023,1675,Recruit,S2,T2
23/03/2023,1676,Recruit,S2,T2
23/03/2023,1678,Recruit,S2,T2
23/03/2023,1679,Recruit,S2,T2
23/03/2023,1680,Recruit,S2,T2
23/03/2023,1681,Recruit,S2,T2
23/03/2023,1682,Recruit,S2,T2
23/03/2023,1683,Recruit,S2,T2
23/03/2023,1684,Recruit,S2,T2
23/03/2023,1685,Recruit,S2,T2
23/03/2023,1686,Recruit,S2,T2
23/03/2023,1689,Recruit,S2,T2
23/03/2023,1690,Recruit,S2,T2
23/03/2023,1691,Recruit,S2,T2
23/03/2023,1692,Recruit,S2,T2
23/03/2023,1693,Recruit,S2,T2
23/03/2023,1694,Recruit,S2,T2
23/03/2023,1711,Recruit,S2,T2
23/03/2023,1712,Recruit,S2,T2
23/03/2023,1713,Recruit,S2,T2
23/03/2023,1714,Recruit,S2,T2
23/03/2023,1715,Recruit,S2,T2
23/03/2023,1716,Recruit,S2,T2
23/03/2023,1717,Recruit,S2,T2
23/03/2023,1718,Adult,S2,T2
23/03/2023,1719,Adult,S2,T2
23/03/2023,1720,Recruit,S2,T2
23/03/2023,1721,Recruit,S2,T2
23/03/2023,1722,Adult,S2,T2
23/03/2023,1723,Recruit,S2,T2
23/03/2023,1724,Recruit,S2,T2
23/03/2023,1725,Recruit,S2,T2
23/03/2023,1726,Recruit,S2,T2
23/03/2023,1727,Recruit,S2,T2
23/03/2023,1728,Recruit,S2,T2
23/03/2023,1729,Recruit,S2,T2
23/03/2023,1730,Recruit,S2,T2
23/03/2023,1731,Recruit,S2,T2
23/03/2023,1732,Recruit,S2,T2
23/03/2023,1733,Recruit,S2,T2
23/03/2023,1734,Recruit,S2,T2
23/03/2023,1735,Recruit,S2,T2
23/03/2023,1736,Recruit,S2,T2
23/03/2023,1737,Recruit,S2,T2
23/03/2023,1738,Recruit,S2,T2
23/03/2023,1739,Recruit,S2,T2
27/03/2023,1690,Recruit,S2,T3
27/03/2023,1695,Recruit,S2,T3
27/03/2023,1697,Recruit,S2,T3
27/03/2023,1698,Adult,S2,T3
27/03/2023,1699,Recruit,S2,T3
27/03/2023,1700,Recruit,S2,T3
27/03/2023,1701,Adult,S2,T3
27/03/2023,1702,Adult,S2,T3
27/03/2023,1703,Adult,S2,T3
27/03/2023,1704,Adult,S2,T3
27/03/2023,1705,Adult,S2,T3
27/03/2023,1706,Recruit,S2,T3
27/03/2023,1707,Adult,S2,T3
27/03/2023,1708,Recruit,S2,T3
27/03/2023,1709,Adult,S2,T3
27/03/2023,1710,Adult,S2,T3
27/03/2023,1738,Recruit,S2,T3
27/03/2023,1740,Recruit,S2,T3
27/03/2023,1741,Recruit,S2,T3
27/03/2023,1742,Adult,S2,T3
27/03/2023,1743,Recruit,S2,T3
27/03/2023,1744,Recruit,S2,T3
27/03/2023,1745,Recruit,S2,T3
27/03/2023,1746,Recruit,S2,T3
27/03/2023,1747,Adult,S2,T3
27/03/2023,1748,Adult,S2,T3
27/03/2023,1749,Recruit,S2,T3
27/03/2023,1750,Recruit,S2,T3
27/03/2023,1751,Adult,S2,T3
27/03/2023,1752,Recruit,S2,T3
27/03/2023,1753,Recruit,S2,T3
27/03/2023,1754,Recruit,S2,T3
27/03/2023,1755,Recruit,S2,T3
27/03/2023,1756,Recruit,S2,T3
27/03/2023,1757,Recruit,S2,T3
27/03/2023,1758,Recruit,S2,T3
27/03/2023,1759,Recruit,S2,T3
27/03/2023,1760,Recruit,S2,T3
27/03/2023,1761,Recruit,S2,T3
27/03/2023,1762,Recruit,S2,T3
27/03/2023,1763,Recruit,S2,T3
27/03/2023,1764,Recruit,S2,T3
27/03/2023,1765,Recruit,S2,T3
27/03/2023,1766,Recruit,S2,T3
27/03/2023,1767,Recruit,S2,T3
27/03/2023,1768,Recruit,S2,T3
27/03/2023,1769,Recruit,S2,T3
27/03/2023,1770,Recruit,S2,T3
27/03/2023,1771,Recruit,S2,T3
27/03/2023,1772,Recruit,S2,T3
27/03/2023,1773,Adult,S2,T3
27/03/2023,1774,Adult,S2,T3
27/03/2023,1775,Adult,S2,T3
27/03/2023,1776,Recruit,S2,T3
27/03/2023,1777,Recruit,S2,T3
27/03/2023,1778,Adult,S2,T3
27/03/2023,1795,Recruit,S2,T3
27/03/2023,1796,Recruit,S2,T3
27/03/2023,1797,Recruit,S2,T3
27/03/2023,1798,Recruit,S2,T3
27/03/2023,1799,Recruit,S2,T3
27/03/2023,1800,Recruit,S2,T3
27/03/2023,1801,Recruit,S2,T3
27/03/2023,1802,Recruit,S2,T3
27/03/2023,1803,Recruit,S2,T3
27/03/2023,1804,Recruit,S2,T3
27/03/2023,1805,Recruit,S2,T3
27/03/2023,1806,Recruit,S2,T3
27/03/2023,1807,Recruit,S2,T3
27/03/2023,1808,Adult,S2,T3
27/03/2023,1809,Recruit,S2,T3
27/03/2023,1810,Recruit,S2,T3
27/03/2023,1811,Recruit,S2,T3
27/03/2023,1812,Recruit,S2,T3
27/03/2023,1813,Adult,S2,T3
27/03/2023,1814,Recruit,S2,T3
27/03/2023,1815,Adult,S2,T3
27/03/2023,1816,Recruit,S2,T3
27/03/2023,1817,Recruit,S2,T3
27/03/2023,1818,Recruit,S2,T3
27/03/2023,1819,Recruit,S2,T3
27/03/2023,1820,Recruit,S2,T3
27/03/2023,1821,Recruit,S2,T3
27/03/2023,1822,Recruit,S2,T3
27/03/2023,1823,Recruit,S2,T3
27/03/2023,1824,Recruit,S2,T3
27/03/2023,1825,Recruit,S2,T3
27/03/2023,1826,Recruit,S2,T3
27/03/2023,1827,Recruit,S2,T3
27/03/2023,1828,Recruit,S2,T3
27/03/2023,1829,Recruit,S2,T3
27/03/2023,1830,Recruit,S2,T3
27/03/2023,1831,Recruit,S2,T3
27/03/2023,1832,Recruit,S2,T3
27/03/2023,1833,Adult,S2,T3
27/03/2023,1834,Recruit,S2,T3
27/03/2023,1835,Recruit,S2,T3
27/03/2023,1836,Recruit,S2,T3
27/03/2023,1837,Adult,S2,T3
27/03/2023,1838,NA,S2,T3
27/03/2023,1839,Recruit,S2,T3
28/03/2023,1779,Recruit,S2,T4
28/03/2023,1780,Recruit,S2,T4
28/03/2023,1781,Recruit,S2,T4
28/03/2023,1782,Recruit,S2,T4
28/03/2023,1783,Adult,S2,T4
28/03/2023,1784,Recruit,S2,T4
28/03/2023,1785,Recruit,S2,T4
28/03/2023,1786,Recruit,S2,T4
28/03/2023,1787,Recruit,S2,T4
28/03/2023,1788,Recruit,S2,T4
28/03/2023,1789,Recruit,S2,T4
28/03/2023,1790,Recruit,S2,T4
28/03/2023,1791,Recruit,S2,T4
28/03/2023,1792,Recruit,S2,T4
28/03/2023,1793,Recruit,S2,T4
28/03/2023,1794,Recruit,S2,T4
28/03/2023,1840,Recruit,S2,T4
28/03/2023,1841,Recruit,S2,T4
28/03/2023,1842,Recruit,S2,T4
28/03/2023,1843,Recruit,S2,T4
28/03/2023,1844,Recruit,S2,T4
28/03/2023,1845,Recruit,S2,T4
28/03/2023,1846,Adult,S2,T4
28/03/2023,1847,Recruit,S2,T4
28/03/2023,1848,Adult,S2,T4
28/03/2023,1849,Recruit,S2,T4
28/03/2023,1850,Recruit,S2,T4
28/03/2023,1851,Recruit,S2,T4
28/03/2023,1852,Recruit,S2,T4
28/03/2023,1853,Adult,S2,T4
28/03/2023,1854,Recruit,S2,T4
28/03/2023,1855,Adult,S2,T4
28/03/2023,1856,Recruit,S2,T4
28/03/2023,1857,Recruit,S2,T4
28/03/2023,1858,Recruit,S2,T4
28/03/2023,1859,Recruit,S2,T4
28/03/2023,1860,Recruit,S2,T4
28/03/2023,1861,Recruit,S2,T4
28/03/2023,1862,Recruit,S2,T4
28/03/2023,1863,Recruit,S2,T4
28/03/2023,1864,Recruit,S2,T4
28/03/2023,1864,Recruit,S2,T4
28/03/2023,1865,Adult,S2,T4
28/03/2023,1866,Recruit,S2,T4
28/03/2023,1867,Adult,S2,T4
28/03/2023,1868,Recruit,S2,T4
28/03/2023,1869,Recruit,S2,T4
28/03/2023,1870,Recruit,S2,T4
28/03/2023,1871,Recruit,S2,T4
28/03/2023,1872,Recruit,S2,T4
28/03/2023,1873,Recruit,S2,T4
28/03/2023,1874,Recruit,S2,T4
28/03/2023,1875,Recruit,S2,T4
28/03/2023,1876,Recruit,S2,T4
28/03/2023,1877,Recruit,S2,T4
28/03/2023,1878,Recruit,S2,T4
28/03/2023,1879,Recruit,S2,T4
28/03/2023,1880,Recruit,S2,T4
28/03/2023,1881,Recruit,S2,T4
28/03/2023,1882,Recruit,S2,T4
28/03/2023,1883,Recruit,S2,T4
28/03/2023,1884,Recruit,S2,T4
28/03/2023,1885,Recruit,S2,T4
28/03/2023,1886,Recruit,S2,T4
28/03/2023,1887,Recruit,S2,T4
28/03/2023,1888,Recruit,S2,T4
28/03/2023,1889,Adult,S2,T4
28/03/2023,1890,Recruit,S2,T4
28/03/2023,1891,Recruit,S2,T4
28/03/2023,1938,Recruit,S2,T4
28/03/2023,1939,Recruit,S2,T4
28/03/2023,1940,Recruit,S2,T4
28/03/2023,1941,Recruit,S2,T4
28/03/2023,1942,Recruit,S2,T4
28/03/2023,1943,Recruit,S2,T4
28/03/2023,1944,Recruit,S2,T4
28/03/2023,1945,Recruit,S2,T4
28/03/2023,1946,Recruit,S2,T4
28/03/2023,1947,Recruit,S2,T4
28/03/2023,1948,Adult,S2,T4
28/03/2023,1949,Adult,S2,T4
28/03/2023,1950,Recruit,S2,T4
28/03/2023,1951,Recruit,S2,T4
28/03/2023,1952,Recruit,S2,T4
28/03/2023,1953,Recruit,S2,T4
28/03/2023,1954,Recruit,S2,T4
28/03/2023,1955,Recruit,S2,T4
28/03/2023,1956,Recruit,S2,T4
28/03/2023,1957,Recruit,S2,T4
28/03/2023,1958,Recruit,S2,T4
31/03/2023,1892,Adult,S2,T5
31/03/2023,1893,Recruit,S2,T5
31/03/2023,1894,Recruit,S2,T5
31/03/2023,1895,Recruit,S2,T5
31/03/2023,1896,Recruit,S2,T5
31/03/2023,1897,Recruit,S2,T5
31/03/2023,1898,Adult,S2,T5
31/03/2023,1899,Recruit,S2,T5
31/03/2023,1900,Recruit,S2,T5
31/03/2023,1901,Recruit,S2,T5
31/03/2023,1902,Recruit,S2,T5
31/03/2023,1903,Recruit,S2,T5
31/03/2023,1904,Recruit,S2,T5
31/03/2023,1905,Recruit,S2,T5
31/03/2023,1906,Recruit,S2,T5
31/03/2023,1907,Recruit,S2,T5
31/03/2023,1908,Recruit,S2,T5
31/03/2023,1909,Adult,S2,T5
31/03/2023,1910,Recruit,S2,T5
31/03/2023,1911,Recruit,S2,T5
31/03/2023,1912,Recruit,S2,T5
31/03/2023,1913,Recruit,S2,T5
31/03/2023,1914,Recruit,S2,T5
31/03/2023,1915,Recruit,S2,T5
31/03/2023,1916,Recruit,S2,T5
31/03/2023,1917,Recruit,S2,T5
31/03/2023,1918,Recruit,S2,T5
31/03/2023,1919,Recruit,S2,T5
31/03/2023,1920,Recruit,S2,T5
31/03/2023,1921,Recruit,S2,T5
31/03/2023,1922,Recruit,S2,T5
31/03/2023,1923,Recruit,S2,T5
31/03/2023,1924,Recruit,S2,T5
31/03/2023,1925,Recruit,S2,T5
31/03/2023,1926,Recruit,S2,T5
31/03/2023,1927,Recruit,S2,T5
31/03/2023,1928,Recruit,S2,T5
31/03/2023,1929,Recruit,S2,T5
31/03/2023,1930,Recruit,S2,T5
31/03/2023,1931,Recruit,S2,T5
31/03/2023,1932,Recruit,S2,T5
31/03/2023,1933,Recruit,S2,T5
31/03/2023,1934,Recruit,S2,T5
31/03/2023,1935,Recruit,S2,T5
31/03/2023,1936,Recruit,S2,T5
31/03/2023,1937,Recruit,S2,T5
31/03/2023,1959,Recruit,S2,T5
31/03/2023,1960,Recruit,S2,T5
31/03/2023,1961,Adult,S2,T5
31/03/2023,1962,Adult,S2,T5
31/03/2023,1963,Recruit,S2,T5
31/03/2023,1964,Recruit,S2,T5
31/03/2023,1965,Adult,S2,T5
31/03/2023,1966,Recruit,S2,T5
31/03/2023,1967,Adult,S2,T5
31/03/2023,1968,Recruit,S2,T5
31/03/2023,1969,Recruit,S2,T5
31/03/2023,1970,Recruit,S2,T5
31/03/2023,1971,Recruit,S2,T5
31/03/2023,1972,Recruit,S2,T5
31/03/2023,1973,Recruit,S2,T5
31/03/2023,1974,Recruit,S2,T5
31/03/2023,1975,Recruit,S2,T5
31/03/2023,1976,Recruit,S2,T5
31/03/2023,1977,Adult,S2,T5
31/03/2023,1978,Adult,S2,T5
31/03/2023,1979,Recruit,S2,T5
31/03/2023,1980,Recruit,S2,T5
31/03/2023,1981,Recruit,S2,T5
31/03/2023,1982,Recruit,S2,T5
31/03/2023,1983,Recruit,S2,T5
31/03/2023,1984,Recruit,S2,T5
31/03/2023,1985,Adult,S2,T5
31/03/2023,1986,Adult,S2,T5
31/03/2023,1987,Recruit,S2,T5
31/03/2023,1988,Recruit,S2,T5
31/03/2023,1989,Adult,S2,T5
31/03/2023,1990,Recruit,S2,T5
31/03/2023,1991,Recruit,S2,T5
31/03/2023,1992,Recruit,S2,T5
31/03/2023,1993,Recruit,S2,T5
31/03/2023,1994,Recruit,S2,T5
31/03/2023,1995,Adult,S2,T5
31/03/2023,1996,Recruit,S2,T5
31/03/2023,1997,Recruit,S2,T5
31/03/2023,1998,Recruit,S2,T5
31/03/2023,1999,Recruit,S2,T5
31/03/2023,2000,Recruit,S2,T5
31/03/2023,2001,Recruit,S2,T5
31/03/2023,2002,Recruit,S2,T5
31/03/2023,2003,Recruit,S2,T5
31/03/2023,2004,Recruit,S2,T5
31/03/2023,2005,Recruit,S2,T5
31/03/2023,2006,Recruit,S2,T5
31/03/2023,2007,Recruit,S2,T5
31/03/2023,2008,Recruit,S2,T5
31/03/2023,2009,Recruit,S2,T5
31/03/2023,2010,Recruit,S2,T5
31/03/2023,2011,Recruit,S2,T5
31/03/2023,2012,Recruit,S2,T5
31/03/2023,2013,Recruit,S2,T5
31/03/2023,2014,Recruit,S2,T5
31/03/2023,2015,Recruit,S2,T5
31/03/2023,2016,Recruit,S2,T5
31/03/2023,2017,Recruit,S2,T5
31/03/2023,2018,Recruit,S2,T5
31/03/2023,2019,Recruit,S2,T5
31/03/2023,2020,Recruit,S2,T5
31/03/2023,2021,Recruit,S2,T5
31/03/2023,2022,Recruit,S2,T5
31/03/2023,2023,Recruit,S2,T5
31/03/2023,2024,Recruit,S2,T5
31/03/2023,2025,Recruit,S2,T5
31/03/2023,2026,Recruit,S2,T5
31/03/2023,2085,Recruit,S2,T5
31/03/2023,2086,Recruit,S2,T5
31/03/2023,2087,Recruit,S2,T5
31/03/2023,2088,Recruit,S2,T5
31/03/2023,2089,Recruit,S2,T5
31/03/2023,2090,Recruit,S2,T5
31/03/2023,2091,Recruit,S2,T5
31/03/2023,2092,Recruit,S2,T5
31/03/2023,2093,Recruit,S2,T5
31/03/2023,2094,Recruit,S2,T5
31/03/2023,2095,Recruit,S2,T5
31/03/2023,2096,Recruit,S2,T5
31/03/2023,2097,Recruit,S2,T5
31/03/2023,2098,Recruit,S2,T5
31/03/2023,2099,Recruit,S2,T5
18/07/2023,2027,Adult,S2,T6
18/07/2023,2028,Recruit,S2,T6
18/07/2023,2029,Recruit,S2,T6
18/07/2023,2029,Recruit,S2,T6
18/07/2023,2030,NA,S2,T6
18/07/2023,2031,Adult,S2,T6
18/07/2023,2032,Recruit,S2,T6
18/07/2023,2033,Recruit,S2,T6
18/07/2023,2034,Recruit,S2,T6
18/07/2023,2035,Recruit,S2,T6
18/07/2023,2036,Adult,S2,T6
18/07/2023,2037,Recruit,S2,T6
18/07/2023,2038,Recruit,S2,T6
18/07/2023,2039,Recruit,S2,T6
18/07/2023,2039,Recruit,S2,T6
18/07/2023,2040,Recruit,S2,T6
18/07/2023,2041,Recruit,S2,T6
18/07/2023,2042,Recruit,S2,T6
18/07/2023,2043,Recruit,S2,T6
18/07/2023,2044,Adult,S2,T6
18/07/2023,2045,Recruit,S2,T6
18/07/2023,2053,Recruit,S2,T6
18/07/2023,2171,Recruit,S2,T6
18/07/2023,2172,Recruit,S2,T6
18/07/2023,2173,Recruit,S2,T6
18/07/2023,2174,Recruit,S2,T6
18/07/2023,2175,Recruit,S2,T6
18/07/2023,2226,Recruit,S2,T6
18/07/2023,2229,Adult,S2,T6
18/07/2023,2230,Recruit,S2,T6
18/07/2023,2231,Recruit,S2,T6
18/07/2023,2232,Recruit,S2,T6
18/07/2023,2233,Recruit,S2,T6
18/07/2023,2234,Recruit,S2,T6
18/07/2023,2235,Recruit,S2,T6
18/07/2023,2236,Recruit,S2,T6
18/07/2023,2238,Recruit,S2,T6
18/07/2023,2239,Recruit,S2,T6
4/2/23,653,Adult,S3,T1
4/2/23,658,Recruit,S3,T1
4/2/23,659,Adult,S3,T1
4/2/23,660,Recruit,S3,T1
4/2/23,661,Adult,S3,T1
4/2/23,662,Adult,S3,T1
4/2/23,663,Recruit,S3,T1
4/2/23,664,Adult,S3,T1
4/2/23,665,Recruit,S3,T1
4/2/23,666,Recruit,S3,T1
4/2/23,667,Recruit,S3,T1
4/2/23,668,Recruit,S3,T1
4/2/23,669,Adult,S3,T1
4/2/23,670,Recruit,S3,T1
4/2/23,671,Recruit,S3,T1
4/2/23,672,Recruit,S3,T1
4/2/23,676,Adult,S3,T1
4/2/23,677,Recruit,S3,T1
4/2/23,678,Recruit,S3,T1
4/2/23,679,Adult,S3,T1
4/2/23,680,Recruit,S3,T1
4/2/23,681,Adult,S3,T1
4/2/23,682,Adult,S3,T1
4/2/23,683,Recruit,S3,T1
4/2/23,684,Adult,S3,T1
4/2/23,685,Recruit,S3,T1
4/2/23,686,Recruit,S3,T1
4/2/23,687,Adult,S3,T1
4/2/23,688,Adult,S3,T1
4/2/23,689,Adult,S3,T1
4/2/23,702,Recruit,S3,T1
4/2/23,703,Adult,S3,T1
4/2/23,721,Recruit,S3,T1
4/2/23,722,Adult,S3,T1
4/2/23,723,Recruit,S3,T1
4/2/23,724,Adult,S3,T1
4/2/23,725,Recruit,S3,T1
4/2/23,726,Adult,S3,T1
4/2/23,727,Adult,S3,T1
4/2/23,728,Recruit,S3,T1
4/2/23,738,Recruit,S3,T1
4/2/23,690,Recruit,S3,T2
4/2/23,696,Adult,S3,T2
4/2/23,700,Recruit,S3,T2
4/2/23,701,Recruit,S3,T2
4/2/23,705,Recruit,S3,T2
4/2/23,706,Recruit,S3,T2
4/2/23,707,Recruit,S3,T2
4/2/23,708,Recruit,S3,T2
4/2/23,709,Recruit,S3,T2
4/2/23,712,Adult,S3,T2
4/2/23,716,Recruit,S3,T2
4/2/23,731,Adult,S3,T2
4/2/23,734,Recruit,S3,T2
4/2/23,735,Recruit,S3,T2
4/2/23,736,Recruit,S3,T2
4/2/23,737,Recruit,S3,T2
4/2/23,691,Recruit,S3,T3
4/2/23,692,Recruit,S3,T3
4/2/23,693,Recruit,S3,T3
4/2/23,694,Adult,S3,T3
4/2/23,695,Adult,S3,T3
4/2/23,697,Recruit,S3,T3
4/2/23,699,Adult,S3,T3
4/2/23,704,Recruit,S3,T3
4/2/23,710,Adult,S3,T3
4/2/23,711,Recruit,S3,T3
4/2/23,713,Recruit,S3,T3
4/2/23,714,Adult,S3,T3
4/2/23,715,Adult,S3,T3
4/2/23,717,Recruit,S3,T3
4/2/23,718,Recruit,S3,T3
4/2/23,719,Recruit,S3,T3
4/2/23,720,Recruit,S3,T3
4/2/23,729,Adult,S3,T3
4/2/23,730,Recruit,S3,T3
4/2/23,732,Recruit,S3,T3
4/2/23,733,Adult,S3,T3
4/2/23,739,Recruit,S3,T3
4/2/23,750,Recruit,S3,T3
4/2/23,869,Recruit,S3,T3
4/2/23,906,Recruit,S3,T3
5/2/23,620,Recruit,S3,T4
5/2/23,621,Adult,S3,T4
5/2/23,622,Adult,S3,T4
5/2/23,623,Recruit,S3,T4
5/2/23,624,Recruit,S3,T4
5/2/23,625,Adult,S3,T4
5/2/23,832,Adult,S3,T4
5/2/23,843,Adult,S3,T4
5/2/23,844,Recruit,S3,T4
5/2/23,845,Recruit,S3,T4
5/2/23,846,Recruit,S3,T4
5/2/23,847,Adult,S3,T4
5/2/23,848,Recruit,S3,T4
5/2/23,849,Adult,S3,T4
5/2/23,850,Adult,S3,T4
5/2/23,851,Adult,S3,T4
5/2/23,852,Recruit,S3,T4
5/2/23,853,Recruit,S3,T4
5/2/23,854,Recruit,S3,T4
5/2/23,855,Recruit,S3,T4
5/2/23,856,Recruit,S3,T4
5/2/23,857,Recruit,S3,T4
5/2/23,858,Recruit,S3,T4
5/2/23,859,Recruit,S3,T4
5/2/23,860,Recruit,S3,T4
5/2/23,861,Adult,S3,T4
5/2/23,862,Recruit,S3,T4
5/2/23,863,Adult,S3,T4
5/2/23,864,Adult,S3,T4
5/2/23,865,Adult,S3,T4
5/2/23,866,Recruit,S3,T4
5/2/23,867,Recruit,S3,T4
5/2/23,868,Recruit,S3,T4
5/2/23,837,Adult,S3,T5
5/2/23,839,Adult,S3,T5
5/2/23,840,Adult,S3,T5
5/2/23,841,Adult,S3,T5
5/2/23,842,Adult,S3,T5
5/2/23,894,Recruit,S3,T5
5/2/23,903,Recruit,S3,T5
5/2/23,904,Recruit,S3,T5
5/2/23,905,Recruit,S3,T5
5/2/23,799,Recruit,S3,T6
5/2/23,800,Adult,S3,T6
5/2/23,801,Recruit,S3,T6
5/2/23,802,Recruit,S3,T6
5/2/23,900,Recruit,S3,T6
5/2/23,901,Adult,S3,T6
5/10/22,410,Adult,S4,T1
5/10/22,411,Adult,S4,T1
5/10/22,412,Adult,S4,T1
5/10/22,413,Adult,S4,T1
5/10/22,414,Adult,S4,T1
5/10/22,415,Adult,S4,T1
5/10/22,416,Recruit,S4,T1
5/10/22,417,Recruit,S4,T1
5/10/22,418,Recruit,S4,T1
5/10/22,419,Recruit,S4,T1
5/10/22,420,Recruit,S4,T1
5/10/22,421,Recruit,S4,T1
5/10/22,422,Recruit,S4,T1
5/10/22,423,Recruit,S4,T1
5/10/22,424,Adult,S4,T1
5/10/22,425,Adult,S4,T1
5/10/22,426,Adult,S4,T1
5/10/22,427,Adult,S4,T1
5/10/22,428,Adult,S4,T1
5/10/22,429,Recruit,S4,T1
5/10/22,430,Recruit,S4,T1
5/10/22,431,Recruit,S4,T1
5/10/22,432,Adult,S4,T1
5/10/22,433,Adult,S4,T1
5/10/22,434,Adult,S4,T1
5/10/22,435,Adult,S4,T1
5/10/22,436,Adult,S4,T1
5/10/22,437,Adult,S4,T1
5/10/22,438,Adult,S4,T1
5/10/22,439,Adult,S4,T1
5/10/22,440,Adult,S4,T1
5/10/22,441,Adult,S4,T1
5/10/22,442,Adult,S4,T1
5/10/22,443,Adult,S4,T1
5/10/22,448,Adult,S4,T1
5/10/22,450,Adult,S4,T1
5/10/22,430_BIS,NA,S4,T1
5/10/22,444,Adult,S4,T2
5/10/22,445,Recruit,S4,T2
5/10/22,446,Adult,S4,T2
5/10/22,447,Adult,S4,T2
5/10/22,449,NA,S4,T2
5/10/22,451,Recruit,S4,T2
5/10/22,452,Recruit,S4,T2
5/10/22,453,Adult,S4,T2
5/10/22,454,Recruit,S4,T2
5/10/22,456,Adult,S4,T2
5/10/22,457,Adult,S4,T2
5/10/22,458,Adult,S4,T2
5/10/22,459,Recruit,S4,T2
5/10/22,460,Adult,S4,T2
5/10/22,461,Adult,S4,T2
5/10/22,462,Recruit,S4,T2
5/10/22,463,Adult,S4,T2
5/10/22,464,Adult,S4,T2
5/10/22,465,Adult,S4,T2
5/10/22,466,Adult,S4,T2
5/10/22,467,Adult,S4,T2
5/10/22,468,Adult,S4,T2
5/10/22,469,Recruit,S4,T2
5/10/22,470,Recruit,S4,T2
5/10/22,471,Adult,S4,T2
5/10/22,490,Adult,S4,T2
5/10/22,419,Adult,S4,T3
5/10/22,455,Adult,S4,T3
5/10/22,472,Adult,S4,T3
5/10/22,473,Adult,S4,T3
5/10/22,474,Adult,S4,T3
5/10/22,475,Adult,S4,T3
5/10/22,476,Adult,S4,T3
5/10/22,477,Adult,S4,T3
5/10/22,478,Adult,S4,T3
5/10/22,479,Adult,S4,T3
5/10/22,480,Adult,S4,T3
5/10/22,481,Adult,S4,T3
5/10/22,482,Adult,S4,T3
5/10/22,483,Adult,S4,T3
5/10/22,484,Adult,S4,T3
5/10/22,485,Adult,S4,T3
5/10/22,486,Adult,S4,T3
5/10/22,487,Adult,S4,T3
5/10/22,488,Adult,S4,T3
5/10/22,489,Adult,S4,T3
5/10/22,507,Recruit,S4,T3
5/10/22,509,Adult,S4,T3
5/10/22,510,Recruit,S4,T3
5/10/22,515,Adult,S4,T3
5/10/22,518,NA,S4,T3
5/10/22,519,Recruit,S4,T3
5/10/22,528,Recruit,S4,T3
5/10/22,529,Adult,S4,T3
5/10/22,539,Recruit,S4,T3
5/10/22,619,NA,S4,T3
5/10/22,620,Recruit,S4,T3
6/10/22,491,Recruit,S4,T4
6/10/22,492,Recruit,S4,T4
6/10/22,494,Recruit,S4,T4
6/10/22,495,Recruit,S4,T4
6/10/22,496,Recruit,S4,T4
6/10/22,497,Recruit,S4,T4
6/10/22,498,Recruit,S4,T4
6/10/22,499,Recruit,S4,T4
6/10/22,500,Recruit,S4,T4
6/10/22,501,Recruit,S4,T4
6/10/22,502,Recruit,S4,T4
6/10/22,503,Recruit,S4,T4
6/10/22,504,Recruit,S4,T4
6/10/22,506,Recruit,S4,T4
6/10/22,508,Adult,S4,T4
6/10/22,514,Adult,S4,T4
6/10/22,516,Recruit,S4,T4
6/10/22,517,Recruit,S4,T4
6/10/22,558,Recruit,S4,T4
6/10/22,593,Recruit,S4,T4
6/10/22,493,Recruit,S4,T5
6/10/22,505,Adult,S4,T5
6/10/22,511,Recruit,S4,T5
6/10/22,512,Recruit,S4,T5
6/10/22,513,Adult,S4,T5
6/10/22,530,Recruit,S4,T5
6/10/22,531,Recruit,S4,T5
6/10/22,532,Recruit,S4,T5
6/10/22,553,Recruit,S4,T5
6/10/22,555,Recruit,S4,T5
6/10/22,585,Adult,S4,T5
6/10/22,586,Recruit,S4,T5
6/10/22,587,Adult,S4,T5
6/10/22,588,Recruit,S4,T5
6/10/22,589,Recruit,S4,T5
6/10/22,590,Recruit,S4,T5
6/10/22,591,Recruit,S4,T5
6/10/22,594,Recruit,S4,T5
6/10/22,626,Recruit,S4,T5
6/10/22,627,Recruit,S4,T5
6/10/22,628,Recruit,S4,T5
6/10/22,629,Recruit,S4,T5
6/10/22,630,Adult,S4,T5
6/10/22,631,Adult,S4,T5
6/10/22,632,Adult,S4,T5
6/10/22,633,Recruit,S4,T5
6/10/22,634,Adult,S4,T5
6/10/22,635,Adult,S4,T5
6/10/22,636,Adult,S4,T5
6/10/22,637,Adult,S4,T5
6/10/22,638,Recruit,S4,T5
6/10/22,639,Adult,S4,T5
6/10/22,640,Adult,S4,T5
6/10/22,641,Recruit,S4,T5
6/10/22,642,Recruit,S4,T5
6/10/22,643,Adult,S4,T5
6/10/22,644,Recruit,S4,T5
6/10/22,645,Adult,S4,T5
6/10/22,646,Recruit,S4,T5
6/10/22,647,Adult,S4,T5
6/10/22,648,Adult,S4,T5
6/10/22,649,Adult,S4,T5
6/10/22,650,Adult,S4,T5
6/10/22,527,NA,S4,T6
6/10/22,528,NA,S4,T6
6/10/22,533,Recruit,S4,T6
6/10/22,534,Adult,S4,T6
6/10/22,535,Adult,S4,T6
6/10/22,536,Adult,S4,T6
6/10/22,537,Recruit,S4,T6
6/10/22,538,Recruit,S4,T6
6/10/22,540,Adult,S4,T6
6/10/22,541,Adult,S4,T6
6/10/22,542,Adult,S4,T6
6/10/22,543,NA,S4,T6
6/10/22,545,Adult,S4,T6
6/10/22,546,Recruit,S4,T6
6/10/22,548,Recruit,S4,T6
6/10/22,549,Adult,S4,T6
6/10/22,550,Adult,S4,T6
6/10/22,551,Recruit,S4,T6
6/10/22,552,Recruit,S4,T6
6/10/22,554,Adult,S4,T6
6/10/22,556,Recruit,S4,T6
6/10/22,557,Recruit,S4,T6
6/10/22,562,NA,S4,T6
6/10/22,573,Adult,S4,T6
6/10/22,575,Adult,S4,T6
6/10/22,592,Recruit,S4,T6
6/10/22,595,Recruit,S4,T6
6/10/22,596,Recruit,S4,T6
6/10/22,597,Recruit,S4,T6
6/10/22,598,,S4,T6
6/10/22,599,Adult,S4,T6
6/10/22,600,Adult,S4,T6
6/10/22,601,Adult,S4,T6
6/10/22,602,Adult,S4,T6
6/10/22,603,Adult,S4,T6
6/10/22,604,Adult,S4,T6
6/10/22,605,Adult,S4,T6
6/10/22,606,Recruit,S4,T6
6/10/22,607,Recruit,S4,T6
6/10/22,608,Adult,S4,T6
6/10/22,609,Adult,S4,T6
6/10/22,610,Adult,S4,T6
6/10/22,611,Adult,S4,T6
6/10/22,612,Recruit,S4,T6
6/10/22,613,NA,S4,T6
6/10/22,614,NA,S4,T6
6/10/22,615,NA,S4,T6
6/10/22,616,Adult,S4,T6
6/10/22,617,NA,S4,T6
6/10/22,618,Recruit,S4,T6
6/10/22,652,Adult,S4,T6
6/10/22,675,NA,S4,T6
6/10/22,698,Adult,S4,T6
7/10/22,563,NA,S4,T7
7/10/22,576,NA,S4,T7
7/10/22,654,NA,S4,T7
7/10/22,655,NA,S4,T7
7/10/22,656,NA,S4,T7
7/10/22,657,NA,S4,T7
7/10/22,674,NA,S4,T7
7/2/23,740,Recruit,S5,T1
7/2/23,741,Recruit,S5,T1
7/2/23,742,Recruit,S5,T1
7/2/23,743,Recruit,S5,T1
7/2/23,744,Recruit,S5,T1
7/2/23,745,Adult,S5,T1
7/2/23,746,Recruit,S5,T1
7/2/23,747,Adult,S5,T1
7/2/23,748,Recruit,S5,T1
7/2/23,749,Adult,S5,T1
7/2/23,751,Recruit,S5,T1
7/2/23,752,Recruit,S5,T1
7/2/23,753,Recruit,S5,T1
7/2/23,754,Recruit,S5,T1
7/2/23,755,Recruit,S5,T1
7/2/23,756,Adult,S5,T1
7/2/23,757,Adult,S5,T1
7/2/23,758,Recruit,S5,T1
7/2/23,759,Adult,S5,T1
7/2/23,760,Recruit,S5,T1
7/2/23,761,Recruit,S5,T1
7/2/23,762,Recruit,S5,T1
7/2/23,763,Recruit,S5,T1
7/2/23,764,Recruit,S5,T1
7/2/23,765,Recruit,S5,T1
7/2/23,766,Recruit,S5,T1
7/2/23,767,Recruit,S5,T1
7/2/23,768,Adult,S5,T1
7/2/23,779,Recruit,S5,T1
7/2/23,780,Recruit,S5,T1
7/2/23,781,Adult,S5,T1
7/2/23,782,Recruit,S5,T1
7/2/23,783,Adult,S5,T1
7/2/23,784,Recruit,S5,T1
7/2/23,785,Recruit,S5,T1
7/2/23,786,Recruit,S5,T1
7/2/23,787,Adult,S5,T1
7/2/23,788,Recruit,S5,T1
7/2/23,789,Adult,S5,T1
7/2/23,790,Recruit,S5,T1
7/2/23,791,Recruit,S5,T1
7/2/23,792,Adult,S5,T1
7/2/23,793,Recruit,S5,T1
7/2/23,794,Recruit,S5,T1
7/2/23,795,Recruit,S5,T1
7/2/23,796,Recruit,S5,T1
7/2/23,797,Adult,S5,T1
7/2/23,798,Adult,S5,T1
7/2/23,803,Recruit,S5,T1
7/2/23,804,Recruit,S5,T1
7/2/23,805,Recruit,S5,T1
7/2/23,806,Adult,S5,T1
7/2/23,807,Recruit,S5,T1
7/2/23,808,Recruit,S5,T1
7/2/23,809,Recruit,S5,T1
7/2/23,810,Recruit,S5,T1
7/2/23,811,Recruit,S5,T1
7/2/23,812,Recruit,S5,T1
7/2/23,813,Recruit,S5,T1
7/2/23,814,Adult,S5,T1
7/2/23,815,Recruit,S5,T1
7/2/23,816,Recruit,S5,T1
7/2/23,817,Recruit,S5,T1
7/2/23,818,Adult,S5,T1
7/2/23,819,Recruit,S5,T1
7/2/23,820,Recruit,S5,T1
7/2/23,821,Recruit,S5,T1
7/2/23,822,Adult,S5,T1
7/2/23,823,Recruit,S5,T1
7/2/23,824,Recruit,S5,T1
7/2/23,825,Adult,S5,T1
7/2/23,826,Recruit,S5,T1
7/2/23,827,Recruit,S5,T1
7/2/23,828,Adult,S5,T1
7/2/23,829,Adult,S5,T1
7/2/23,830,Adult,S5,T1
7/2/23,831,Recruit,S5,T1
7/2/23,833,Recruit,S5,T1
7/2/23,834,Recruit,S5,T1
7/2/23,835,Recruit,S5,T1
7/2/23,836,Recruit,S5,T1
7/2/23,838,Recruit,S5,T1
7/2/23,870,Recruit,S5,T1
7/2/23,871,Adult,S5,T1
7/2/23,872,Adult,S5,T1
7/2/23,873,Recruit,S5,T1
7/2/23,874,Recruit,S5,T1
7/2/23,875,Recruit,S5,T1
7/2/23,876,Recruit,S5,T1
7/2/23,877,Recruit,S5,T1
7/2/23,877,Recruit,S5,T1
7/2/23,878,Recruit,S5,T1
7/2/23,879,Recruit,S5,T1
7/2/23,880,Recruit,S5,T1
7/2/23,881,Recruit,S5,T1
7/2/23,882,Recruit,S5,T1
7/2/23,883,Adult,S5,T1
7/2/23,884,Recruit,S5,T1
7/2/23,885,Recruit,S5,T1
7/2/23,886,NA,S5,T1
7/2/23,887,Recruit,S5,T1
7/2/23,888,NA,S5,T1
7/2/23,889,Recruit,S5,T1
7/2/23,890,Recruit,S5,T1
7/2/23,891,Adult,S5,T1
7/2/23,892,Recruit,S5,T1
7/2/23,893,Adult,S5,T1
7/2/23,895,Recruit,S5,T1
7/2/23,896,Recruit,S5,T1
7/2/23,897,Recruit,S5,T1
7/2/23,898,Recruit,S5,T1
7/2/23,899,Recruit,S5,T1
7/2/23,902,Adult,S5,T1
7/2/23,909,Recruit,S5,T1
7/2/23,910,Recruit,S5,T1
7/2/23,916,Recruit,S5,T1
7/2/23,918,Recruit,S5,T1
7/2/23,920,Recruit,S5,T1
7/2/23,921,Recruit,S5,T1
7/2/23,922,Recruit,S5,T1
7/2/23,923,Recruit,S5,T1
7/2/23,924,Recruit,S5,T1
7/2/23,925,Recruit,S5,T1
7/2/23,926,Recruit,S5,T1
7/2/23,927,Recruit,S5,T1
7/2/23,928,Adult,S5,T1
12/2/23,907,Recruit,S5,T2
12/2/23,908,Recruit,S5,T2
12/2/23,911,Recruit,S5,T2
12/2/23,912,Recruit,S5,T2
12/2/23,913,Recruit,S5,T2
12/2/23,914,Recruit,S5,T2
12/2/23,915,Adult,S5,T2
12/2/23,917,Recruit,S5,T2
12/2/23,919,Recruit,S5,T2
12/2/23,935,Recruit,S5,T2
12/2/23,955,Adult,S5,T2
12/2/23,956,Recruit,S5,T2
12/2/23,957,Recruit,S5,T2
12/2/23,958,Adult,S5,T2
12/2/23,959,Recruit,S5,T2
12/2/23,960,Adult,S5,T2
12/2/23,961,Recruit,S5,T2
12/2/23,962,Recruit,S5,T2
12/2/23,963,Recruit,S5,T2
12/2/23,964,Recruit,S5,T2
12/2/23,965,Recruit,S5,T2
12/2/23,966,Adult,S5,T2
12/2/23,967,Recruit,S5,T2
12/2/23,968,Recruit,S5,T2
12/2/23,969,Recruit,S5,T2
12/2/23,970,Adult,S5,T2
12/2/23,971,Adult,S5,T2
12/2/23,972,Adult,S5,T2
12/2/23,973,Recruit,S5,T2
12/2/23,974,Recruit,S5,T2
12/2/23,975,Recruit,S5,T2
12/2/23,976,NA,S5,T2
12/2/23,977,Recruit,S5,T2
12/2/23,978,Adult,S5,T2
12/2/23,980,Adult,S5,T2
12/2/23,981,Recruit,S5,T2
12/2/23,982,Recruit,S5,T2
12/2/23,983,Recruit,S5,T2
12/2/23,984,Recruit,S5,T2
12/2/23,985,Recruit,S5,T2
12/2/23,986,Recruit,S5,T2
12/2/23,987,Adult,S5,T2
12/2/23,988,Recruit,S5,T2
12/2/23,989,Recruit,S5,T2
12/2/23,990,Adult,S5,T2
12/2/23,991,Recruit,S5,T2
12/2/23,992,Recruit,S5,T2
12/2/23,993,Adult,S5,T2
12/2/23,994,Adult,S5,T2
12/2/23,995,Adult,S5,T2
12/2/23,996,Adult,S5,T2
12/2/23,997,Recruit,S5,T2
12/2/23,998,Adult,S5,T2
12/2/23,999,Adult,S5,T2
12/2/23,1000,Adult,S5,T2
12/2/23,1001,Recruit,S5,T2
12/2/23,1002,Recruit,S5,T2
12/2/23,1003,Recruit,S5,T2
12/2/23,1004,Recruit,S5,T2
12/2/23,1005,Recruit,S5,T2
12/2/23,1006,Recruit,S5,T2
12/2/23,1007,Recruit,S5,T2
12/2/23,1008,Adult,S5,T2
12/2/23,1009,Recruit,S5,T2
12/2/23,1010,Recruit,S5,T2
12/2/23,1011,Recruit,S5,T2
12/2/23,1012,Adult,S5,T2
12/2/23,1013,Adult,S5,T2
12/2/23,1014,Recruit,S5,T2
12/2/23,1015,Adult,S5,T2
12/2/23,1016,Adult,S5,T2
12/2/23,1017,Adult,S5,T2
12/2/23,1018,Adult,S5,T2
12/2/23,1019,Recruit,S5,T2
12/2/23,1020,Recruit,S5,T2
12/2/23,1021,Recruit,S5,T2
12/2/23,1022,Adult,S5,T2
12/2/23,1023,Recruit,S5,T2
12/2/23,1024,Recruit,S5,T2
12/2/23,1025,Adult,S5,T2
12/2/23,1026,Recruit,S5,T2
12/2/23,1027,Recruit,S5,T2
12/2/23,1028,Adult,S5,T2
12/2/23,1029,Recruit,S5,T2
12/2/23,1030,Recruit,S5,T2
12/2/23,1031,Recruit,S5,T2
12/2/23,1032,Adult,S5,T2
12/2/23,1033,Recruit,S5,T2
12/2/23,1034,Recruit,S5,T2
12/2/23,1035,Adult,S5,T2
12/2/23,1036,Adult,S5,T2
12/2/23,1037,Adult,S5,T2
12/2/23,1038,Recruit,S5,T2
12/2/23,1039,Recruit,S5,T2
12/2/23,1040,Recruit,S5,T2
12/2/23,1041,Adult,S5,T2
12/2/23,1042,Recruit,S5,T2
12/2/23,1043,Recruit,S5,T2
12/2/23,1044,Adult,S5,T2
12/2/23,1045,Recruit,S5,T2
12/2/23,1046,Adult,S5,T2
12/2/23,1047,Recruit,S5,T2
12/2/23,1048,Recruit,S5,T2
12/2/23,1049,Recruit,S5,T2
12/2/23,1050,Recruit,S5,T2
12/2/23,1052,Recruit,S5,T2
12/2/23,1053,Adult,S5,T2
12/2/23,1054,Recruit,S5,T2
12/2/23,1055,Recruit,S5,T2
12/2/23,1088,Recruit,S5,T2
12/2/23,1089,Recruit,S5,T2
12/2/23,1090,Recruit,S5,T2
12/2/23,1091,Recruit,S5,T2
12/2/23,1092,Recruit,S5,T2
12/2/23,1093,Recruit,S5,T2
12/2/23,1094,Recruit,S5,T2
12/2/23,1095,Recruit,S5,T2
12/2/23,1096,Adult,S5,T2
12/2/23,1097,Recruit,S5,T2
12/2/23,1098,Adult,S5,T2
12/2/23,1099,Recruit,S5,T2
12/2/23,1100,Recruit,S5,T2
12/2/23,1101,Adult,S5,T2
12/2/23,1102,Recruit,S5,T2
12/2/23,1103,Adult,S5,T2
12/2/23,1104,Adult,S5,T2
12/2/23,1105,Recruit,S5,T2
12/2/23,1106,Recruit,S5,T2
12/2/23,1107,Recruit,S5,T2
12/2/23,1108,Adult,S5,T2
12/2/23,1161,Recruit,S5,T2
12/2/23,1162,Adult,S5,T2
12/2/23,1163,Recruit,S5,T2
12/2/23,1164,Recruit,S5,T2
12/2/23,1165,Adult,S5,T2
12/2/23,1166,Adult,S5,T2
12/2/23,1167,Adult,S5,T2
12/2/23,1168,Adult,S5,T2
12/2/23,1169,Recruit,S5,T2
12/2/23,1170,Recruit,S5,T2
12/2/23,1171,Adult,S5,T2
12/2/23,1172,Recruit,S5,T2
12/2/23,1173,Adult,S5,T2
12/2/23,1174,Adult,S5,T2
12/2/23,1175,Recruit,S5,T2
12/2/23,1176,Recruit,S5,T2
12/2/23,1177,Recruit,S5,T2
12/2/23,1178,Adult,S5,T2
12/2/23,1179,Adult,S5,T2
12/2/23,1180,Recruit,S5,T2
12/2/23,1181,Adult,S5,T2
12/2/23,1182,Recruit,S5,T2
15/02/2023,929,Recruit,S5,T3
15/02/2023,930,Adult,S5,T3
15/02/2023,931,Adult,S5,T3
15/02/2023,932,Recruit,S5,T3
15/02/2023,933,Recruit,S5,T3
15/02/2023,934,Recruit,S5,T3
15/02/2023,936,Recruit,S5,T3
15/02/2023,937,Recruit,S5,T3
15/02/2023,938,Recruit,S5,T3
15/02/2023,939,Recruit,S5,T3
15/02/2023,940,Recruit,S5,T3
15/02/2023,941,Adult,S5,T3
15/02/2023,942,Adult,S5,T3
15/02/2023,943,Adult,S5,T3
15/02/2023,944,Recruit,S5,T3
15/02/2023,945,Recruit,S5,T3
15/02/2023,946,Adult,S5,T3
15/02/2023,947,Recruit,S5,T3
15/02/2023,948,Recruit,S5,T3
15/02/2023,949,Recruit,S5,T3
15/02/2023,950,Recruit,S5,T3
15/02/2023,951,Recruit,S5,T3
15/02/2023,952,Recruit,S5,T3
15/02/2023,953,Recruit,S5,T3
15/02/2023,954,Recruit,S5,T3
15/02/2023,1047,Recruit,S5,T3
15/02/2023,1051,Adult,S5,T3
15/02/2023,1056,Adult,S5,T3
15/02/2023,1057,Recruit,S5,T3
15/02/2023,1058,Adult,S5,T3
15/02/2023,1059,Recruit,S5,T3
15/02/2023,1060,Adult,S5,T3
15/02/2023,1061,Recruit,S5,T3
15/02/2023,1062,Adult,S5,T3
15/02/2023,1063,Recruit,S5,T3
15/02/2023,1064,Adult,S5,T3
15/02/2023,1065,Adult,S5,T3
15/02/2023,1066,Recruit,S5,T3
15/02/2023,1067,Recruit,S5,T3
15/02/2023,1068,Recruit,S5,T3
15/02/2023,1069,Recruit,S5,T3
15/02/2023,1070,Recruit,S5,T3
15/02/2023,1071,Recruit,S5,T3
15/02/2023,1072,Adult,S5,T3
15/02/2023,1073,Adult,S5,T3
15/02/2023,1074,Recruit,S5,T3
15/02/2023,1075,Recruit,S5,T3
15/02/2023,1076,Recruit,S5,T3
15/02/2023,1077,Recruit,S5,T3
15/02/2023,1078,Recruit,S5,T3
15/02/2023,1079,Recruit,S5,T3
15/02/2023,1080,Recruit,S5,T3
15/02/2023,1081,Recruit,S5,T3
15/02/2023,1082,Recruit,S5,T3
15/02/2023,1083,Recruit,S5,T3
15/02/2023,1084,Recruit,S5,T3
15/02/2023,1085,Recruit,S5,T3
15/02/2023,1086,Recruit,S5,T3
15/02/2023,1087,Recruit,S5,T3
15/02/2023,1109,Recruit,S5,T3
15/02/2023,1110,Recruit,S5,T3
15/02/2023,1111,Recruit,S5,T3
15/02/2023,1112,Adult,S5,T3
15/02/2023,1113,Recruit,S5,T3
15/02/2023,1114,Recruit,S5,T3
15/02/2023,1115,Recruit,S5,T3
15/02/2023,1116,Recruit,S5,T3
15/02/2023,1117,Recruit,S5,T3
15/02/2023,1118,Recruit,S5,T3
15/02/2023,1119,Recruit,S5,T3
15/02/2023,1120,Recruit,S5,T3
15/02/2023,1121,Adult,S5,T3
15/02/2023,1122,Recruit,S5,T3
15/02/2023,1123,Recruit,S5,T3
15/02/2023,1124,NA,S5,T3
15/02/2023,1125,Adult,S5,T3
15/02/2023,1126,Adult,S5,T3
15/02/2023,1127,Recruit,S5,T3
15/02/2023,1128,Adult,S5,T3
15/02/2023,1129,Recruit,S5,T3
15/02/2023,1130,Adult,S5,T3
15/02/2023,1131,Adult,S5,T3
15/02/2023,1132,Recruit,S5,T3
15/02/2023,1134,Recruit,S5,T3
15/02/2023,1135,Recruit,S5,T3
15/02/2023,1136,Recruit,S5,T3
15/02/2023,1137,Recruit,S5,T3
15/02/2023,1138,Adult,S5,T3
15/02/2023,1139,Adult,S5,T3
15/02/2023,1140,Recruit,S5,T3
15/02/2023,1141,Recruit,S5,T3
15/02/2023,1142,Recruit,S5,T3
15/02/2023,1143,Recruit,S5,T3
15/02/2023,1144,Recruit,S5,T3
15/02/2023,1145,Recruit,S5,T3
15/02/2023,1146,Recruit,S5,T3
15/02/2023,1147,Recruit,S5,T3
15/02/2023,1153,Adult,S5,T3
15/02/2023,1156,Recruit,S5,T3
15/02/2023,1158,Recruit,S5,T3
15/02/2023,1159,Recruit,S5,T3
15/02/2023,1160,Adult,S5,T3
16/02/2023,1148,Recruit,S5,T4
16/02/2023,1149,Recruit,S5,T4
16/02/2023,1150,Recruit,S5,T4
16/02/2023,1151,Recruit,S5,T4
16/02/2023,1152,Recruit,S5,T4
16/02/2023,1154,Recruit,S5,T4
16/02/2023,1155,Recruit,S5,T4
16/02/2023,1157,Recruit,S5,T4
16/02/2023,1183,Recruit,S5,T4
16/02/2023,1184,Recruit,S5,T4
16/02/2023,1185,Recruit,S5,T4
16/02/2023,1186,Recruit,S5,T4
16/02/2023,1187,Recruit,S5,T4
16/02/2023,1188,Adult,S5,T4
16/02/2023,1189,Recruit,S5,T4
16/02/2023,1190,Recruit,S5,T4
16/02/2023,1191,Adult,S5,T4
16/02/2023,1192,Recruit,S5,T4
16/02/2023,1193,Recruit,S5,T4
16/02/2023,1194,Recruit,S5,T4
16/02/2023,1195,Recruit,S5,T4
16/02/2023,1196,Recruit,S5,T4
16/02/2023,1197,Recruit,S5,T4
16/02/2023,1198,Recruit,S5,T4
16/02/2023,1199,Recruit,S5,T4
16/02/2023,1200,Recruit,S5,T4
16/02/2023,1201,Adult,S5,T4
16/02/2023,1202,Recruit,S5,T4
16/02/2023,1203,Recruit,S5,T4
16/02/2023,1204,NA,S5,T4
16/02/2023,1205,Recruit,S5,T4
16/02/2023,1206,Recruit,S5,T4
16/02/2023,1207,Recruit,S5,T4
16/02/2023,1208,Recruit,S5,T4
16/02/2023,1209,Recruit,S5,T4
16/02/2023,1210,Recruit,S5,T4
16/02/2023,1211,Adult,S5,T4
16/02/2023,1212,Adult,S5,T4
16/02/2023,1213,Adult,S5,T4
16/02/2023,1214,Adult,S5,T4
16/02/2023,1215,Recruit,S5,T4
16/02/2023,1216,Recruit,S5,T4
16/02/2023,1217,Recruit,S5,T4
16/02/2023,1218,Recruit,S5,T4
16/02/2023,1219,Recruit,S5,T4
16/02/2023,1220,Recruit,S5,T4
16/02/2023,1221,Recruit,S5,T4
16/02/2023,1222,Recruit,S5,T4
16/02/2023,1223,Recruit,S5,T4
16/02/2023,1224,Recruit,S5,T4
16/02/2023,1225,Recruit,S5,T4
16/02/2023,1226,Recruit,S5,T4
16/02/2023,1227,Recruit,S5,T4
16/02/2023,1228,Recruit,S5,T4
16/02/2023,1229,Recruit,S5,T4
16/02/2023,1230,Recruit,S5,T4
16/02/2023,1261,Recruit,S5,T4
16/02/2023,1262,Recruit,S5,T4
16/02/2023,1263,Recruit,S5,T4
16/02/2023,1264,Recruit,S5,T4
16/02/2023,1265,Recruit,S5,T4
16/02/2023,1266,Recruit,S5,T4
16/02/2023,1267,Recruit,S5,T4
9/3/23,1294,Adult,S5,T5
9/3/23,1295,Adult,S5,T5
9/3/23,1296,Adult,S5,T5
9/3/23,1297,Recruit,S5,T5
9/3/23,1298,Recruit,S5,T5
9/3/23,1299,Recruit,S5,T5
9/3/23,1300,Recruit,S5,T5
9/3/23,1301,Adult,S5,T5
9/3/23,1302,Adult,S5,T5
9/3/23,1303,Adult,S5,T5
9/3/23,1316,Adult,S5,T5
9/3/23,1326,Recruit,S5,T5
9/3/23,1327,Adult,S5,T5
9/3/23,1328,Adult,S5,T5
9/3/23,1329,Recruit,S5,T5
9/3/23,1330,Adult,S5,T5
9/3/23,1331,Recruit,S5,T5
9/3/23,1332,Recruit,S5,T5
9/3/23,1333,Adult,S5,T5
9/3/23,1334,NA,S5,T5
9/3/23,1335,Recruit,S5,T5
9/3/23,1336,Adult,S5,T5
9/3/23,1337,Recruit,S5,T5
9/3/23,1338,Recruit,S5,T5
9/3/23,1339,Recruit,S5,T5
9/3/23,1340,Recruit,S5,T5
9/3/23,1341,Recruit,S5,T5
9/3/23,1342,Recruit,S5,T5
9/3/23,1343,Recruit,S5,T5
9/3/23,1344,Adult,S5,T5
9/3/23,1345,Recruit,S5,T5
9/3/23,1346,Recruit,S5,T5
18/03/2023,1360,NA,S5,T6
18/03/2023,1361,Recruit,S5,T6
18/03/2023,1362,Recruit,S5,T6
18/03/2023,1363,Adult,S5,T6
18/03/2023,1364,Recruit,S5,T6
18/03/2023,1365,Recruit,S5,T6
18/03/2023,1366,Recruit,S5,T6
18/03/2023,1367,Recruit,S5,T6
18/03/2023,1368,Adult,S5,T6
18/03/2023,1369,Recruit,S5,T6
18/03/2023,1370,Recruit,S5,T6
18/03/2023,1371,Recruit,S5,T6
18/03/2023,1372,Recruit,S5,T6
18/03/2023,1373,Recruit,S5,T6
18/03/2023,1374,Recruit,S5,T6
18/03/2023,1375,Recruit,S5,T6
18/03/2023,1376,Recruit,S5,T6
18/03/2023,1377,Recruit,S5,T6
18/03/2023,1378,Recruit,S5,T6
18/03/2023,1379,Recruit,S5,T6
18/03/2023,1380,Recruit,S5,T6
18/03/2023,1381,Adult,S5,T6
18/03/2023,1382,Adult,S5,T6
18/03/2023,1383,Adult,S5,T6
18/03/2023,1454,Adult,S5,T6
18/03/2023,1455,Recruit,S5,T6
18/03/2023,1456,Adult,S5,T6
18/03/2023,1457,Adult,S5,T6
18/03/2023,1458,Recruit,S5,T6
18/03/2023,1462,Recruit,S5,T6
18/03/2023,1463,Recruit,S5,T6
18/03/2023,1464,Recruit,S5,T6
18/03/2023,1465,Recruit,S5,T6
18/03/2023,1466,Recruit,S5,T6
18/03/2023,1467,Adult,S5,T6
18/03/2023,1468,Recruit,S5,T6
18/03/2023,1469,Recruit,S5,T6
18/03/2023,1470,Recruit,S5,T6
18/03/2023,1471,Recruit,S5,T6
18/03/2023,1472,Adult,S5,T6
18/03/2023,1473,Recruit,S5,T6
18/03/2023,1474,Recruit,S5,T6
18/03/2023,1475,Recruit,S5,T6
18/03/2023,1476,Adult,S5,T6
18/03/2023,1477,Recruit,S5,T6
18/03/2023,1478,Recruit,S5,T6
18/03/2023,1479,Recruit,S5,T6
18/03/2023,1480,Recruit,S5,T6
18/03/2023,1481,Recruit,S5,T6
18/03/2023,1482,Recruit,S5,T6
18/03/2023,1483,Adult,S5,T6
18/03/2023,1484,Adult,S5,T6
18/03/2023,1485,Recruit,S5,T6
18/03/2023,1486,Recruit,S5,T6
18/03/2023,1487,Recruit,S5,T6
18/03/2023,1488,Recruit,S5,T6
18/03/2023,1489,Recruit,S5,T6
18/03/2023,1490,Recruit,S5,T6
18/03/2023,1491,Recruit,S5,T6
18/03/2023,1492,Recruit,S5,T6
18/03/2023,1493,Recruit,S5,T6
18/03/2023,1494,Recruit,S5,T6
18/03/2023,1498,Recruit,S5,T6
18/03/2023,1499,Recruit,S5,T6
18/03/2023,1500,Recruit,S5,T6
18/03/2023,1501,Recruit,S5,T6
18/03/2023,1502,Adult,S5,T6
18/03/2023,1503,Recruit,S5,T6
18/03/2023,1522,Adult,S5,T6
18/03/2023,1523,Adult,S5,T6
18/03/2023,1524,Adult,S5,T6
18/03/2023,1525,Recruit,S5,T6
18/03/2023,1526,Adult,S5,T6
18/03/2023,1527,Recruit,S5,T6
18/03/2023,1528,Recruit,S5,T6
18/03/2023,1529,Recruit,S5,T6
18/03/2023,1530,Adult,S5,T6
18/03/2023,1531,Adult,S5,T6
18/03/2023,1532,Adult,S5,T6
18/03/2023,1533,Adult,S5,T6
18/03/2023,1534,Adult,S5,T6
18/03/2023,1535,Recruit,S5,T6
18/03/2023,1536,Recruit,S5,T6
18/03/2023,1537,Recruit,S5,T6
18/03/2023,1538,Adult,S5,T6
18/03/2023,1539,Adult,S5,T6
18/03/2023,1540,Adult,S5,T6
18/03/2023,1591,Recruit,S5,T6
23/02/2024,2963,,S6,T1
23/02/2024,2964,,S6,T1
23/02/2024,2965,,S6,T1
23/02/2024,2966,,S6,T1
23/02/2024,2968,,S6,T1
23/02/2024,2969,,S6,T1
23/02/2024,2970,,S6,T1
23/02/2024,2973,,S6,T1
23/02/2024,2975,,S6,T1
23/02/2024,2976,,S6,T1
23/02/2024,2977,,S6,T1
23/02/2024,3000,,S6,T1
23/02/2024,3001,,S6,T1
23/02/2024,3002,,S6,T1
23/02/2024,3003,,S6,T1
23/02/2024,3004,,S6,T1
23/02/2024,3005,,S6,T1
23/02/2024,3006,,S6,T1
23/02/2024,3007,,S6,T1
23/02/2024,3008,,S6,T1
23/02/2024,3009,,S6,T1
23/02/2024,3010,,S6,T1
23/02/2024,3011,,S6,T1
23/02/2024,3012,,S6,T1
23/02/2024,3013,,S6,T1
23/02/2024,3014,,S6,T1
23/02/2024,3015,,S6,T1
23/02/2024,3017,,S6,T1
23/02/2024,3018,,S6,T1
23/02/2024,3019,,S6,T1
23/02/2024,3020,,S6,T1
23/02/2024,3021,,S6,T1
23/02/2024,3022,,S6,T1
23/02/2024,3023,,S6,T1
23/02/2024,3024,,S6,T1
23/02/2024,3025,,S6,T1
23/02/2024,3026,,S6,T1
23/02/2024,3027,,S6,T1
23/02/2024,3028,,S6,T1
23/02/2024,3029,,S6,T1
23/02/2024,3030,,S6,T1
23/02/2024,3031,,S6,T1
23/02/2024,3032,,S6,T1
23/02/2024,3033,,S6,T1
23/02/2024,3034,,S6,T1
23/02/2024,3035,,S6,T1
23/02/2024,3036,,S6,T1
23/02/2024,3037,,S6,T1
23/02/2024,3038,,S6,T1
23/02/2024,3039,,S6,T1
23/02/2024,3040,,S6,T1
23/02/2024,3041,,S6,T1
23/02/2024,3042,,S6,T1
23/02/2024,3043,,S6,T1
23/02/2024,3044,,S6,T1
23/02/2024,3045,,S6,T1
23/02/2024,3046,,S6,T1
23/02/2024,3047,,S6,T1
23/02/2024,3048,,S6,T1
23/02/2024,3049,,S6,T1
23/02/2024,3050,,S6,T1
23/02/2024,3051,,S6,T1
23/02/2024,3052,,S6,T1
23/02/2024,3053,,S6,T1
23/02/2024,3054,,S6,T1
23/02/2024,3055,,S6,T1
23/02/2024,3056,,S6,T1
23/02/2024,3057,,S6,T1
23/02/2024,3058,,S6,T1
23/02/2024,3059,,S6,T1
23/02/2024,3060,,S6,T1
23/02/2024,3061,,S6,T1
23/02/2024,3062,,S6,T1
23/02/2024,3063,,S6,T1
23/02/2024,3064,,S6,T1
23/02/2024,3065,,S6,T1
23/02/2024,3066,,S6,T1
23/02/2024,3067,,S6,T1
23/02/2024,3068,,S6,T1
23/02/2024,3069,,S6,T1
23/02/2024,3070,,S6,T1
23/02/2024,3071,,S6,T1
23/02/2024,3072,,S6,T1
23/02/2024,3073,,S6,T1
23/02/2024,3074,,S6,T1
23/02/2024,3075,,S6,T1
23/02/2024,3140,,S6,T1
24/02/2024,3076,,S6,T2
24/02/2024,3077,,S6,T2
24/02/2024,3078,,S6,T2
24/02/2024,3079,,S6,T2
24/02/2024,3080,,S6,T2
24/02/2024,3081,,S6,T2
24/02/2024,3082,,S6,T2
24/02/2024,3083,,S6,T2
24/02/2024,3084,,S6,T2
24/02/2024,3085,,S6,T2
24/02/2024,3086,,S6,T2
24/02/2024,3087,,S6,T2
24/02/2024,3088,,S6,T2
24/02/2024,3089,,S6,T2
24/02/2024,3090,,S6,T2
24/02/2024,3091,,S6,T2
24/02/2024,3092,,S6,T2
24/02/2024,3094,,S6,T2
24/02/2024,3095,,S6,T2
24/02/2024,3096,,S6,T2
24/02/2024,3097,,S6,T2
24/02/2024,3098,,S6,T2
24/02/2024,3099,,S6,T2
24/02/2024,3100,,S6,T2
24/02/2024,3101,,S6,T2
24/02/2024,3102,,S6,T2
24/02/2024,3103,,S6,T2
24/02/2024,3104,,S6,T2
24/02/2024,3105,,S6,T2
24/02/2024,3106,,S6,T2
24/02/2024,3107,,S6,T2
24/02/2024,3108,,S6,T2
24/02/2024,3109,,S6,T2
24/02/2024,3110,,S6,T2
24/02/2024,3111,,S6,T2
24/02/2024,3112,,S6,T2
24/02/2024,3113,,S6,T2
24/02/2024,3114,,S6,T2
24/02/2024,3115,,S6,T2
24/02/2024,3116,,S6,T2
24/02/2024,3117,,S6,T2
24/02/2024,3118,,S6,T2
24/02/2024,3119,,S6,T2
24/02/2024,3120,,S6,T2
24/02/2024,3121,,S6,T2
24/02/2024,3122,,S6,T2
24/02/2024,3123,,S6,T2
24/02/2024,3124,,S6,T2
24/02/2024,3125,,S6,T2
24/02/2024,3126,,S6,T2
24/02/2024,3127,,S6,T2
24/02/2024,3128,,S6,T2
24/02/2024,3129,,S6,T2
24/02/2024,3130,,S6,T2
24/02/2024,3131,,S6,T2
24/02/2024,3132,,S6,T2
24/02/2024,3133,,S6,T2
24/02/2024,3134,,S6,T2
24/02/2024,3135,,S6,T2
24/02/2024,3136,,S6,T2
24/02/2024,3137,,S6,T2
24/02/2024,3138,,S6,T2
24/02/2024,3139,,S6,T2
24/02/2024,3141,,S6,T2
24/02/2024,3142,,S6,T2
24/02/2024,3143,,S6,T2
24/02/2024,3144,,S6,T2
24/02/2024,3145,,S6,T2
24/02/2024,3146,,S6,T2
24/02/2024,3147,,S6,T2
24/02/2024,3148,,S6,T2
24/02/2024,3149,,S6,T2
24/02/2024,3167,,S6,T2
24/02/2024,3171,,S6,T2
25/02/2024,3150,,S6,T3
25/02/2024,3151,,S6,T3
25/02/2024,3152,,S6,T3
25/02/2024,3153,,S6,T3
25/02/2024,3154,,S6,T3
25/02/2024,3155,,S6,T3
25/02/2024,3156,,S6,T3
25/02/2024,3157,,S6,T3
25/02/2024,3158,,S6,T3
25/02/2024,3159,,S6,T3
25/02/2024,3160,,S6,T3
25/02/2024,3161,,S6,T3
25/02/2024,3162,,S6,T3
25/02/2024,3163,,S6,T3
25/02/2024,3164,,S6,T3
25/02/2024,3165,,S6,T3
25/02/2024,3166,,S6,T3
25/02/2024,3168,,S6,T3
25/02/2024,3169,,S6,T3
25/02/2024,3170,,S6,T3
25/02/2024,3172,,S6,T3
25/02/2024,3173,,S6,T3
25/02/2024,3174,,S6,T3
25/02/2024,3175,,S6,T3
25/02/2024,3176,,S6,T3
25/02/2024,3177,,S6,T3
25/02/2024,3178,,S6,T3
25/02/2024,3179,,S6,T3
25/02/2024,3180,,S6,T3
25/02/2024,3181,,S6,T3
25/02/2024,3182,,S6,T3
25/02/2024,3183,,S6,T3
25/02/2024,3184,,S6,T3
25/02/2024,3185,,S6,T3
25/02/2024,3186,,S6,T3
25/02/2024,3187,,S6,T3
25/02/2024,3188,,S6,T3
25/02/2024,3189,,S6,T3
25/02/2024,3190,,S6,T3
25/02/2024,3191,,S6,T3
25/02/2024,3192,,S6,T3
25/02/2024,3193,,S6,T3
25/02/2024,3194,,S6,T3
25/02/2024,3195,,S6,T3
25/02/2024,3196,,S6,T3
25/02/2024,3197,,S6,T3
25/02/2024,3198,,S6,T3
25/02/2024,3199,,S6,T3
25/02/2024,3200,,S6,T3
25/02/2024,3201,,S6,T3
25/02/2024,3202,,S6,T3
25/02/2024,3203,,S6,T3
25/02/2024,3204,,S6,T3
25/02/2024,3205,,S6,T3
25/02/2024,3206,,S6,T3
25/02/2024,3207,,S6,T3
25/02/2024,3208,,S6,T3
25/02/2024,3209,,S6,T3
25/02/2024,3210,,S6,T3
25/02/2024,3211,,S6,T3
25/02/2024,3212,,S6,T3
25/02/2024,3213,,S6,T3
25/02/2024,3214,,S6,T3
25/02/2024,3215,,S6,T3
25/02/2024,3216,,S6,T3
25/02/2024,3217,,S6,T3
25/02/2024,3218,,S6,T3
25/02/2024,3219,,S6,T3
25/02/2024,3220,,S6,T3
25/02/2024,3221,,S6,T3
25/02/2024,3222,,S6,T3
25/02/2024,3223,,S6,T3
25/02/2024,3224,,S6,T3
25/02/2024,3224,,S6,T3
25/02/2024,3225,,S6,T3
25/02/2024,3226,,S6,T3
25/02/2024,3227,,S6,T3
25/02/2024,3228,,S6,T3
25/02/2024,3230,,S6,T3
22/12/2023,2822,Recruit,S9,T1
22/12/2023,2823,Recruit,S9,T1
22/12/2023,2824,Recruit,S9,T1
22/12/2023,2825,Recruit,S9,T1
22/12/2023,2826,Adult,S9,T1
22/12/2023,2827,Adult,S9,T1
22/12/2023,2828,Adult,S9,T1
22/12/2023,2829,Recruit,S9,T1
22/12/2023,2830,Recruit,S9,T1
22/12/2023,2836,Recruit,S9,T1
22/12/2023,2837,Recruit,S9,T1
22/12/2023,2838,Recruit,S9,T1
22/12/2023,2839,Recruit,S9,T1
22/12/2023,2840,Recruit,S9,T1
22/12/2023,2841,Adult,S9,T1
22/12/2023,2842,Recruit,S9,T1
22/12/2023,2843,Recruit,S9,T1
22/12/2023,2844,Recruit,S9,T1
22/12/2023,2845,Recruit,S9,T1
22/12/2023,2846,Recruit,S9,T1
22/12/2023,2847,Recruit,S9,T1
22/12/2023,2848,Recruit,S9,T1
22/12/2023,2849,Recruit,S9,T1
22/12/2023,2850,Adult,S9,T1
22/12/2023,2851,Recruit,S9,T1
22/12/2023,2852,Recruit,S9,T1
22/12/2023,2853,Recruit,S9,T1
22/12/2023,2854,Adult,S9,T1
22/12/2023,2855,Recruit,S9,T1
22/12/2023,2856,Recruit,S9,T1
22/12/2023,2857,Recruit,S9,T1
22/12/2023,2858,Recruit,S9,T1
22/12/2023,2859,Recruit,S9,T1
22/12/2023,2860,Recruit,S9,T1
22/12/2023,2861,Recruit,S9,T1
22/12/2023,2862,Recruit,S9,T1
22/12/2023,2863,Recruit,S9,T1
22/12/2023,2864,Recruit,S9,T1
22/12/2023,2865,Recruit,S9,T1
22/12/2023,2866,Recruit,S9,T1
22/12/2023,2867,Recruit,S9,T1
22/12/2023,2868,Recruit,S9,T1
22/12/2023,2869,Recruit,S9,T1
22/12/2023,2870,Recruit,S9,T1
22/12/2023,2871,Adult,S9,T1
22/12/2023,2872,Adult,S9,T1
22/12/2023,2873,Adult,S9,T1
22/12/2023,2874,Recruit,S9,T1
22/12/2023,2875,Adult,S9,T1
22/12/2023,2876,Adult,S9,T1
22/12/2023,2877,Recruit,S9,T1
22/12/2023,2878,Recruit,S9,T1
22/12/2023,2879,Recruit,S9,T1
22/12/2023,2880,Recruit,S9,T1
22/12/2023,2881,Recruit,S9,T1
22/12/2023,2882,Recruit,S9,T1
22/12/2023,2883,Recruit,S9,T1
22/12/2023,2884,Recruit,S9,T1
22/12/2023,2885,Recruit,S9,T1
22/12/2023,2886,Adult,S9,T1
22/12/2023,2887,Recruit,S9,T1
22/12/2023,2888,Recruit,S9,T1
22/12/2023,2889,Recruit,S9,T1
22/12/2023,2890,Recruit,S9,T1
22/12/2023,2891,Recruit,S9,T1
22/12/2023,2892,Recruit,S9,T1
22/12/2023,2893,Adult,S9,T1
22/12/2023,2894,Recruit,S9,T1
22/12/2023,2895,Recruit,S9,T1
22/12/2023,2896,Recruit,S9,T1
22/12/2023,2897,Adult,S9,T1
22/12/2023,2898,Recruit,S9,T1
22/12/2023,2899,Recruit,S9,T1
22/12/2023,2900,Recruit,S9,T1
22/12/2023,2901,Recruit,S9,T1
22/12/2023,2902,Recruit,S9,T1
22/12/2023,2903,Recruit,S9,T1
22/12/2023,2904,Recruit,S9,T1
22/12/2023,2905,Adult,S9,T1
22/12/2023,2906,Recruit,S9,T1
22/12/2023,2907,Recruit,S9,T1
22/12/2023,2908,Adult,S9,T1
22/12/2023,2909,Recruit,S9,T1
22/12/2023,2910,Recruit,S9,T1
22/12/2023,2936,Recruit,S9,T1
24/12/2023,2456,Recruit,S9,T2
24/12/2023,2457,Adult,S9,T2
24/12/2023,2458,Recruit,S9,T2
24/12/2023,2459,,S9,T2
24/12/2023,2461,Recruit,S9,T2
24/12/2023,2462,Recruit,S9,T2
24/12/2023,2463,Recruit,S9,T2
24/12/2023,2464,Recruit,S9,T2
24/12/2023,2465,Recruit,S9,T2
24/12/2023,2466,Recruit,S9,T2
24/12/2023,2467,Recruit,S9,T2
24/12/2023,2468,Recruit,S9,T2
24/12/2023,2469,Recruit,S9,T2
24/12/2023,2470,Recruit,S9,T2
24/12/2023,2471,Recruit,S9,T2
24/12/2023,2472,Recruit,S9,T2
24/12/2023,2473,Recruit,S9,T2
24/12/2023,2474,Recruit,S9,T2
24/12/2023,2475,Recruit,S9,T2
24/12/2023,2476,Recruit,S9,T2
24/12/2023,2477,Recruit,S9,T2
24/12/2023,2478,Recruit,S9,T2
24/12/2023,2479,Recruit,S9,T2
24/12/2023,2480,Recruit,S9,T2
24/12/2023,2481,Recruit,S9,T2
24/12/2023,2482,Recruit,S9,T2
24/12/2023,2483,Recruit,S9,T2
24/12/2023,2484,Recruit,S9,T2
24/12/2023,2485,Recruit,S9,T2
24/12/2023,2486,Recruit,S9,T2
24/12/2023,2487,Recruit,S9,T2
24/12/2023,2488,Recruit,S9,T2
24/12/2023,2489,Recruit,S9,T2
24/12/2023,2490,Recruit,S9,T2
24/12/2023,2491,Recruit,S9,T2
24/12/2023,2492,Recruit,S9,T2
24/12/2023,2493,Recruit,S9,T2
24/12/2023,2494,Recruit,S9,T2
24/12/2023,2495,Recruit,S9,T2
24/12/2023,2496,Recruit,S9,T2
24/12/2023,2497,Recruit,S9,T2
24/12/2023,2498,Recruit,S9,T2
24/12/2023,2499,Recruit,S9,T2
24/12/2023,2500,Recruit,S9,T2
24/12/2023,2501,Recruit,S9,T2
24/12/2023,2502,Recruit,S9,T2
24/12/2023,2506,Recruit,S9,T2
24/12/2023,2602,Recruit,S9,T2
24/12/2023,2603,Recruit,S9,T2
24/12/2023,2604,Recruit,S9,T2
24/12/2023,2605,Adult,S9,T2
24/12/2023,2606,Recruit,S9,T2
24/12/2023,2607,Recruit,S9,T2
24/12/2023,2608,Recruit,S9,T2
24/12/2023,2609,Recruit,S9,T2
24/12/2023,2610,Recruit,S9,T2
24/12/2023,2611,Recruit,S9,T2
24/12/2023,2612,Recruit,S9,T2
24/12/2023,2613,Recruit,S9,T2
24/12/2023,2614,Recruit,S9,T2
24/12/2023,2615,Recruit,S9,T2
24/12/2023,2616,Recruit,S9,T2
24/12/2023,2617,Recruit,S9,T2
24/12/2023,2618,Recruit,S9,T2
24/12/2023,2831,Recruit,S9,T2
24/12/2023,2832,Adult,S9,T2
24/12/2023,2833,Recruit,S9,T2
24/12/2023,2834,Recruit,S9,T2
24/12/2023,2855,Recruit,S9,T2
24/12/2023,2956,Recruit,S9,T2
24/12/2023,2957,Recruit,S9,T2
24/12/2023,2958,Recruit,S9,T2
24/12/2023,2959,Recruit,S9,T2
24/12/2023,2960,Recruit,S9,T2
24/12/2023,2961,Recruit,S9,T2
24/12/2023,2962,Recruit,S9,T2
24/12/2023,2967,Recruit,S9,T2
24/12/2023,2972,Adult,S9,T2
24/12/2023,2991,Recruit,S9,T2
24/12/2023,2992,Recruit,S9,T2
24/12/2023,2993,Recruit,S9,T2
24/12/2023,2994,Recruit,S9,T2
24/12/2023,2995,Recruit,S9,T2
24/12/2023,2996,Recruit,S9,T2
24/12/2023,2997,Recruit,S9,T2
24/12/2023,2998,Recruit,S9,T2
24/12/2023,2999,Recruit,S9,T2
22/02/2024,2971,,S9,T3
22/02/2024,2974,,S9,T3
22/02/2024,2978,,S9,T3
22/02/2024,2979,,S9,T3
22/02/2024,2980,,S9,T3
22/02/2024,2981,,S9,T3
22/02/2024,2982,,S9,T3
22/02/2024,2983,,S9,T3
22/02/2024,2984,,S9,T3
22/02/2024,2985,,S9,T3
22/02/2024,2986,,S9,T3
22/02/2024,2987,,S9,T3
22/02/2024,2988,,S9,T3
22/02/2024,3016,,S9,T3
29/02/2024,3236,,S9,T3
29/02/2024,3237,,S9,T3
29/02/2024,3241,,S9,T3
29/02/2024,3242,,S9,T3
29/02/2024,3243,,S9,T3
29/02/2024,3244,,S9,T3
29/02/2024,3245,,S9,T3
29/02/2024,3246,,S9,T3
29/02/2024,3247,,S9,T3
29/02/2024,3248,,S9,T3
29/02/2024,3249,,S9,T3
29/02/2024,3250,,S9,T3
29/02/2024,3251,,S9,T3
29/02/2024,3252,,S9,T3
29/02/2024,3293,,S9,T3
29/02/2024,3294,,S9,T3
29/02/2024,3295,,S9,T3
29/02/2024,3296,,S9,T3
29/02/2024,3297,,S9,T3
29/02/2024,3298,,S9,T3
29/02/2024,3299,,S9,T3
29/02/2024,3300,,S9,T3
29/02/2024,3301,,S9,T3
29/02/2024,3302,,S9,T3
29/02/2024,3303,,S9,T3
29/02/2024,3304,,S9,T3
29/02/2024,3305,,S9,T3
29/02/2024,3306,,S9,T3
29/02/2024,3307,,S9,T3
29/02/2024,3308,,S9,T3
29/02/2024,3309,,S9,T3
29/02/2024,3310,,S9,T3
29/02/2024,3311,,S9,T3
29/02/2024,3312,,S9,T3
29/02/2024,3313,,S9,T3
29/02/2024,3314,,S9,T3
29/02/2024,3315,,S9,T3
29/02/2024,3316,,S9,T3
29/02/2024,3317,,S9,T3
29/02/2024,3318,,S9,T3
29/02/2024,3319,,S9,T3
29/02/2024,3320,,S9,T3
29/02/2024,3321,,S9,T3
29/02/2024,3322,,S9,T3
29/02/2024,3323,,S9,T3
29/02/2024,3324,,S9,T3
29/02/2024,3325,,S9,T3
29/02/2024,3326,,S9,T3
29/02/2024,3327,,S9,T3
29/02/2024,3328,,S9,T3
29/02/2024,3329,,S9,T3
29/02/2024,3330,,S9,T3
29/02/2024,3331,,S9,T3
29/02/2024,3333,,S9,T3
29/02/2024,3336,,S9,T3
29/02/2024,3337,,S9,T3
29/02/2024,3338,,S9,T3
29/02/2024,3339,,S9,T3
29/02/2024,3340,,S9,T3
29/02/2024,3341,,S9,T3
29/02/2024,3342,,S9,T3
29/02/2024,3343,,S9,T3
29/02/2024,3344,,S9,T3
29/02/2024,3345,,S9,T3
29/02/2024,3346,,S9,T3
29/02/2024,3347,,S9,T3
29/02/2024,3348,,S9,T3
29/02/2024,3349,,S9,T3
29/02/2024,3350,,S9,T3